Customer ID,customer_segment,predicted_segment,max_posterior,confidence_category,prob_At Risk,prob_Champions,prob_Hibernating or Lost,prob_Loyal Customers,country,avg_unit_price,bulk_buy_ratio,avg_basket_size,product_diversity,weekend_ratio,tenure_days,return_rate
13275,At Risk,Loyal Customers,0.9035836186682284,high,0.04453395739295047,0.05187990704211831,2.5168967034916366e-06,0.9035836186682284,United Kingdom,2.1116,0.08,2.8,48,0.08,248,0.0
16313,Loyal Customers,At Risk,0.6554986189036304,moderate_review,0.6554986189036304,0.0008559073618387253,0.3207103571736455,0.022935116560885725,United Kingdom,3.098125,0.3125,10.3125,16,0.0,46,0.0
15895,At Risk,Hibernating or Lost,0.5589618482557781,moderate_review,0.43293025872396373,0.00016663743555497384,0.5589618482557781,0.007941255584703865,United Kingdom,1.9845454545454544,0.18181818181818182,8.545454545454545,11,0.0,0,0.0
16021,At Risk,Loyal Customers,0.4790925992139787,low_review,0.08857659440746476,0.4258076151533044,0.006523191225252925,0.4790925992139787,United Kingdom,2.4333793103448276,0.041379310344827586,2.0482758620689654,117,0.23448275862068965,149,0.0
13955,At Risk,Loyal Customers,0.892106178311767,high,0.025399777503498217,0.08249286391542666,1.18026930854379e-06,0.892106178311767,United Kingdom,2.9443678160919537,0.09195402298850575,3.1494252873563218,82,0.0,220,0.0
13586,Hibernating or Lost,At Risk,0.6790364749681377,moderate_review,0.6790364749681377,0.000322223680792007,0.2903048211314664,0.030336480219603876,United Kingdom,3.8590476190476193,0.047619047619047616,1.8571428571428572,20,0.0,0,0.0
14516,Hibernating or Lost,At Risk,0.6311892606008653,moderate_review,0.6311892606008653,0.003379884566646217,0.17840920893982906,0.18702164589265904,United Kingdom,2.8432432432432435,0.02702702702702703,1.837837837837838,35,1.0,0,0.0
12611,Loyal Customers,At Risk,0.5210834339991552,moderate_review,0.5210834339991552,0.034814197533848686,0.007989787661666853,0.4361125808053304,Other,2.675076923076923,0.5230769230769231,13.015384615384615,65,0.0,0,0.0
18212,At Risk,Loyal Customers,0.920203501270101,high,0.04943704780731941,0.03035758567727196,1.8652453083515614e-06,0.920203501270101,United Kingdom,3.546,0.05454545454545454,3.036363636363636,40,0.21818181818181817,351,0.0
14353,At Risk,Loyal Customers,0.8085505631578029,high,0.1436719170614599,0.04775096884979109,2.6550930945535776e-05,0.8085505631578029,United Kingdom,1.666,0.72,13.76,18,0.24,216,0.0
15692,At Risk,Hibernating or Lost,0.5750626267462317,moderate_review,0.41584047457730433,0.0002310166709255371,0.5750626267462317,0.008865882005538119,United Kingdom,1.9041666666666668,0.5833333333333334,11.5,12,0.0,0,0.0
17586,Hibernating or Lost,At Risk,0.5888990040447544,moderate_review,0.5888990040447544,0.0007004665889377673,0.39092178007691597,0.0194787492893925,United Kingdom,2.975,0.375,8.5,8,0.0,0,0.0
16551,Loyal Customers,Champions,0.8105379871062881,high,0.0002761361216916141,0.8105379871062881,2.7330145855191864e-08,0.189185849441874,United Kingdom,3.265340909090909,0.6363636363636364,23.59090909090909,67,0.17045454545454544,630,0.0
16375,At Risk,Hibernating or Lost,0.5589618482557781,moderate_review,0.43293025872396373,0.00016663743555497384,0.5589618482557781,0.007941255584703865,United Kingdom,1.7115384615384615,0.15384615384615385,5.6923076923076925,11,0.0,0,0.0
12768,Hibernating or Lost,At Risk,0.8965797219946804,high,0.8965797219946804,0.00264284778239813,0.044155573255943666,0.056621856966977434,Other,3.008,0.2,10.2,10,0.0,0,0.5
15807,Loyal Customers,Champions,0.813553925890134,high,0.0006931923703859397,0.813553925890134,1.2922528553824676e-07,0.18575275251419393,United Kingdom,2.6036363636363635,0.48863636363636365,17.40909090909091,85,0.0,615,0.16666666666666666
13129,At Risk,Hibernating or Lost,0.6625839037072621,moderate_review,0.3305777478583861,0.00021911515849650084,0.6625839037072621,0.006619233275855649,United Kingdom,1.86,0.6363636363636364,26.90909090909091,10,0.0,77,0.0
18164,Loyal Customers,At Risk,0.8657381856703236,high,0.8657381856703236,0.0019053176029381147,0.02202490860055428,0.11033158812618318,United Kingdom,4.207083333333333,0.20833333333333334,7.666666666666667,24,0.0,0,0.5
15407,Loyal Customers,Champions,0.5409613870919555,moderate_review,0.002122540569608256,0.5409613870919555,3.1595125888922653e-08,0.4569160407433109,United Kingdom,3.8966666666666665,0.0784313725490196,3.6470588235294117,142,0.8431372549019608,271,0.0
14061,At Risk,Loyal Customers,0.5445186017836483,moderate_review,0.43087568945414956,0.024513256769904904,9.245199229751012e-05,0.5445186017836483,United Kingdom,8.654736842105264,0.21052631578947367,7.0,17,0.0,230,0.0
13958,Loyal Customers,Champions,0.723500162087518,moderate_review,0.00030374664694187526,0.723500162087518,2.0527791108123193e-10,0.276196091060263,United Kingdom,4.151277533039647,0.3788546255506608,9.973568281938325,172,0.21585903083700442,354,0.3333333333333333
15377,Loyal Customers,At Risk,0.5615387263657337,moderate_review,0.5615387263657337,0.0004592763709928045,0.4232745500452161,0.014727447218057512,United Kingdom,4.907142857142857,0.5714285714285714,12.047619047619047,15,0.0,32,0.2
14645,At Risk,Loyal Customers,0.834887252573607,high,0.006391663083350034,0.15872107605531707,8.287726193056282e-09,0.834887252573607,United Kingdom,3.4189583333333338,0.4583333333333333,12.229166666666666,45,0.0,477,0.25
17794,At Risk,Hibernating or Lost,0.4959737363081736,low_review,0.4934150978143941,0.0002713328814897513,0.4959737363081736,0.010339832995941925,United Kingdom,4.421428571428572,0.42857142857142855,6.571428571428571,7,0.0,1,0.0
16317,Loyal Customers,Champions,0.7078234355232489,moderate_review,0.0015861475471768114,0.7078234355232489,4.555836330241885e-09,0.2905904123737376,United Kingdom,3.697179487179487,0.4444444444444444,10.564102564102564,103,0.0,465,0.16666666666666666
18154,Champions,Loyal Customers,0.8172136850955773,high,0.15810218580278315,0.024679287131816656,4.841969823373692e-06,0.8172136850955773,United Kingdom,2.2382978723404254,0.7021276595744681,13.319148936170214,34,0.10638297872340426,487,0.0
15797,Loyal Customers,Champions,0.6530029652793402,moderate_review,0.03515237281442761,0.6530029652793402,0.00011905109077391788,0.3117256108154588,United Kingdom,3.3383333333333334,0.9166666666666666,106.75,12,0.0,568,0.0
14863,At Risk,Hibernating or Lost,0.5750626267462317,moderate_review,0.41584047457730433,0.0002310166709255371,0.5750626267462317,0.008865882005538119,United Kingdom,2.020909090909091,1.0,12.0,11,0.0,0,0.0
13499,Champions,Loyal Customers,0.872381791674813,high,0.08486432832259647,0.04275292874122115,9.512613695666639e-07,0.872381791674813,United Kingdom,2.131666666666667,0.7380952380952381,32.5,31,0.0,252,0.2857142857142857
17912,Loyal Customers,At Risk,0.6313688337125513,moderate_review,0.6313688337125513,0.011968285484357815,0.08302634950656722,0.2736365312965235,United Kingdom,3.613653846153846,0.07692307692307693,4.153846153846154,48,0.0,65,0.14285714285714285
17197,Loyal Customers,At Risk,0.8607784496184314,high,0.8607784496184314,0.0007003392697516196,0.08671761548301503,0.05180359562880262,United Kingdom,5.508965517241379,0.13793103448275862,6.586206896551724,29,0.0,0,0.0
16542,At Risk,Loyal Customers,0.7202093779750905,moderate_review,0.21468225760160473,0.06507060200501558,3.7762418288322804e-05,0.7202093779750905,United Kingdom,2.5742857142857143,0.5714285714285714,10.142857142857142,13,0.0,347,0.0
13127,At Risk,Hibernating or Lost,0.5096815370698696,moderate_review,0.4719038661616053,0.0006860926362644742,0.5096815370698696,0.017728504132260323,United Kingdom,2.8853333333333335,0.4,8.466666666666667,15,0.0,0,0.0
13453,At Risk,Loyal Customers,0.8991779816537561,high,0.052951476166006484,0.04787034560240684,1.965778302663873e-07,0.8991779816537561,United Kingdom,3.7692500000000004,0.375,8.525,33,0.0,236,0.4
14799,At Risk,Loyal Customers,0.5230862632828671,moderate_review,0.02544759473280478,0.4514568251484072,9.316835920744268e-06,0.5230862632828671,United Kingdom,4.248260869565217,0.21739130434782608,21.52173913043478,20,0.0,686,0.0
14090,At Risk,Hibernating or Lost,0.6625839037072621,moderate_review,0.3305777478583861,0.00021911515849650084,0.6625839037072621,0.006619233275855649,United Kingdom,1.06,1.0,72.0,1,0.0,0,0.0
12864,At Risk,Loyal Customers,0.7909641171120253,high,0.14965202698213392,0.059343772063181484,4.00838426585613e-05,0.7909641171120253,United Kingdom,0.6757142857142856,0.8571428571428571,63.857142857142854,5,0.42857142857142855,369,0.0
17684,At Risk,Hibernating or Lost,0.5226520580879255,moderate_review,0.45967107867182944,0.0007119382263818552,0.5226520580879255,0.016964925013863624,United Kingdom,2.916,0.6,9.666666666666666,15,0.0,0,0.0
12900,Hibernating or Lost,At Risk,0.6489482792953484,moderate_review,0.6489482792953484,0.0011480507516188514,0.32303927860790677,0.02686439134512543,United Kingdom,3.6169230769230767,0.5384615384615384,10.692307692307692,13,0.0,0,0.0
17549,Loyal Customers,Hibernating or Lost,0.6625839037072621,moderate_review,0.3305777478583861,0.00021911515849650084,0.6625839037072621,0.006619233275855649,United Kingdom,1.7666666666666666,0.8333333333333334,35.0,5,0.0,27,0.0
12969,Hibernating or Lost,At Risk,0.567010852999173,moderate_review,0.567010852999173,0.0003422864759866087,0.4200778414746389,0.012569019050201198,United Kingdom,4.59,0.2,11.0,5,0.0,0,0.0
15448,At Risk,Loyal Customers,0.8583389205544516,high,0.013915205572260359,0.12774580242372915,7.14495581534346e-08,0.8583389205544516,United Kingdom,3.076734693877551,0.4897959183673469,9.938775510204081,49,0.0,361,0.0
12665,At Risk,Loyal Customers,0.8318538143370473,high,0.10947294301628405,0.05867202888135766,1.2137653115674945e-06,0.8318538143370473,Germany,4.920588235294118,0.5294117647058824,9.705882352941176,13,0.0,344,0.4
17441,Hibernating or Lost,At Risk,0.8373151763866855,high,0.8373151763866855,0.001301868549022797,0.08410603653477151,0.07727691852951986,United Kingdom,2.050952380952381,0.38095238095238093,11.666666666666666,21,0.0,0,0.0
14104,Loyal Customers,Champions,0.5817880101099283,moderate_review,0.004504396097550479,0.5817880101099283,7.196247066467876e-08,0.41370752183005005,United Kingdom,3.1555244755244756,0.1048951048951049,3.5594405594405596,117,0.0,405,0.0
12640,Loyal Customers,At Risk,0.7622838641656651,high,0.7622838641656651,0.011049716597004088,0.006573646212700332,0.22009277302463065,France,5.716981132075472,0.20754716981132076,5.867924528301887,47,0.0,57,0.0
16473,Loyal Customers,At Risk,0.8021283796886285,high,0.8021283796886285,0.0034769674387891826,0.06624592762195797,0.12814872525062407,United Kingdom,2.3017857142857143,0.5714285714285714,10.571428571428571,26,0.0,209,0.2
15618,Loyal Customers,At Risk,0.8021283796886285,high,0.8021283796886285,0.0034769674387891826,0.06624592762195797,0.12814872525062407,United Kingdom,2.550911111111111,0.5555555555555556,10.088888888888889,39,0.0,103,0.2
13008,At Risk,Loyal Customers,0.9176412909180303,high,0.010275847591165278,0.07208283285139495,2.8639408080883385e-08,0.9176412909180303,United Kingdom,2.3877142857142855,0.4,10.82857142857143,31,0.2857142857142857,399,0.5714285714285714
17764,Loyal Customers,Champions,0.9720787512313731,high,5.874166501930701e-05,0.9720787512313731,6.332168899017741e-09,0.02786250077143888,United Kingdom,3.160251572327044,0.13836477987421383,4.584905660377358,126,0.0,685,0.0
14238,At Risk,Loyal Customers,0.681567820577668,moderate_review,0.24570041368969095,0.07269326649828223,3.849923435828443e-05,0.681567820577668,United Kingdom,3.303076923076923,0.5384615384615384,14.538461538461538,13,0.15384615384615385,408,0.0
12863,Champions,Loyal Customers,0.5117084177292769,moderate_review,0.026805178374106533,0.46147238646742544,1.4017429190373669e-05,0.5117084177292769,United Kingdom,4.062291666666666,0.6875,18.645833333333332,24,0.0,537,0.14285714285714285
15752,Champions,Loyal Customers,0.5111718900434721,moderate_review,0.00848245150736468,0.48034539027922135,2.6816994132320437e-07,0.5111718900434721,United Kingdom,1.8962622950819672,0.1180327868852459,4.863934426229508,359,0.0,417,0.1
17355,Hibernating or Lost,At Risk,0.8369925355788373,high,0.8369925355788373,0.000645801931071812,0.11019440614467486,0.05216725634541519,United Kingdom,2.085945945945946,0.13513513513513514,6.945945945945946,28,0.0,0,0.0
16320,Loyal Customers,Champions,0.9867154765696015,high,2.9901213530993928e-06,0.9867154765696015,1.8706606134239644e-11,0.01328153329033853,Other,2.9297510373443987,0.6141078838174274,13.771784232365146,193,0.3153526970954357,509,0.25
15820,At Risk,Hibernating or Lost,0.5589618482557781,moderate_review,0.43293025872396373,0.00016663743555497384,0.5589618482557781,0.007941255584703865,United Kingdom,2.2494117647058824,0.17647058823529413,7.529411764705882,17,0.0,0,0.0
15490,Hibernating or Lost,At Risk,0.8173939309402574,high,0.8173939309402574,0.0022694263069934317,0.05827831083622465,0.12205833191652385,United Kingdom,3.148214285714286,0.07142857142857142,3.0357142857142856,22,0.0,0,0.5
17292,At Risk,Hibernating or Lost,0.5684954027892394,moderate_review,0.40984108322818874,0.00048577128866241604,0.5684954027892394,0.02117774269390864,United Kingdom,4.784666666666666,0.13333333333333333,8.733333333333333,14,0.4,107,0.0
16147,Loyal Customers,Champions,0.9852790493222477,high,9.311153439037625e-06,0.9852790493222477,1.039796187679245e-10,0.014711639420332817,United Kingdom,3.1163235294117646,0.4632352941176471,10.257352941176471,113,0.0,538,0.2857142857142857
16398,Loyal Customers,At Risk,0.5015424187841035,moderate_review,0.5015424187841035,0.02761927881043598,0.00604655641625755,0.4647917459892031,United Kingdom,5.544634146341464,0.3780487804878049,9.24390243902439,75,0.0,99,0.5
14930,Loyal Customers,Champions,0.6186349792270993,moderate_review,0.0026765902520183983,0.6186349792270993,1.5358853188867177e-09,0.3786884289849965,Other,4.710501792114695,0.23655913978494625,7.881720430107527,213,0.0,497,0.3333333333333333
15709,At Risk,Loyal Customers,0.7940006714673897,high,0.18490768518801293,0.021087597651043878,4.045693553192132e-06,0.7940006714673897,United Kingdom,4.618518518518518,0.14814814814814814,6.2592592592592595,26,0.0,305,0.0
13582,At Risk,Loyal Customers,0.6838608719941975,moderate_review,0.25969620458755754,0.05637879461027785,6.412880796746563e-05,0.6838608719941975,United Kingdom,2.862727272727273,0.6363636363636364,9.636363636363637,10,0.0,227,0.0
16093,At Risk,Hibernating or Lost,0.6625839037072621,moderate_review,0.3305777478583861,0.00021911515849650084,0.6625839037072621,0.006619233275855649,United Kingdom,0.85,1.0,20.0,1,0.0,0,0.0
14720,Loyal Customers,At Risk,0.7763338967350972,high,0.7763338967350972,0.0026959034140050767,0.04812401921939817,0.1728461806314996,United Kingdom,5.744594594594595,0.2702702702702703,5.918918918918919,34,0.7567567567567568,120,0.0
16815,At Risk,Loyal Customers,0.5967589475498478,moderate_review,0.32769285642182966,0.03240686932055382,0.04314132670776823,0.5967589475498478,United Kingdom,2.555405405405405,0.013513513513513514,3.2162162162162162,66,0.4594594594594595,82,0.0
15580,Loyal Customers,Champions,0.6901733718522715,moderate_review,0.0003786561280574872,0.6901733718522715,1.5293954725311276e-09,0.3094479704902757,United Kingdom,2.427816593886463,0.09606986899563319,4.187772925764192,150,0.4978165938864629,293,0.42857142857142855
17942,Loyal Customers,Hibernating or Lost,0.5817565378872296,moderate_review,0.40747214724564496,0.00037708149633431705,0.5817565378872296,0.010394233370791183,United Kingdom,1.525,0.5,19.0,2,0.0,0,0.0
16641,At Risk,Loyal Customers,0.5715335840084844,moderate_review,0.021311225228060438,0.40714803300050023,7.15776295578671e-06,0.5715335840084844,United Kingdom,2.0336111111111115,0.4722222222222222,12.61111111111111,36,0.0,596,0.0
12464,Champions,Loyal Customers,0.6874021859596238,moderate_review,0.29934297453607467,0.012885183874790882,0.0003696556295096421,0.6874021859596238,Belgium,11.832758620689654,0.034482758620689655,3.8620689655172415,6,0.0,299,0.0
13806,At Risk,Hibernating or Lost,0.643709969611338,moderate_review,0.35032787220033684,0.00012120826272555341,0.643709969611338,0.005840949925598924,United Kingdom,5.233,0.2,5.6,10,0.0,0,0.0
13739,Loyal Customers,Champions,0.5381876613699446,moderate_review,0.053551741364450824,0.5381876613699446,0.00013497294681758752,0.4081256243187878,United Kingdom,4.416666666666667,0.5,12.666666666666666,6,0.0,509,0.0
12596,Loyal Customers,At Risk,0.9008393315496838,high,0.9008393315496838,0.001120745687065301,0.041613099621453736,0.05642682314179875,Spain,4.405555555555556,0.48148148148148145,17.555555555555557,25,0.0,190,0.0
13040,Loyal Customers,At Risk,0.6779982120978826,moderate_review,0.6779982120978826,0.006224773569220519,0.0451586564277893,0.27061835790510735,United Kingdom,2.8039534883720934,0.3488372093023256,8.255813953488373,38,0.4883720930232558,24,0.0
17301,Loyal Customers,Champions,0.9527062675286382,high,0.00019191816491408956,0.9527062675286382,9.341430826162367e-08,0.04710172089214037,United Kingdom,1.8352892561983472,0.024793388429752067,1.8925619834710743,107,0.0,603,0.0
12571,Loyal Customers,At Risk,0.9157915554554088,high,0.9157915554554088,0.001173837678118633,0.034398732487927276,0.04863587437854596,France,1.3205882352941176,0.8235294117647058,15.382352941176471,31,0.0,81,0.0
15651,Loyal Customers,Champions,0.7110812118740526,moderate_review,0.002358325185274662,0.7110812118740526,7.50661662507809e-07,0.28655971227901045,United Kingdom,2.0708333333333333,0.6666666666666666,14.516666666666667,52,0.0,559,0.0
17784,Hibernating or Lost,At Risk,0.7386192680994106,moderate_review,0.7386192680994106,0.0007581263579156654,0.20853770037844843,0.052084905164225315,United Kingdom,3.0591304347826087,0.043478260869565216,3.130434782608696,19,0.0,0,0.0
17245,At Risk,Loyal Customers,0.8439112625566225,high,0.12815588707733466,0.027930054612747404,2.7957532952882293e-06,0.8439112625566225,United Kingdom,1.8896000000000002,0.48,12.28,24,0.0,484,0.0
15595,At Risk,Hibernating or Lost,0.6625839037072621,moderate_review,0.3305777478583861,0.00021911515849650084,0.6625839037072621,0.006619233275855649,United Kingdom,2.2,1.0,36.0,4,0.0,0,0.0
13283,Loyal Customers,Champions,0.4941797956867524,low_review,0.01257067260395126,0.4941797956867524,3.4119327717654834e-06,0.49324611977652383,United Kingdom,2.495,0.2,10.2,19,0.0,580,0.0
16042,Champions,Loyal Customers,0.8187314163843398,high,0.0016942784249848134,0.17957430383890305,1.35177279370601e-09,0.8187314163843398,United Kingdom,2.976,0.46923076923076923,11.092307692307692,88,0.2846153846153846,431,0.2727272727272727
12651,Loyal Customers,At Risk,0.8114235802119693,high,0.8114235802119693,0.0034926057799604,0.012291130599845513,0.17279268340822507,France,2.04,0.5333333333333333,8.833333333333334,30,0.3,130,0.2
15003,Loyal Customers,At Risk,0.4176832484611063,low_review,0.4176832484611063,0.16874241028790293,0.060801415424458084,0.35277292582653247,United Kingdom,2.1832664756446993,0.008595988538681949,1.5673352435530086,253,0.0,209,0.14285714285714285
14350,Loyal Customers,At Risk,0.5015424187841035,moderate_review,0.5015424187841035,0.02761927881043598,0.00604655641625755,0.4647917459892031,United Kingdom,4.105084745762712,0.423728813559322,9.203389830508474,55,0.0,155,0.25
12829,At Risk,Loyal Customers,0.7309211457103838,moderate_review,0.19640010591211252,0.07266698053846178,1.1767839040944828e-05,0.7309211457103838,United Kingdom,7.851578947368421,0.42105263157894735,28.94736842105263,17,0.0,213,0.25
17960,At Risk,Loyal Customers,0.7563950384726024,high,0.22912438033414803,0.014452779160531573,2.7802032718477615e-05,0.7563950384726024,United Kingdom,2.1867567567567567,0.0,1.6216216216216217,37,0.0,470,0.0
14445,Hibernating or Lost,At Risk,0.6490496539052968,moderate_review,0.6490496539052968,0.0008142945040086987,0.2981523169356102,0.051983734655084816,United Kingdom,2.7171875,0.0,2.59375,32,0.0,0,0.0
16797,Loyal Customers,Champions,0.6580586672494315,moderate_review,0.0015409554744909924,0.6580586672494315,1.0115037562013794e-08,0.3404003671610393,United Kingdom,2.7694594594594597,0.012285012285012284,2.2334152334152333,289,0.15233415233415235,344,0.4444444444444444
14956,At Risk,Hibernating or Lost,0.6625839037072621,moderate_review,0.3305777478583861,0.00021911515849650084,0.6625839037072621,0.006619233275855649,United Kingdom,0.53,1.0,625.0,4,0.0,0,0.0
14893,Loyal Customers,Champions,0.8033193951936685,high,0.0003690258843495236,0.8033193951936685,7.366937039346583e-09,0.19631157155504536,United Kingdom,3.115566037735849,0.37735849056603776,9.877358490566039,98,0.0,608,0.5
12883,Loyal Customers,At Risk,0.699121992610056,moderate_review,0.699121992610056,0.0014159763552151494,0.18391261086613653,0.1155494201685927,United Kingdom,5.926904761904762,0.09523809523809523,4.666666666666667,39,0.4523809523809524,64,0.0
18150,Loyal Customers,At Risk,0.644143173128623,moderate_review,0.644143173128623,0.00801259956536026,0.043651474066399076,0.30419275323961814,United Kingdom,2.3235135135135137,0.4864864864864865,8.972972972972974,29,0.3783783783783784,169,0.0
18240,Loyal Customers,Hibernating or Lost,0.6005744235979578,moderate_review,0.39158098138480507,0.00027369050838278936,0.6005744235979578,0.007570904508855301,United Kingdom,3.9283333333333332,0.6666666666666666,21.0,6,0.0,0,0.0
13595,At Risk,Loyal Customers,0.48891135866633423,low_review,0.10266631000966026,0.4037753303243101,0.004647000999695328,0.48891135866633423,United Kingdom,3.0595394736842105,0.03289473684210526,2.3223684210526314,114,0.2894736842105263,129,0.0
12783,Champions,Loyal Customers,0.8411732744266976,high,0.13341469543286671,0.02400279454232112,0.0014092355981142094,0.8411732744266976,Portugal,12.22857142857143,0.30952380952380953,7.428571428571429,76,0.21428571428571427,73,0.25
13241,Hibernating or Lost,At Risk,0.6311892606008653,moderate_review,0.6311892606008653,0.003379884566646217,0.17840920893982906,0.18702164589265904,United Kingdom,2.5504761904761906,0.0,1.1428571428571428,40,1.0,0,0.0
14840,At Risk,Loyal Customers,0.9015977763800875,high,0.04674626647802332,0.05165567478413761,2.8235775127383277e-07,0.9015977763800875,United Kingdom,2.8695454545454546,0.45454545454545453,8.136363636363637,20,0.0,271,0.3333333333333333
14373,At Risk,Hibernating or Lost,0.643709969611338,moderate_review,0.35032787220033684,0.00012120826272555341,0.643709969611338,0.005840949925598924,United Kingdom,11.625,0.25,4.25,4,0.0,0,0.0
17171,At Risk,Loyal Customers,0.8148298790975255,high,0.16038483009853569,0.024781720498658927,3.5703052792786507e-06,0.8148298790975255,United Kingdom,4.0687999999999995,0.52,9.0,25,0.0,372,0.0
17803,Hibernating or Lost,At Risk,0.6490496539052968,moderate_review,0.6490496539052968,0.0008142945040086987,0.2981523169356102,0.051983734655084816,United Kingdom,2.5818518518518516,0.07407407407407407,3.6296296296296298,27,0.0,0,0.0
13575,Loyal Customers,At Risk,0.8373151763866855,high,0.8373151763866855,0.001301868549022797,0.08410603653477151,0.07727691852951986,United Kingdom,2.1478260869565218,0.43478260869565216,9.76086956521739,41,0.0,152,0.0
12964,Hibernating or Lost,At Risk,0.7386192680994106,moderate_review,0.7386192680994106,0.0007581263579156654,0.20853770037844843,0.052084905164225315,United Kingdom,3.621923076923077,0.038461538461538464,2.1538461538461537,26,0.0,0,0.0
13011,At Risk,Hibernating or Lost,0.8053437570891684,high,0.192085193772146,4.547106426641222e-05,0.8053437570891684,0.0025255780744198038,United Kingdom,4.216666666666667,0.0,4.333333333333333,3,0.0,0,0.0
15758,At Risk,Hibernating or Lost,0.8053437570891684,high,0.192085193772146,4.547106426641222e-05,0.8053437570891684,0.0025255780744198038,United Kingdom,4.427777777777778,0.0,5.222222222222222,9,0.0,0,0.0
17946,At Risk,Hibernating or Lost,0.7305408822328047,moderate_review,0.2638483094784826,0.00013509900715557725,0.7305408822328047,0.005475709281556422,United Kingdom,3.1445,0.05,3.75,18,0.0,26,0.0
15406,Loyal Customers,Champions,0.6901733718522715,moderate_review,0.0003786561280574872,0.6901733718522715,1.5293954725311276e-09,0.3094479704902757,United Kingdom,2.562213114754098,0.10655737704918032,4.483606557377049,108,0.5655737704918032,422,0.3333333333333333
17476,At Risk,Loyal Customers,0.8742024095326586,high,0.09613937946076415,0.02965767981529876,5.311912781724016e-07,0.8742024095326586,United Kingdom,5.893225806451613,0.3225806451612903,7.225806451612903,29,0.0,341,0.5
17456,Loyal Customers,At Risk,0.5291912171803411,moderate_review,0.5291912171803411,0.028483464288169353,0.02714567146270019,0.4151796470687891,United Kingdom,2.9332467532467534,0.4025974025974026,9.480519480519481,59,0.0,90,0.0
17590,Champions,Loyal Customers,0.4790925992139787,low_review,0.08857659440746476,0.4258076151533044,0.006523191225252925,0.4790925992139787,United Kingdom,2.668407960199005,0.0845771144278607,4.119402985074627,162,0.2835820895522388,37,0.0
15619,At Risk,Hibernating or Lost,0.6005744235979578,moderate_review,0.39158098138480507,0.00027369050838278936,0.6005744235979578,0.007570904508855301,United Kingdom,4.416666666666667,1.0,45.333333333333336,3,0.0,0,0.0
15106,Champions,Loyal Customers,0.8255364234234961,high,0.005564472164747083,0.16889909267246667,1.1739289505030143e-08,0.8255364234234961,United Kingdom,2.4882,0.55,11.81,90,0.0,251,0.2857142857142857
14259,At Risk,Hibernating or Lost,0.5226520580879255,moderate_review,0.45967107867182944,0.0007119382263818552,0.5226520580879255,0.016964925013863624,United Kingdom,2.83,0.6,13.6,5,0.0,0,0.0
13039,Loyal Customers,At Risk,0.6790364749681377,moderate_review,0.6790364749681377,0.000322223680792007,0.2903048211314664,0.030336480219603876,United Kingdom,5.494363636363636,0.07272727272727272,5.2727272727272725,37,0.0,138,0.0
14037,Loyal Customers,Champions,0.6640405193033903,moderate_review,0.0023323698205927864,0.6640405193033903,1.6686191495245414e-06,0.33362544225686747,United Kingdom,2.313684210526316,0.08771929824561403,5.175438596491228,96,0.06140350877192982,556,0.14285714285714285
13980,Loyal Customers,Champions,0.7761128375786557,high,0.00016832753977758734,0.7761128375786557,2.7100822046427812e-09,0.2237188321714851,United Kingdom,3.630923076923077,0.2153846153846154,7.338461538461538,57,0.7538461538461538,595,0.4444444444444444
14013,Loyal Customers,Champions,0.7989414551368489,high,0.00019029437117656778,0.7989414551368489,1.5060458396508167e-08,0.20086823543151622,United Kingdom,2.7166176470588232,0.4411764705882353,11.397058823529411,56,0.38235294117647056,513,0.16666666666666666
12987,Loyal Customers,Champions,0.6612188227784562,moderate_review,0.002643251619972359,0.6612188227784562,4.2194712792944623e-07,0.33613750365444417,United Kingdom,4.939090909090909,0.4090909090909091,8.863636363636363,61,0.0,615,0.16666666666666666
14850,Loyal Customers,Champions,0.6376613947530452,moderate_review,0.0005688565218546311,0.6376613947530452,6.584991974716395e-10,0.36176974806660084,United Kingdom,1.9299004975124376,0.21890547263681592,7.0049751243781095,129,0.47761194029850745,256,0.2222222222222222
13287,At Risk,Loyal Customers,0.5648063316687558,moderate_review,0.38612654749807346,0.04599291527420003,0.00307420555897023,0.5648063316687558,United Kingdom,3.0541509433962264,0.4339622641509434,8.09433962264151,46,0.0,101,0.5714285714285714
12840,Loyal Customers,Champions,0.9781224605723451,high,2.1083049017383215e-05,0.9781224605723451,4.659050044200145e-10,0.02185645591273184,United Kingdom,2.142443181818182,0.4943181818181818,12.829545454545455,109,0.0,530,0.36363636363636365
15887,Loyal Customers,At Risk,0.7843675251583553,high,0.7843675251583553,0.004056566401167722,0.09388879965580962,0.11768710878466816,United Kingdom,2.7045945945945946,0.4864864864864865,16.35135135135135,27,0.13513513513513514,148,0.0
15604,At Risk,Hibernating or Lost,0.5623740537863559,moderate_review,0.42811161236325623,0.00022325832481394332,0.5623740537863559,0.009291075525574902,United Kingdom,1.543529411764706,0.5294117647058824,9.352941176470589,17,0.0,0,0.0
13311,Loyal Customers,At Risk,0.8564446663241873,high,0.8564446663241873,0.0014041607220950522,0.06582873229006471,0.0763224406636539,United Kingdom,4.1207692307692305,0.4230769230769231,11.73076923076923,25,0.0,145,0.0
14679,At Risk,Loyal Customers,0.834887252573607,high,0.006391663083350034,0.15872107605531707,8.287726193056282e-09,0.834887252573607,United Kingdom,3.1695238095238096,0.5555555555555556,12.603174603174603,49,0.0,349,0.4
13262,At Risk,Loyal Customers,0.9206943930211208,high,0.012702921424163743,0.06660234752639038,3.380283247523829e-07,0.9206943930211208,United Kingdom,3.8594,0.12,4.94,48,0.52,337,0.0
18081,Loyal Customers,At Risk,0.6554986189036304,moderate_review,0.6554986189036304,0.0008559073618387253,0.3207103571736455,0.022935116560885725,United Kingdom,3.84,0.29411764705882354,11.470588235294118,14,0.0,97,0.0
17189,Loyal Customers,Champions,0.6952617454373441,moderate_review,0.0016708399893163497,0.6952617454373441,5.238691314599126e-07,0.3030668907042088,United Kingdom,2.3030081300813006,0.17073170731707318,4.9105691056910565,101,0.0,631,0.0
13710,Loyal Customers,Champions,0.5440678580703685,moderate_review,0.0668018536243272,0.5440678580703685,0.0004476993525502511,0.38868258895275454,United Kingdom,1.648,1.0,22.4,13,0.0,580,0.0
17011,Loyal Customers,Champions,0.5074491796822121,moderate_review,0.011490559180685023,0.5074491796822121,1.983007946516568e-06,0.48105827812915647,United Kingdom,1.635,0.7857142857142857,28.285714285714285,27,0.0,621,0.25
17914,Loyal Customers,At Risk,0.6855707981666673,moderate_review,0.6855707981666673,0.009769175276167224,0.0420396537503708,0.26262037280679434,United Kingdom,1.9649999999999999,0.1875,5.9125,72,0.0,0,0.0
15362,At Risk,Loyal Customers,0.857351724932802,high,0.10691440188059476,0.03573230144526113,1.5717413424233993e-06,0.857351724932802,United Kingdom,3.6119999999999997,0.375,9.2,38,0.0,290,0.0
15919,Loyal Customers,Champions,0.6675919178013867,moderate_review,0.0006778682097665189,0.6675919178013867,4.7515643582542635e-09,0.3317302092372829,United Kingdom,2.5801041666666666,0.15104166666666666,4.098958333333333,103,0.4895833333333333,349,0.0
15744,At Risk,Hibernating or Lost,0.6625839037072621,moderate_review,0.3305777478583861,0.00021911515849650084,0.6625839037072621,0.006619233275855649,United Kingdom,0.29,1.0,40.0,3,0.0,0,0.0
13016,Loyal Customers,At Risk,0.8368435692463948,high,0.8368435692463948,0.00296768913712739,0.042477922495809076,0.11771081912066904,United Kingdom,3.173191489361702,0.5531914893617021,11.212765957446809,39,0.0,49,0.0
15467,Loyal Customers,At Risk,0.6954935236302515,moderate_review,0.6954935236302515,0.004238936759544046,0.032464739053369975,0.267802800556835,United Kingdom,2.2582692307692307,0.11538461538461539,5.961538461538462,41,0.75,142,0.25
16681,Champions,Loyal Customers,0.5329303934415414,moderate_review,0.026956204174661925,0.440094980653126,1.8421730670665108e-05,0.5329303934415414,United Kingdom,1.95734693877551,0.9183673469387755,30.448979591836736,22,0.0,568,0.0
15994,Loyal Customers,Champions,0.7313896297495932,moderate_review,0.0002719767937129867,0.7313896297495932,1.8582508547150664e-08,0.2683383748741859,United Kingdom,3.483947368421053,0.06140350877192982,4.114035087719298,93,1.0,581,0.4
15286,At Risk,Hibernating or Lost,0.6005744235979578,moderate_review,0.39158098138480507,0.00027369050838278936,0.6005744235979578,0.007570904508855301,United Kingdom,4.45,1.0,18.333333333333332,3,0.0,0,0.0
15112,Hibernating or Lost,At Risk,0.567010852999173,moderate_review,0.567010852999173,0.0003422864759866087,0.4200778414746389,0.012569019050201198,United Kingdom,4.357142857142857,0.2857142857142857,10.285714285714286,7,0.0,0,0.0
13080,At Risk,Loyal Customers,0.7202093779750905,moderate_review,0.21468225760160473,0.06507060200501558,3.7762418288322804e-05,0.7202093779750905,United Kingdom,2.698421052631579,0.3684210526315789,10.157894736842104,17,0.0,430,0.2
13214,Loyal Customers,Champions,0.6174757746577748,moderate_review,0.0031559820276930704,0.6174757746577748,1.7938175575844865e-08,0.3793682253763564,United Kingdom,1.9063755458515284,0.5720524017467249,12.951965065502183,207,0.034934497816593885,228,0.0
15501,At Risk,Loyal Customers,0.5798402326660045,moderate_review,0.36163852575377065,0.029259181732696666,0.029262059847527867,0.5798402326660045,United Kingdom,3.1848571428571426,0.05714285714285714,2.942857142857143,64,0.3,10,0.0
16865,Hibernating or Lost,At Risk,0.502078794807007,moderate_review,0.502078794807007,0.00028742921500745294,0.4861074795490618,0.011526296428923605,United Kingdom,1.585625,0.3125,9.8125,15,0.0,0,0.0
15995,At Risk,Loyal Customers,0.3942893623348598,low_review,0.26968531321613626,0.30374773996419824,0.03227758448480631,0.3942893623348598,United Kingdom,2.757837837837838,0.05405405405405406,3.18018018018018,108,0.0,0,0.0
15151,At Risk,Loyal Customers,0.5860383184317508,moderate_review,0.36846066119994836,0.03410646229123967,0.011394558077061794,0.5860383184317508,United Kingdom,13.795438596491229,0.5964912280701754,13.947368421052632,56,0.3508771929824561,86,0.0
17852,Loyal Customers,Champions,0.5497649426147413,moderate_review,0.005383422237326695,0.5497649426147413,4.684261753633705e-06,0.44484695088617854,United Kingdom,1.8897272727272727,0.01818181818181818,3.418181818181818,82,0.0,719,0.0
17369,At Risk,Hibernating or Lost,0.6625839037072621,moderate_review,0.3305777478583861,0.00021911515849650084,0.6625839037072621,0.006619233275855649,United Kingdom,0.85,1.0,1152.0,1,0.0,0,0.0
14596,Hibernating or Lost,At Risk,0.6313688337125513,moderate_review,0.6313688337125513,0.011968285484357815,0.08302634950656722,0.2736365312965235,United Kingdom,3.3821052631578947,0.0,1.3859649122807018,50,0.0,0,0.0
15772,Hibernating or Lost,At Risk,0.596955181781055,moderate_review,0.596955181781055,0.0010341282071320785,0.36289528906889434,0.03911540094291876,United Kingdom,4.52,0.25,6.875,16,1.0,0,0.0
16901,Hibernating or Lost,At Risk,0.6790364749681377,moderate_review,0.6790364749681377,0.000322223680792007,0.2903048211314664,0.030336480219603876,United Kingdom,6.1256521739130445,0.0,1.826086956521739,23,0.0,0,0.0
12672,At Risk,Loyal Customers,0.8454419286553522,high,0.11911110483945073,0.03544684555497176,1.2095022383151189e-07,0.8454419286553522,France,4.527272727272727,0.18181818181818182,6.2727272727272725,22,0.0,265,0.3333333333333333
13328,At Risk,Hibernating or Lost,0.6625839037072621,moderate_review,0.3305777478583861,0.00021911515849650084,0.6625839037072621,0.006619233275855649,United Kingdom,1.8776470588235292,1.0,40.0,17,0.0,0,0.0
13435,Champions,Loyal Customers,0.8071928001533467,high,0.0033161043687872007,0.18949107077139563,2.4706470605665242e-08,0.8071928001533467,United Kingdom,2.754605263157895,0.4868421052631579,18.361842105263158,96,0.4868421052631579,494,0.18181818181818182
13549,Champions,Loyal Customers,0.9243920125198176,high,0.031159512161364682,0.04444819345916149,2.8185965532687306e-07,0.9243920125198176,United Kingdom,3.176949152542373,0.4406779661016949,9.389830508474576,44,0.1864406779661017,361,0.1111111111111111
17184,At Risk,Hibernating or Lost,0.643709969611338,moderate_review,0.35032787220033684,0.00012120826272555341,0.643709969611338,0.005840949925598924,United Kingdom,3.952142857142857,0.14285714285714285,5.214285714285714,14,0.0,161,0.0
13629,Champions,Loyal Customers,0.5329303934415414,moderate_review,0.026956204174661925,0.440094980653126,1.8421730670665108e-05,0.5329303934415414,United Kingdom,2.1180459770114943,0.8850574712643678,88.75862068965517,28,0.06896551724137931,642,0.0
17497,At Risk,Loyal Customers,0.8062670194389526,high,0.1457597776575041,0.047953623321222445,1.957958232114892e-05,0.8062670194389526,United Kingdom,7.192857142857143,0.42857142857142855,8.428571428571429,7,0.5714285714285714,220,0.0
14332,Champions,Loyal Customers,0.8205629673835433,high,0.012471122452980788,0.16696575915870787,1.5100476840643097e-07,0.8205629673835433,United Kingdom,2.62984126984127,0.5555555555555556,14.174603174603174,47,0.0,393,0.0
17887,At Risk,Hibernating or Lost,0.8053437570891684,high,0.192085193772146,4.547106426641222e-05,0.8053437570891684,0.0025255780744198038,United Kingdom,5.235,0.1,3.0,10,0.0,0,0.0
18068,At Risk,Hibernating or Lost,0.6896963609762642,moderate_review,0.3059453585245561,8.496137540399687e-05,0.6896963609762642,0.004273319123775762,United Kingdom,16.95,0.0,6.0,1,0.0,0,0.0
15576,Loyal Customers,At Risk,0.8596366604048866,high,0.8596366604048866,0.00151282479593671,0.05719178778984223,0.08165872700933445,United Kingdom,3.5811111111111114,0.2222222222222222,8.977777777777778,43,0.0,0,0.0
12844,Loyal Customers,Champions,0.6804291187926712,moderate_review,0.0006844309733838642,0.6804291187926712,1.8517849374980734e-07,0.31888626505545187,United Kingdom,3.310970873786408,0.0,2.1650485436893203,88,0.20388349514563106,564,0.0
18161,Champions,Loyal Customers,0.8583389205544516,high,0.013915205572260359,0.12774580242372915,7.14495581534346e-08,0.8583389205544516,United Kingdom,3.5248387096774194,0.41935483870967744,10.376344086021506,57,0.0,364,0.14285714285714285
15477,At Risk,Hibernating or Lost,0.5338464198620827,moderate_review,0.4328642001675719,0.0012245856390788528,0.5338464198620827,0.03206479433126702,United Kingdom,1.5999999999999999,1.0,108.0,2,1.0,0,0.0
14673,Champions,Loyal Customers,0.8910879967788092,high,0.028049372213348297,0.08086223090078998,4.0010705179222176e-07,0.8910879967788092,United Kingdom,2.2747852760736196,0.6073619631901841,12.484662576687116,86,0.0,406,0.0
14998,Loyal Customers,Champions,0.5817880101099283,moderate_review,0.004504396097550479,0.5817880101099283,7.196247066467876e-08,0.41370752183005005,United Kingdom,3.4280314960629923,0.07874015748031496,2.8897637795275593,111,0.0,435,0.0
16728,Loyal Customers,Champions,0.6352384448555851,moderate_review,0.0009427298898627979,0.6352384448555851,1.507823431861926e-08,0.36381881017631706,United Kingdom,2.304646840148699,0.05204460966542751,2.516728624535316,218,0.5315985130111525,218,0.0
15579,Loyal Customers,Champions,0.6742229691889624,moderate_review,0.00045214002260841353,0.6742229691889624,1.1224097836716046e-09,0.3253248896660194,United Kingdom,3.4243274853801164,0.11695906432748537,4.228070175438597,140,0.8421052631578947,363,0.2857142857142857
12774,Hibernating or Lost,At Risk,0.5564182260042346,moderate_review,0.5564182260042346,0.00022634170217759815,0.4325281011457434,0.010827331147844881,Netherlands,3.966666666666667,0.5,8.833333333333334,6,0.0,0,0.0
17572,Loyal Customers,Champions,0.6097686697666287,moderate_review,0.031092937815164222,0.6097686697666287,8.276180797414288e-05,0.35905563061023377,United Kingdom,2.6580555555555554,0.2222222222222222,9.75,14,0.0,653,0.0
14899,At Risk,Loyal Customers,0.3921816908164315,low_review,0.30466871420452113,0.2807378706521782,0.02241172432686951,0.3921816908164315,United Kingdom,3.7849635036496347,0.072992700729927,4.2773722627737225,126,0.0,0,0.0
17298,Loyal Customers,Champions,0.6498577286240101,moderate_review,0.0024954136749181823,0.6498577286240101,3.8368626903405605e-07,0.34764647401480303,United Kingdom,1.7815714285714286,0.2857142857142857,12.2,61,0.05714285714285714,540,0.16666666666666666
15782,Champions,Loyal Customers,0.8403588243388609,high,0.003723478341871433,0.15591768816617602,9.153090344762482e-09,0.8403588243388609,United Kingdom,4.859016393442623,0.6721311475409836,30.229508196721312,51,0.3442622950819672,420,0.3333333333333333
16136,Loyal Customers,Champions,0.6035489793220519,moderate_review,0.0031067591518914553,0.6035489793220519,1.0741224095883242e-06,0.39334318740364743,United Kingdom,2.3967391304347827,0.6521739130434783,14.652173913043478,44,0.1956521739130435,603,0.2
13429,Champions,Loyal Customers,0.5707788490634499,moderate_review,0.3689658842964661,0.038643340645686815,0.021611925994396604,0.5707788490634499,United Kingdom,1.2207462686567165,0.7910447761194029,20.746268656716417,55,0.3582089552238806,64,0.0
14954,Loyal Customers,Champions,0.9721425832198033,high,2.011649851439135e-05,0.9721425832198033,3.0445835076900464e-09,0.027837297237098713,United Kingdom,3.101825396825397,0.015873015873015872,1.7380952380952381,111,0.6746031746031746,690,0.0
12697,Loyal Customers,At Risk,0.6189576928402923,moderate_review,0.6189576928402923,0.009777896139880149,0.0029466595345792883,0.3683177514852494,Other,5.027560975609756,0.4878048780487805,12.390243902439025,37,0.24390243902439024,140,0.4
17217,At Risk,Loyal Customers,0.8147575780237977,high,0.16193464547550634,0.02329784703677856,9.929463916626153e-06,0.8147575780237977,United Kingdom,2.967241379310345,0.034482758620689655,3.2758620689655173,27,0.0,385,0.0
15442,At Risk,Hibernating or Lost,0.6005744235979578,moderate_review,0.39158098138480507,0.00027369050838278936,0.6005744235979578,0.007570904508855301,United Kingdom,4.95,1.0,60.0,2,0.0,0,0.0
12470,Hibernating or Lost,At Risk,0.8272054015722007,high,0.8272054015722007,0.0003275987659191641,0.14096727935285294,0.03149972030902639,Other,3.928260869565217,0.13043478260869565,4.130434782608695,23,0.0,0,0.0
14393,At Risk,Hibernating or Lost,0.8053437570891684,high,0.192085193772146,4.547106426641222e-05,0.8053437570891684,0.0025255780744198038,United Kingdom,5.390000000000001,0.0,2.6,5,0.0,0,0.0
13805,Loyal Customers,Hibernating or Lost,0.6625839037072621,moderate_review,0.3305777478583861,0.00021911515849650084,0.6625839037072621,0.006619233275855649,United Kingdom,0.5930769230769231,1.0,146.15384615384616,10,0.0,76,0.0
15282,Hibernating or Lost,At Risk,0.8102963433022954,high,0.8102963433022954,0.0015031568309054047,0.11796711605040025,0.07023338381639954,United Kingdom,1.3085185185185184,0.5555555555555556,14.62962962962963,27,0.0,0,0.0
13845,At Risk,Hibernating or Lost,0.6625839037072621,moderate_review,0.3305777478583861,0.00021911515849650084,0.6625839037072621,0.006619233275855649,United Kingdom,1.9544444444444444,0.8888888888888888,20.22222222222222,9,0.0,0,0.0
15710,At Risk,Loyal Customers,0.3943224971875318,low_review,0.2538862858266203,0.33545281293116574,0.016338404054682006,0.3943224971875318,United Kingdom,2.4634545454545456,0.11818181818181818,5.827272727272727,110,0.0,0,0.0
13323,Loyal Customers,At Risk,0.4984835712030462,low_review,0.4984835712030462,0.00020232279745222137,0.49248505165039974,0.008829054349102103,United Kingdom,4.55,0.19047619047619047,8.333333333333334,6,0.0,81,0.0
14856,Loyal Customers,At Risk,0.5118624674150901,moderate_review,0.5118624674150901,0.033523954801382476,0.01210155354903359,0.44251202423449404,United Kingdom,3.132878787878788,0.48484848484848486,10.818181818181818,65,0.0,20,0.0
18142,Loyal Customers,At Risk,0.6775264282052322,moderate_review,0.6775264282052322,0.005184745531578305,0.2110097413226154,0.10627908494057355,United Kingdom,1.53,0.8666666666666667,85.06666666666666,9,0.6,58,0.5
17206,At Risk,Hibernating or Lost,0.5226520580879255,moderate_review,0.45967107867182944,0.0007119382263818552,0.5226520580879255,0.016964925013863624,United Kingdom,2.7885714285714287,0.8571428571428571,10.857142857142858,7,0.0,0,0.0
15409,Hibernating or Lost,At Risk,0.8154363279823286,high,0.8154363279823286,0.0019364413697513976,0.13435278106961915,0.04827444957830019,United Kingdom,3.183333333333333,0.2222222222222222,6.555555555555555,9,0.0,0,0.5
13387,Hibernating or Lost,At Risk,0.6439543522648258,moderate_review,0.6439543522648258,0.005351899276609158,0.16757418106880087,0.1831195673897636,United Kingdom,1.9234246575342466,0.0273972602739726,1.7123287671232876,71,0.0,0,0.0
14782,At Risk,Hibernating or Lost,0.5286258793910906,moderate_review,0.45032698999653087,0.0011618333531840947,0.5286258793910906,0.019885297259194912,United Kingdom,2.516666666666667,0.5,19.0,6,0.0,0,0.0
16189,Loyal Customers,Hibernating or Lost,0.508902716968125,moderate_review,0.4809150912288253,0.00028172429969533784,0.508902716968125,0.009900467503354967,United Kingdom,3.9436363636363634,0.6363636363636364,12.181818181818182,9,0.0,69,0.0
15389,Loyal Customers,Champions,0.5440678580703685,moderate_review,0.0668018536243272,0.5440678580703685,0.0004476993525502511,0.38868258895275454,United Kingdom,0.9733333333333333,1.0,656.6666666666666,2,0.0,509,0.0
17996,Loyal Customers,At Risk,0.6070465126912832,moderate_review,0.6070465126912832,0.019729837629324225,0.01881089974665879,0.35441274993273414,United Kingdom,3.2059701492537314,0.22388059701492538,8.761194029850746,63,0.0,166,0.0
17391,At Risk,Hibernating or Lost,0.6625839037072621,moderate_review,0.3305777478583861,0.00021911515849650084,0.6625839037072621,0.006619233275855649,United Kingdom,1.06,1.0,160.0,2,0.0,0,0.0
15000,At Risk,Loyal Customers,0.5967589475498478,moderate_review,0.32769285642182966,0.03240686932055382,0.04314132670776823,0.5967589475498478,United Kingdom,2.8345454545454545,0.012987012987012988,2.831168831168831,76,1.0,0,0.0
13691,Hibernating or Lost,At Risk,0.6439543522648258,moderate_review,0.6439543522648258,0.005351899276609158,0.16757418106880087,0.1831195673897636,United Kingdom,2.1038888888888887,0.05555555555555555,2.685185185185185,54,0.0,0,0.0
13010,At Risk,Loyal Customers,0.5664796629088443,moderate_review,0.3965088307320944,0.036838905795879236,0.0001726005631819614,0.5664796629088443,United Kingdom,1.7841666666666667,0.9166666666666666,26.916666666666668,10,0.0,274,0.0
14776,Champions,Loyal Customers,0.8704724511414116,high,0.029175526497353495,0.10035141917608549,6.031851499545524e-07,0.8704724511414116,United Kingdom,1.0237894736842106,0.8473684210526315,24.51578947368421,68,0.10526315789473684,395,0.21052631578947367
14328,At Risk,Hibernating or Lost,0.5072537080810667,moderate_review,0.4791000594224299,0.0003067829127409522,0.5072537080810667,0.013339449583763006,United Kingdom,445.05,0.0,1.0,1,0.0,0,0.6666666666666666
17080,Champions,Loyal Customers,0.8385187298486457,high,0.11333521286807689,0.04814351508905135,2.5421942263807168e-06,0.8385187298486457,United Kingdom,3.558181818181818,0.6363636363636364,17.242424242424242,26,0.0,503,0.125
16445,Loyal Customers,Champions,0.5190670437087724,moderate_review,0.0021475957105030067,0.5190670437087724,4.177713369826331e-08,0.4787853188035915,United Kingdom,2.2354166666666666,0.0,1.5572916666666667,143,0.6614583333333334,377,0.0
14722,At Risk,Loyal Customers,0.8942440043812727,high,0.028917963936074587,0.07683720579191565,8.258907364065486e-07,0.8942440043812727,United Kingdom,3.3117021276595744,0.031914893617021274,2.3617021276595747,72,0.0,339,0.0
12968,At Risk,Hibernating or Lost,0.49531214555001774,low_review,0.4890248542789252,0.0007393084848842952,0.49531214555001774,0.014923691686173024,United Kingdom,3.29,0.8,14.6,5,0.0,0,0.0
17386,Champions,Loyal Customers,0.8036177146847769,high,0.16554377868645231,0.030831158513726573,7.3481150434680616e-06,0.8036177146847769,United Kingdom,1.816578947368421,0.6578947368421053,51.44736842105263,32,0.0,377,0.0
16659,At Risk,Hibernating or Lost,0.6625839037072621,moderate_review,0.3305777478583861,0.00021911515849650084,0.6625839037072621,0.006619233275855649,United Kingdom,0.62,1.0,36.0,2,0.0,0,0.0
15196,At Risk,Loyal Customers,0.9235255136462245,high,0.04368368184842202,0.032788122874573354,2.6816307799692715e-06,0.9235255136462245,United Kingdom,2.4453488372093024,0.023255813953488372,3.046511627906977,34,1.0,293,0.0
12534,At Risk,Loyal Customers,0.5968982092896307,moderate_review,0.36006275045346375,0.04075597754786777,0.0022830627090393387,0.5968982092896307,Germany,3.035396825396825,0.5238095238095238,10.333333333333334,63,0.0,0,0.0
14973,Loyal Customers,At Risk,0.8481550537524788,high,0.8481550537524788,0.0009959883957826833,0.0915198620177103,0.059329095834028914,United Kingdom,21.259687500000002,0.6875,11.53125,29,0.0,118,0.0
15707,Loyal Customers,At Risk,0.4176832484611063,low_review,0.4176832484611063,0.16874241028790293,0.060801415424458084,0.35277292582653247,United Kingdom,2.2814953271028036,0.03271028037383177,2.8271028037383177,126,0.0,51,0.0
17981,At Risk,Hibernating or Lost,0.5817565378872296,moderate_review,0.40747214724564496,0.00037708149633431705,0.5817565378872296,0.010394233370791183,United Kingdom,1.6017647058823528,0.47058823529411764,15.294117647058824,17,0.0,0,0.0
12845,Loyal Customers,At Risk,0.7498785253025309,moderate_review,0.7498785253025309,0.0011036488978769996,0.18521571895530334,0.06380210684428901,United Kingdom,2.7903703703703706,0.07407407407407407,7.555555555555555,26,0.0,22,0.0
15347,Loyal Customers,At Risk,0.7342444599402386,moderate_review,0.7342444599402386,0.010271724814096538,0.022194555926361513,0.23328925931930428,United Kingdom,2.8146341463414637,0.3902439024390244,16.390243902439025,29,0.0,71,0.3333333333333333
12692,Hibernating or Lost,At Risk,0.6555013877169938,moderate_review,0.6555013877169938,0.00032378814169835843,0.3335558997984877,0.010618924342821223,France,3.123076923076923,0.0,2.769230769230769,13,0.0,0,0.0
12946,Hibernating or Lost,At Risk,0.8456920669792868,high,0.8456920669792868,0.0020164245844248407,0.05724466827942253,0.09504684015686533,United Kingdom,3.3175,0.4,7.45,20,0.0,0,0.0
14994,Loyal Customers,Champions,0.5435895885647379,moderate_review,0.0035487481211584314,0.5435895885647379,2.833188604779332e-08,0.452861634982218,United Kingdom,2.1632580645161292,0.03225806451612903,1.8612903225806452,233,0.0,240,0.375
15036,Loyal Customers,At Risk,0.4176832484611063,low_review,0.4176832484611063,0.16874241028790293,0.060801415424458084,0.35277292582653247,United Kingdom,2.1081102362204724,0.023622047244094488,2.574803149606299,107,0.0,107,0.0
17780,At Risk,Loyal Customers,0.5798402326660045,moderate_review,0.36163852575377065,0.029259181732696666,0.029262059847527867,0.5798402326660045,United Kingdom,3.158888888888889,0.037037037037037035,1.9506172839506173,76,0.35802469135802467,17,0.0
12496,At Risk,Hibernating or Lost,0.69218488800108,moderate_review,0.30466672194667277,4.349976307577886e-05,0.69218488800108,0.0031048902891727364,Spain,2.1553846153846155,0.07692307692307693,2.5384615384615383,10,0.0,0,0.0
17579,Loyal Customers,Champions,0.6472551320674609,moderate_review,0.0027788234358545006,0.6472551320674609,1.22186843163216e-06,0.34996482262825246,United Kingdom,3.4324468085106385,0.07446808510638298,3.9893617021276597,89,0.0,573,0.2
17308,Loyal Customers,Hibernating or Lost,0.6625839037072621,moderate_review,0.3305777478583861,0.00021911515849650084,0.6625839037072621,0.006619233275855649,United Kingdom,0.8871428571428571,1.0,735.4285714285714,5,0.0,59,0.0
14943,Hibernating or Lost,At Risk,0.6510838581586637,moderate_review,0.6510838581586637,0.0033053862771631054,0.2659398239400537,0.07967093162411994,United Kingdom,3.184,0.4,9.2,5,1.0,0,0.0
16396,Hibernating or Lost,At Risk,0.7643080063113724,high,0.7643080063113724,0.0016035672286340277,0.1901272971782346,0.04396112928175884,United Kingdom,1.9,0.5,10.0,8,0.0,0,0.6666666666666666
16731,Hibernating or Lost,At Risk,0.622888518232414,moderate_review,0.622888518232414,0.00028030789976212487,0.3480114175161199,0.028819756351704185,United Kingdom,1.7983720930232558,0.046511627906976744,2.953488372093023,40,0.0,0,0.0
17785,Loyal Customers,Champions,0.6962315855974162,moderate_review,0.0005729515100430121,0.6962315855974162,2.522174201747517e-07,0.303195210675121,United Kingdom,2.8162745098039217,0.058823529411764705,4.450980392156863,48,0.3137254901960784,512,0.0
13303,Hibernating or Lost,At Risk,0.4984835712030462,low_review,0.4984835712030462,0.00020232279745222137,0.49248505165039974,0.008829054349102103,United Kingdom,4.385,0.25,6.5,4,0.0,0,0.0
14392,Hibernating or Lost,At Risk,0.5525590410468182,moderate_review,0.5525590410468182,0.003428835090216312,0.3672158822912901,0.07679624157167612,United Kingdom,2.7142857142857144,0.42857142857142855,8.142857142857142,14,1.0,0,0.0
12504,Loyal Customers,Champions,0.6276937347549341,moderate_review,0.01563396108509703,0.6276937347549341,5.430106676352649e-06,0.35666687405329095,Germany,6.285,0.65,22.9,11,0.0,578,0.3333333333333333
12563,Hibernating or Lost,At Risk,0.7095998889835395,moderate_review,0.7095998889835395,0.00024036545686504873,0.2794470656554558,0.010712679904139098,Other,3.921538461538461,0.3076923076923077,8.692307692307692,13,0.0,0,0.0
12698,Hibernating or Lost,At Risk,0.7694477469821229,high,0.7694477469821229,0.0005397395753382709,0.20387930310299082,0.026133210339549382,Germany,5.1,0.3125,6.9375,16,0.0,0,0.0
13661,Hibernating or Lost,At Risk,0.4984835712030462,low_review,0.4984835712030462,0.00020232279745222137,0.49248505165039974,0.008829054349102103,United Kingdom,4.0452941176470585,0.35294117647058826,6.9411764705882355,17,0.0,0,0.0
12758,Loyal Customers,Champions,0.9508180588577363,high,6.255280015917245e-05,0.9508180588577363,1.6135708882287513e-08,0.049119372206393806,Portugal,2.2553035143769966,0.7252396166134185,19.664536741214057,187,0.0,621,0.125
15098,Loyal Customers,At Risk,0.6992316940889529,moderate_review,0.6992316940889529,0.0013219741526375671,0.2708182624448644,0.028628069313545595,United Kingdom,434.65000000000003,0.6666666666666666,40.333333333333336,1,0.0,0,0.4
17831,At Risk,Hibernating or Lost,0.5763005585105802,moderate_review,0.38666819681910514,0.0012116970059187354,0.5763005585105802,0.03581954766439635,United Kingdom,2.95,0.0,6.0,2,1.0,0,0.0
14965,At Risk,Loyal Customers,0.5967589475498478,moderate_review,0.32769285642182966,0.03240686932055382,0.04314132670776823,0.5967589475498478,United Kingdom,2.3681927710843373,0.0963855421686747,4.397590361445783,80,1.0,0,0.0
16079,Champions,At Risk,0.5738627720252253,moderate_review,0.5738627720252253,0.003702895843723265,0.3576461033715075,0.06478822875954389,United Kingdom,2.9714285714285715,0.7619047619047619,41.142857142857146,18,0.5238095238095238,23,0.0
17137,Loyal Customers,Champions,0.5190670437087724,moderate_review,0.0021475957105030067,0.5190670437087724,4.177713369826331e-08,0.4787853188035915,United Kingdom,2.1426704545454545,0.125,3.960227272727273,125,0.7272727272727273,261,0.0
16463,Champions,At Risk,0.5060970110873891,moderate_review,0.5060970110873891,0.03359288091957169,0.012166207827507028,0.44814390016553146,United Kingdom,1.993170731707317,0.6829268292682927,14.182926829268293,74,0.0,182,0.42857142857142855
13033,At Risk,Hibernating or Lost,0.7025009347304892,moderate_review,0.29002385428550054,0.00021293674705264871,0.7025009347304892,0.007262274236958253,United Kingdom,2.5461538461538464,0.0,7.538461538461538,12,0.0,72,0.0
13563,Loyal Customers,At Risk,0.6745487483719981,moderate_review,0.6745487483719981,0.005911606642609535,0.1343208222483584,0.18521882273703477,United Kingdom,8.512857142857143,0.061224489795918366,4.26530612244898,49,0.0,55,0.0
13084,Hibernating or Lost,At Risk,0.6450182397136387,moderate_review,0.6450182397136387,0.0011564703832297833,0.3264756984902412,0.027349591412891085,United Kingdom,0.85,1.0,72.0,2,0.0,0,0.5
15496,Hibernating or Lost,At Risk,0.6490496539052968,moderate_review,0.6490496539052968,0.0008142945040086987,0.2981523169356102,0.051983734655084816,United Kingdom,2.640454545454545,0.09090909090909091,4.454545454545454,22,0.0,0,0.0
17658,Loyal Customers,At Risk,0.6690963625778594,moderate_review,0.6690963625778594,0.00334448888823117,0.2784483392264093,0.049110809307499816,United Kingdom,2.561052631578947,0.6842105263157895,32.421052631578945,17,0.0,185,0.3333333333333333
13795,At Risk,Loyal Customers,0.909134874552218,high,0.050623126167705305,0.04024061663903302,1.3826410432440762e-06,0.909134874552218,United Kingdom,1.8262068965517242,0.8275862068965517,43.10344827586207,23,0.3103448275862069,249,0.0
13734,Loyal Customers,At Risk,0.846130613744137,high,0.846130613744137,0.0027696354641332877,0.016142141441071345,0.13495760935065898,United Kingdom,7.515357142857143,0.17857142857142858,10.821428571428571,24,0.0,94,0.3333333333333333
17086,Champions,At Risk,0.6502418834660041,moderate_review,0.6502418834660041,0.015956024893041255,0.06189916621042633,0.2719029254305276,United Kingdom,2.1609374999999997,0.6354166666666666,19.364583333333332,76,0.0,56,0.0
13833,At Risk,Loyal Customers,0.9135580453111495,high,0.061091680014229065,0.025348745028987787,1.5296456340366635e-06,0.9135580453111495,United Kingdom,4.607555555555556,0.15555555555555556,5.4222222222222225,43,1.0,244,0.0
16406,Loyal Customers,Champions,0.9765065129176332,high,2.608494482776123e-05,0.9765065129176332,2.6361853406733913e-09,0.023467399501354458,United Kingdom,2.577232704402516,0.006289308176100629,1.7044025157232705,135,0.0,635,0.25
14420,Loyal Customers,Champions,0.8224864178439402,high,0.00010111474603903199,0.8224864178439402,2.8370191227252123e-09,0.17741246457300092,United Kingdom,2.815698924731183,0.6129032258064516,12.043010752688172,85,0.24731182795698925,592,0.42857142857142855
13195,Hibernating or Lost,At Risk,0.622888518232414,moderate_review,0.622888518232414,0.00028030789976212487,0.3480114175161199,0.028819756351704185,United Kingdom,2.2490384615384618,0.0,1.5961538461538463,43,0.0,0,0.0
13783,Loyal Customers,Hibernating or Lost,0.6625839037072621,moderate_review,0.3305777478583861,0.00021911515849650084,0.6625839037072621,0.006619233275855649,United Kingdom,0.5589999999999999,1.0,343.7,4,0.0,185,0.0
16112,At Risk,Hibernating or Lost,0.6625839037072621,moderate_review,0.3305777478583861,0.00021911515849650084,0.6625839037072621,0.006619233275855649,United Kingdom,0.5575,0.625,35.875,15,0.0,195,0.0
14896,Loyal Customers,Champions,0.9740655364669074,high,1.649027820314353e-05,0.9740655364669074,4.0606896836553126e-09,0.025917969194199707,United Kingdom,2.637979094076655,0.06968641114982578,3.8919860627177703,150,0.44947735191637633,528,0.2
16127,Loyal Customers,Champions,0.7105811890733159,moderate_review,0.0004890397540431509,0.7105811890733159,5.798734094911931e-08,0.28892971318529953,United Kingdom,2.966266666666667,0.17333333333333334,5.213333333333333,75,0.4666666666666667,687,0.0
13258,Champions,Loyal Customers,0.8612222664675775,high,0.1015274578112247,0.03724917565065682,1.1000705405282037e-06,0.8612222664675775,United Kingdom,3.3982608695652172,0.34782608695652173,9.804347826086957,29,0.0,388,0.0
16275,Loyal Customers,Champions,0.7372621612930278,moderate_review,0.00038708104522537174,0.7372621612930278,6.841066866982152e-10,0.26235075697763993,United Kingdom,3.7185585585585583,0.5225225225225225,11.423423423423424,105,0.40540540540540543,444,0.0
12739,Champions,Loyal Customers,0.8800023435686185,high,0.02641876785893822,0.09357880669514929,8.18772954161316e-08,0.8800023435686185,Other,8.167640449438203,0.47191011235955055,10.685393258426966,85,0.0,315,0.0
12979,At Risk,Loyal Customers,0.5222819542043703,moderate_review,0.43636842362694334,0.039135035677723556,0.0022145864909623282,0.5222819542043703,Other,2.350892857142857,0.30357142857142855,9.285714285714286,56,0.0,0,0.5
14340,At Risk,Hibernating or Lost,0.5226520580879255,moderate_review,0.45967107867182944,0.0007119382263818552,0.5226520580879255,0.016964925013863624,United Kingdom,2.9333333333333336,0.6666666666666666,9.666666666666666,6,0.0,0,0.0
13967,At Risk,Loyal Customers,0.8112653739164126,high,0.13864774779854,0.05007315144093112,1.372684411534865e-05,0.8112653739164126,United Kingdom,4.683333333333333,0.3333333333333333,11.0,4,0.3333333333333333,250,0.0
16649,Hibernating or Lost,At Risk,0.8033995112237373,high,0.8033995112237373,0.000557201427389725,0.1505292319810766,0.04551405536779701,United Kingdom,6.8095,0.15,4.1,20,0.0,0,0.0
17587,Hibernating or Lost,At Risk,0.6949360266619181,moderate_review,0.6949360266619181,0.0030444193694270038,0.12072749095432954,0.18129206301432552,United Kingdom,3.3983720930232555,0.0,1.5813953488372092,42,1.0,0,0.0
14853,Champions,Loyal Customers,0.4970212762409057,low_review,0.009063684079554966,0.4939144514277867,5.882517524233809e-07,0.4970212762409057,United Kingdom,5.760967741935484,0.41935483870967744,11.129032258064516,26,0.0,581,0.2857142857142857
16479,Loyal Customers,At Risk,0.7386192680994106,moderate_review,0.7386192680994106,0.0007581263579156654,0.20853770037844843,0.052084905164225315,United Kingdom,3.177142857142857,0.0,2.914285714285714,35,0.0,0,0.0
12550,Loyal Customers,At Risk,0.5887621829519468,moderate_review,0.5887621829519468,0.024524595285262303,0.005771855011294429,0.3809413667514978,Spain,3.0903508771929826,0.47368421052631576,9.982456140350877,57,0.0,0,0.0
13917,At Risk,Hibernating or Lost,0.5750626267462317,moderate_review,0.41584047457730433,0.0002310166709255371,0.5750626267462317,0.008865882005538119,United Kingdom,2.022222222222222,0.7222222222222222,12.666666666666666,16,0.0,141,0.0
13640,At Risk,Hibernating or Lost,0.49531214555001774,low_review,0.4890248542789252,0.0007393084848842952,0.49531214555001774,0.014923691686173024,United Kingdom,3.75,1.0,27.0,4,0.0,0,0.0
18138,At Risk,Hibernating or Lost,0.643709969611338,moderate_review,0.35032787220033684,0.00012120826272555341,0.643709969611338,0.005840949925598924,United Kingdom,6.25625,0.25,4.75,8,0.0,0,0.0
17866,Loyal Customers,Champions,0.6308628483762422,moderate_review,0.004485895195521504,0.6308628483762422,2.7866939462695787e-07,0.3646509777588419,United Kingdom,3.734615384615385,0.46153846153846156,20.576923076923077,20,0.0,582,0.25
17947,At Risk,Hibernating or Lost,0.6625839037072621,moderate_review,0.3305777478583861,0.00021911515849650084,0.6625839037072621,0.006619233275855649,United Kingdom,0.9422222222222223,1.0,18.666666666666668,9,0.0,0,0.0
15688,Hibernating or Lost,At Risk,0.6311892606008653,moderate_review,0.6311892606008653,0.003379884566646217,0.17840920893982906,0.18702164589265904,United Kingdom,2.3840740740740745,0.037037037037037035,3.5185185185185186,26,1.0,0,0.0
16898,Loyal Customers,Champions,0.9588644593642219,high,4.525594057676985e-05,0.9588644593642219,1.3554088470325146e-08,0.04109027114111326,United Kingdom,2.122662116040956,0.05802047781569966,2.7474402730375425,223,0.20136518771331058,550,0.16666666666666666
17985,Loyal Customers,At Risk,0.7825402931728277,high,0.7825402931728277,0.0004356196844138049,0.17988481871634418,0.03713926842641409,United Kingdom,4.469565217391304,0.08695652173913043,7.956521739130435,20,0.0,0,0.0
14483,At Risk,Loyal Customers,0.7073908822930929,moderate_review,0.23382084313410018,0.05876257155210803,2.5703020698961833e-05,0.7073908822930929,United Kingdom,1.666923076923077,0.6153846153846154,14.846153846153847,13,0.0,455,0.3333333333333333
15231,Hibernating or Lost,At Risk,0.7202950308501048,moderate_review,0.7202950308501048,0.004619866021340299,0.15477749186225478,0.12030761126630017,United Kingdom,1.862142857142857,0.7142857142857143,13.571428571428571,14,1.0,0,0.5
13724,Hibernating or Lost,At Risk,0.622888518232414,moderate_review,0.622888518232414,0.00028030789976212487,0.3480114175161199,0.028819756351704185,United Kingdom,2.1471428571428572,0.023809523809523808,3.0952380952380953,39,0.0,0,0.0
14248,Loyal Customers,At Risk,0.7754822360979571,high,0.7754822360979571,0.0028725814493118754,0.13031366405604336,0.09133151839668747,United Kingdom,2.538085106382979,0.5957446808510638,14.72340425531915,41,0.0,197,0.0
15596,Champions,Loyal Customers,0.892988418677923,high,0.01597847952009451,0.09103306068190425,4.112007776420964e-08,0.892988418677923,United Kingdom,4.042329545454546,0.2215909090909091,7.818181818181818,82,0.0,398,0.4375
17031,Champions,Loyal Customers,0.5142091614525189,moderate_review,0.020415855954933223,0.465365044217901,9.938374647152152e-06,0.5142091614525189,United Kingdom,1.8019999999999998,0.44,31.9,34,0.0,569,0.0
14449,Champions,Loyal Customers,0.5111718900434721,moderate_review,0.00848245150736468,0.48034539027922135,2.6816994132320437e-07,0.5111718900434721,United Kingdom,1.798974358974359,0.05128205128205128,3.2564102564102564,301,0.0,417,0.0
13926,At Risk,Hibernating or Lost,0.4959737363081736,low_review,0.4934150978143941,0.0002713328814897513,0.4959737363081736,0.010339832995941925,United Kingdom,6.533636363636364,0.45454545454545453,9.454545454545455,11,0.0,0,0.0
15726,Hibernating or Lost,At Risk,0.7531072186457669,high,0.7531072186457669,0.0022293392057898165,0.0868247404563695,0.1578387016920729,United Kingdom,4.838260869565217,0.21739130434782608,5.3478260869565215,23,1.0,0,0.0
15989,At Risk,Loyal Customers,0.8942440043812727,high,0.028917963936074587,0.07683720579191565,8.258907364065486e-07,0.8942440043812727,United Kingdom,3.1139772727272725,0.03409090909090909,1.9431818181818181,81,0.0,361,0.0
18030,Loyal Customers,At Risk,0.7763403132456486,high,0.7763403132456486,0.0008523340192833908,0.19368943895137408,0.02911791378369415,United Kingdom,6.705555555555555,0.3333333333333333,7.444444444444445,8,0.0,38,0.3333333333333333
15848,Hibernating or Lost,At Risk,0.6949360266619181,moderate_review,0.6949360266619181,0.0030444193694270038,0.12072749095432954,0.18129206301432552,United Kingdom,3.278285714285714,0.0,1.3142857142857143,34,1.0,0,0.0
12916,Loyal Customers,Champions,0.7015330034620072,moderate_review,0.0005985416055126181,0.7015330034620072,4.3331470712657414e-08,0.2978684116010097,United Kingdom,4.434130434782609,0.2717391304347826,9.641304347826088,82,0.9239130434782609,545,0.125
17040,At Risk,Loyal Customers,0.7029626406329794,moderate_review,0.2379950563309919,0.05901657330405269,2.5729731975163747e-05,0.7029626406329794,United Kingdom,3.1999999999999997,0.5,11.8125,15,0.0,412,0.0
18158,Loyal Customers,At Risk,0.8380687881594736,high,0.8380687881594736,0.0026015101859169477,0.02089418465877587,0.13843551699583315,United Kingdom,1.2944117647058824,0.23529411764705882,10.411764705882353,24,0.0,79,0.3333333333333333
16545,At Risk,Hibernating or Lost,0.6138854892987397,moderate_review,0.37251434734932326,0.0006883675352406359,0.6138854892987397,0.012911795816696544,United Kingdom,2.6825,1.0,40.25,6,0.0,210,0.0
16374,Loyal Customers,Champions,0.9679373006859754,high,8.548862556572179e-05,0.9679373006859754,2.10274415820437e-08,0.03197718966101814,United Kingdom,3.0047206703910616,0.025139664804469275,2.2346368715083798,276,0.0,522,0.0
16228,At Risk,Loyal Customers,0.6004596599567795,moderate_review,0.34166989088974603,0.05460834047336635,0.003262108680107393,0.6004596599567795,United Kingdom,2.9223636363636363,0.2545454545454545,10.2,45,0.0,14,0.25
15991,Hibernating or Lost,At Risk,0.4984835712030462,low_review,0.4984835712030462,0.00020232279745222137,0.49248505165039974,0.008829054349102103,United Kingdom,6.833333333333333,0.3333333333333333,6.833333333333333,6,0.0,0,0.0
17753,At Risk,Loyal Customers,0.892106178311767,high,0.025399777503498217,0.08249286391542666,1.18026930854379e-06,0.892106178311767,United Kingdom,2.841527777777778,0.027777777777777776,1.7777777777777777,63,0.0,238,0.2
17371,Loyal Customers,Champions,0.9701483488954694,high,7.009977756078294e-05,0.9701483488954694,2.805375880107381e-08,0.029781523273211173,United Kingdom,2.8709589041095893,0.0136986301369863,1.9383561643835616,135,0.0,714,0.0
14302,At Risk,Loyal Customers,0.8764008263447058,high,0.07688382497944624,0.04671396965013192,1.3790257154305727e-06,0.8764008263447058,United Kingdom,2.9071428571428575,0.5,10.642857142857142,25,0.0,306,0.0
12657,Champions,At Risk,0.9193788056309354,high,0.9193788056309354,0.0017349370635341584,0.018823238779781024,0.06006301852574953,France,5.044893617021277,0.40425531914893614,22.21276595744681,35,0.0,67,0.2
17270,At Risk,Loyal Customers,0.8780938454915321,high,0.01855914079122712,0.10334681049844947,2.032187917828374e-07,0.8780938454915321,United Kingdom,2.7620408163265306,0.1836734693877551,8.591836734693878,45,0.0,262,0.0
17169,Loyal Customers,Champions,0.7745358619944057,high,0.0005291935044698267,0.7745358619944057,1.4087970537494531e-08,0.22493493041315318,United Kingdom,3.042133333333333,0.41333333333333333,8.946666666666667,64,0.0,520,0.5
15087,At Risk,Hibernating or Lost,0.5817565378872296,moderate_review,0.40747214724564496,0.00037708149633431705,0.5817565378872296,0.010394233370791183,United Kingdom,2.036,0.5333333333333333,31.333333333333332,15,0.0,0,0.0
14974,At Risk,Hibernating or Lost,0.7305408822328047,moderate_review,0.2638483094784826,0.00013509900715557725,0.7305408822328047,0.005475709281556422,United Kingdom,3.467142857142857,0.0,2.0952380952380953,17,0.0,0,0.0
17259,Loyal Customers,Champions,0.9701483488954694,high,7.009977756078294e-05,0.9701483488954694,2.805375880107381e-08,0.029781523273211173,United Kingdom,2.5904545454545453,0.08484848484848485,3.5090909090909093,179,0.0,507,0.0
15508,Loyal Customers,At Risk,0.6313688337125513,moderate_review,0.6313688337125513,0.011968285484357815,0.08302634950656722,0.2736365312965235,United Kingdom,3.392608695652174,0.11956521739130435,4.782608695652174,78,0.0,46,0.0
15283,At Risk,Hibernating or Lost,0.5072537080810667,moderate_review,0.4791000594224299,0.0003067829127409522,0.5072537080810667,0.013339449583763006,United Kingdom,6.448888888888889,0.0,3.0,9,0.1111111111111111,127,0.25
15267,Champions,Hibernating or Lost,0.6625839037072621,moderate_review,0.3305777478583861,0.00021911515849650084,0.6625839037072621,0.006619233275855649,United Kingdom,1.8354545454545452,1.0,85.81818181818181,8,0.0,160,0.0
14050,Loyal Customers,At Risk,0.6529577984464682,moderate_review,0.6529577984464682,0.013429277097235752,0.04288605454495323,0.2907268699113423,United Kingdom,1.5387037037037037,0.7407407407407407,12.75925925925926,49,0.0,74,0.0
17378,At Risk,Hibernating or Lost,0.5072537080810667,moderate_review,0.4791000594224299,0.0003067829127409522,0.5072537080810667,0.013339449583763006,United Kingdom,10.95,0.0,1.0,1,0.0,0,0.5
14590,Loyal Customers,Champions,0.5652734931650972,moderate_review,0.00349963964276934,0.5652734931650972,2.1379700458493737e-08,0.43122684581243365,United Kingdom,3.8465196078431374,0.09803921568627451,4.431372549019608,124,0.0,307,0.2857142857142857
13036,Hibernating or Lost,At Risk,0.596955181781055,moderate_review,0.596955181781055,0.0010341282071320785,0.36289528906889434,0.03911540094291876,United Kingdom,9.658333333333333,0.16666666666666666,6.333333333333333,6,1.0,0,0.0
15289,Loyal Customers,Champions,0.7850900537360093,high,0.00022552856756029272,0.7850900537360093,1.1154525712004105e-08,0.2146844065419054,United Kingdom,1.3923711340206186,0.7938144329896907,16.77319587628866,67,0.28865979381443296,592,0.2857142857142857
16222,Loyal Customers,Champions,0.5817880101099283,moderate_review,0.004504396097550479,0.5817880101099283,7.196247066467876e-08,0.41370752183005005,United Kingdom,3.4654375,0.05,3.14375,133,0.0,402,0.0
15654,Loyal Customers,At Risk,0.5738627720252253,moderate_review,0.5738627720252253,0.003702895843723265,0.3576461033715075,0.06478822875954389,United Kingdom,3.070952380952381,0.7619047619047619,22.61904761904762,15,0.42857142857142855,16,0.0
18265,Loyal Customers,At Risk,0.8607784496184314,high,0.8607784496184314,0.0007003392697516196,0.08671761548301503,0.05180359562880262,United Kingdom,5.246521739130435,0.1956521739130435,6.760869565217392,44,0.0,85,0.0
16966,Champions,Loyal Customers,0.7073908822930929,moderate_review,0.23382084313410018,0.05876257155210803,2.5703020698961833e-05,0.7073908822930929,United Kingdom,1.2935714285714286,0.9642857142857143,70.75,8,0.0,231,0.3
18057,Loyal Customers,Champions,0.6397103353526308,moderate_review,0.002888699934712653,0.6397103353526308,1.0874936267041979e-08,0.3574009538377206,United Kingdom,2.9737142857142858,0.15714285714285714,6.985714285714286,121,0.0,297,0.0
14571,Hibernating or Lost,At Risk,0.6311892606008653,moderate_review,0.6311892606008653,0.003379884566646217,0.17840920893982906,0.18702164589265904,United Kingdom,2.8354838709677415,0.0,1.8387096774193548,30,1.0,0,0.0
16067,Loyal Customers,At Risk,0.5145603037953757,moderate_review,0.5145603037953757,0.03601547079372994,0.009465329036846187,0.4399588963740484,United Kingdom,3.852054794520548,0.589041095890411,17.52054794520548,60,0.1506849315068493,112,0.5
18232,Loyal Customers,At Risk,0.8596366604048866,high,0.8596366604048866,0.00151282479593671,0.05719178778984223,0.08165872700933445,United Kingdom,3.724864864864865,0.35135135135135137,8.162162162162161,31,0.0,115,0.2
17132,At Risk,Loyal Customers,0.7119358352075399,moderate_review,0.22260060692902114,0.062225298828703146,0.0032382590347360242,0.7119358352075399,United Kingdom,3.275128205128205,0.44871794871794873,12.564102564102564,62,0.6025641025641025,36,0.0
15869,At Risk,Loyal Customers,0.8005165448718804,high,0.18000995036266929,0.019468357737155238,5.147028295483073e-06,0.8005165448718804,United Kingdom,2.2605714285714287,0.14285714285714285,7.828571428571428,29,0.0,349,0.0
17603,Loyal Customers,Champions,0.9728698621407936,high,4.0073383775238585e-05,0.9728698621407936,8.881732924356441e-10,0.027090063587258347,United Kingdom,4.335327102803738,0.18691588785046728,5.981308411214953,104,0.0,651,0.6363636363636364
14143,At Risk,Hibernating or Lost,0.643709969611338,moderate_review,0.35032787220033684,0.00012120826272555341,0.643709969611338,0.005840949925598924,United Kingdom,5.485714285714286,0.14285714285714285,4.285714285714286,7,0.0,0,0.0
14509,Hibernating or Lost,At Risk,0.7386192680994106,moderate_review,0.7386192680994106,0.0007581263579156654,0.20853770037844843,0.052084905164225315,United Kingdom,3.51,0.0,1.52,25,0.0,0,0.0
15219,At Risk,Loyal Customers,0.8379301960185245,high,0.13178243003033002,0.03028517408744374,2.199863702265374e-06,0.8379301960185245,United Kingdom,5.046923076923077,0.5,10.423076923076923,26,0.0,472,0.0
13864,At Risk,Hibernating or Lost,0.49531214555001774,low_review,0.4890248542789252,0.0007393084848842952,0.49531214555001774,0.014923691686173024,United Kingdom,3.45,1.0,192.0,1,0.0,0,0.0
14511,Champions,Loyal Customers,0.6905163251449835,moderate_review,0.2421706998124525,0.059266103342060616,0.008046871700503425,0.6905163251449835,United Kingdom,2.501764705882353,0.7352941176470589,11.529411764705882,53,0.25,122,0.16666666666666666
14866,Champions,Loyal Customers,0.8385187298486457,high,0.11333521286807689,0.04814351508905135,2.5421942263807168e-06,0.8385187298486457,United Kingdom,3.3136496350364966,0.8175182481751825,67.39416058394161,40,0.029197080291970802,459,0.05
14452,Loyal Customers,Champions,0.9679373006859754,high,8.548862556572179e-05,0.9679373006859754,2.10274415820437e-08,0.03197718966101814,United Kingdom,3.1096212121212123,0.015151515151515152,2.1893939393939394,108,0.0,510,0.0
14969,At Risk,Hibernating or Lost,0.49531214555001774,low_review,0.4890248542789252,0.0007393084848842952,0.49531214555001774,0.014923691686173024,United Kingdom,3.2392307692307694,1.0,51.15384615384615,13,0.0,0,0.0
18028,At Risk,Hibernating or Lost,0.6138854892987397,moderate_review,0.37251434734932326,0.0006883675352406359,0.6138854892987397,0.012911795816696544,United Kingdom,2.75,0.75,33.25,4,0.0,0,0.0
16974,At Risk,Hibernating or Lost,0.4959737363081736,low_review,0.4934150978143941,0.0002713328814897513,0.4959737363081736,0.010339832995941925,United Kingdom,5.3125,0.375,8.75,5,0.0,41,0.0
15809,Champions,Loyal Customers,0.8689505082547436,high,0.010500264614704876,0.12054920651386054,2.061669098224424e-08,0.8689505082547436,United Kingdom,8.70551724137931,0.4482758620689655,12.068965517241379,51,0.0,499,0.2222222222222222
17141,At Risk,Champions,0.6352384448555851,moderate_review,0.0009427298898627979,0.6352384448555851,1.507823431861926e-08,0.36381881017631706,United Kingdom,2.929367816091954,0.09770114942528736,2.5057471264367814,138,1.0,266,0.0
17691,Loyal Customers,At Risk,0.8596366604048866,high,0.8596366604048866,0.00151282479593671,0.05719178778984223,0.08165872700933445,United Kingdom,3.351923076923077,0.3269230769230769,7.173076923076923,37,0.0,188,0.2
14634,Loyal Customers,Champions,0.4696592375037489,low_review,0.14556100616894177,0.4696592375037489,0.001957406905848143,0.38282234942146215,United Kingdom,2.096238532110092,0.6880733944954128,17.486238532110093,105,0.0,104,0.42857142857142855
12973,At Risk,Hibernating or Lost,0.643709969611338,moderate_review,0.35032787220033684,0.00012120826272555341,0.643709969611338,0.005840949925598924,United Kingdom,28.375,0.16666666666666666,5.166666666666667,6,0.0,0,0.0
14406,At Risk,Hibernating or Lost,0.5204900635560313,moderate_review,0.4662290994046468,0.0004165221015636378,0.5204900635560313,0.012864314937758707,United Kingdom,3.795,0.125,9.625,8,0.0,0,0.0
17842,At Risk,Hibernating or Lost,0.8053437570891684,high,0.192085193772146,4.547106426641222e-05,0.8053437570891684,0.0025255780744198038,United Kingdom,5.782777777777778,0.1111111111111111,4.944444444444445,18,0.0,0,0.0
15441,At Risk,Loyal Customers,0.8583389205544516,high,0.013915205572260359,0.12774580242372915,7.14495581534346e-08,0.8583389205544516,United Kingdom,3.5187719298245614,0.49122807017543857,10.298245614035087,45,0.0,334,0.0
15374,At Risk,Loyal Customers,0.5664796629088443,moderate_review,0.3965088307320944,0.036838905795879236,0.0001726005631819614,0.5664796629088443,United Kingdom,1.841,0.7,29.0,8,0.0,495,0.0
17518,At Risk,Loyal Customers,0.5967589475498478,moderate_review,0.32769285642182966,0.03240686932055382,0.04314132670776823,0.5967589475498478,United Kingdom,2.3902597402597405,0.03896103896103896,3.4675324675324677,71,1.0,195,0.0
16321,Loyal Customers,Champions,0.6784966538587778,moderate_review,0.01579277947195135,0.6784966538587778,6.043800982307001e-06,0.3057045228682893,Other,2.9217391304347826,0.6086956521739131,11.26086956521739,15,0.0,666,0.3
14269,Hibernating or Lost,At Risk,0.7710357199493337,high,0.7710357199493337,0.003613024185399232,0.11836565387687364,0.10698560198839294,United Kingdom,4.935625,0.3125,7.6875,16,1.0,0,0.5
13153,Loyal Customers,Hibernating or Lost,0.5338464198620827,moderate_review,0.4328642001675719,0.0012245856390788528,0.5338464198620827,0.03206479433126702,United Kingdom,1.278,0.8666666666666667,27.866666666666667,15,1.0,0,0.0
15653,Loyal Customers,Hibernating or Lost,0.6625839037072621,moderate_review,0.3305777478583861,0.00021911515849650084,0.6625839037072621,0.006619233275855649,United Kingdom,0.9066666666666666,1.0,200.0,4,0.0,23,0.0
17118,At Risk,Hibernating or Lost,0.5817565378872296,moderate_review,0.40747214724564496,0.00037708149633431705,0.5817565378872296,0.010394233370791183,United Kingdom,1.3579999999999999,0.5,15.4,10,0.0,0,0.0
16903,Loyal Customers,Champions,0.5789483574319254,moderate_review,0.002585994313260423,0.5789483574319254,9.048071295430178e-09,0.41846563920674346,United Kingdom,2.242578947368421,0.15263157894736842,3.931578947368421,148,0.0,386,0.25
12990,Loyal Customers,Champions,0.5746345540046771,moderate_review,0.05053458388812553,0.5746345540046771,0.00024124744744804605,0.37458961465974966,United Kingdom,1.9981481481481482,0.5555555555555556,17.77777777777778,9,0.0,588,0.0
13820,At Risk,Loyal Customers,0.877263076698941,high,0.003188274604671849,0.11954862567582436,2.3020561990434984e-08,0.877263076698941,United Kingdom,2.8554444444444447,0.011111111111111112,3.188888888888889,68,0.5444444444444444,262,0.4
14012,At Risk,Hibernating or Lost,0.5286258793910906,moderate_review,0.45032698999653087,0.0011618333531840947,0.5286258793910906,0.019885297259194912,United Kingdom,2.8318181818181816,0.5454545454545454,14.545454545454545,11,0.0,0,0.0
14070,Hibernating or Lost,At Risk,0.699121992610056,moderate_review,0.699121992610056,0.0014159763552151494,0.18391261086613653,0.1155494201685927,United Kingdom,4.767857142857143,0.0,2.0476190476190474,40,1.0,0,0.0
14685,Loyal Customers,Champions,0.6010944288405607,moderate_review,0.022156952296296627,0.6010944288405607,4.475251331852316e-05,0.3767038663498235,United Kingdom,3.2117948717948717,0.22564102564102564,10.317948717948719,109,0.6051282051282051,150,0.38461538461538464
15476,Loyal Customers,At Risk,0.5346079062853114,moderate_review,0.5346079062853114,0.03657326321281177,0.0418429538487959,0.38697587665308114,United Kingdom,2.8462025316455697,0.6708860759493671,14.860759493670885,67,0.0,62,0.2
14724,Hibernating or Lost,At Risk,0.6490496539052968,moderate_review,0.6490496539052968,0.0008142945040086987,0.2981523169356102,0.051983734655084816,United Kingdom,2.50953488372093,0.046511627906976744,4.348837209302325,40,0.0,0,0.0
17396,Champions,Loyal Customers,0.7966577431482789,high,0.1699585574733541,0.03337792661045756,5.77276790924328e-06,0.7966577431482789,United Kingdom,4.2026,0.84,48.38,29,0.0,402,0.125
14684,Loyal Customers,Champions,0.5190670437087724,moderate_review,0.0021475957105030067,0.5190670437087724,4.177713369826331e-08,0.4787853188035915,United Kingdom,1.70616570327553,0.02119460500963391,2.001926782273603,272,0.7630057803468208,364,0.0
12827,Loyal Customers,At Risk,0.6779982120978826,moderate_review,0.6779982120978826,0.006224773569220519,0.0451586564277893,0.27061835790510735,United Kingdom,2.8680000000000003,0.32,7.88,19,0.2,38,0.0
16301,Hibernating or Lost,At Risk,0.5947845570931846,moderate_review,0.5947845570931846,0.0005221680175467256,0.38806519193259115,0.016628082956678142,United Kingdom,3.3233333333333337,0.3333333333333333,6.833333333333333,6,0.0,0,0.0
17455,At Risk,Hibernating or Lost,0.7025009347304892,moderate_review,0.29002385428550054,0.00021293674705264871,0.7025009347304892,0.007262274236958253,United Kingdom,2.825,0.0,8.25,8,0.0,0,0.0
16846,Loyal Customers,Champions,0.774545527743185,high,0.0007874021981668779,0.774545527743185,1.0127714978804449e-07,0.22466696878149903,United Kingdom,2.71468085106383,0.40425531914893614,11.0,47,0.0,589,0.0
16830,Loyal Customers,Champions,0.7448086779745412,moderate_review,0.0003574836076550716,0.7448086779745412,3.708242609378438e-08,0.254833801335378,United Kingdom,2.8884,0.28,9.32,65,0.21333333333333335,687,0.2
17962,Loyal Customers,Champions,0.9527062675286382,high,0.00019191816491408956,0.9527062675286382,9.341430826162367e-08,0.04710172089214037,United Kingdom,1.9995500000000002,0.07,3.255,146,0.0,552,0.2
17173,Champions,At Risk,0.6834556639967838,moderate_review,0.6834556639967838,0.007409427790203147,0.029967509567080396,0.27916739864593343,United Kingdom,3.7151162790697674,0.8023255813953488,13.046511627906977,36,0.313953488372093,125,0.1111111111111111
16521,Loyal Customers,Champions,0.5998457545140751,moderate_review,0.003799520382725674,0.5998457545140751,9.876307177184119e-08,0.396354626340127,United Kingdom,2.537405857740586,0.12552301255230125,4.2510460251046025,212,0.0,232,0.0
15879,Loyal Customers,Champions,0.6179814692796378,moderate_review,0.0011210076418205507,0.6179814692796378,1.1019844487038572e-08,0.38089751205869776,United Kingdom,3.362459016393443,0.10382513661202186,3.5136612021857925,171,0.4098360655737705,317,0.0
17079,At Risk,Hibernating or Lost,0.508902716968125,moderate_review,0.4809150912288253,0.00028172429969533784,0.508902716968125,0.009900467503354967,United Kingdom,4.95,1.0,12.0,2,0.0,0,0.0
16524,At Risk,Loyal Customers,0.9026307242250012,high,0.0078900375063604,0.08947909961497434,1.3865366431390053e-07,0.9026307242250012,United Kingdom,3.380555555555556,0.12962962962962962,4.814814814814815,50,1.0,245,0.0
14615,Loyal Customers,At Risk,0.8368435692463948,high,0.8368435692463948,0.00296768913712739,0.042477922495809076,0.11771081912066904,United Kingdom,3.408541666666667,0.5208333333333334,10.3125,40,0.0,153,0.16666666666666666
16668,Champions,Loyal Customers,0.5329303934415414,moderate_review,0.026956204174661925,0.440094980653126,1.8421730670665108e-05,0.5329303934415414,United Kingdom,2.090188679245283,0.7169811320754716,14.584905660377359,28,0.018867924528301886,615,0.0
16615,Hibernating or Lost,At Risk,0.7574184472245591,high,0.7574184472245591,0.007265637313491374,0.00970882029761263,0.22560709516433614,United Kingdom,3.3084210526315787,0.5263157894736842,11.105263157894736,19,0.0,0,0.5
13434,Loyal Customers,Champions,0.6067566085676112,moderate_review,0.017454655139753184,0.6067566085676112,7.197913548856551e-05,0.37571675715714753,United Kingdom,1.984,0.9142857142857143,24.685714285714287,17,0.3142857142857143,581,0.0
13685,Champions,At Risk,0.8212071185728523,high,0.8212071185728523,0.001124390324909289,0.11750754327705194,0.060160947825185995,United Kingdom,0.7007692307692308,0.28205128205128205,129.64102564102564,29,0.0,57,0.0
16058,Hibernating or Lost,At Risk,0.5888990040447544,moderate_review,0.5888990040447544,0.0007004665889377673,0.39092178007691597,0.0194787492893925,United Kingdom,3.35,0.5,9.0,2,0.0,0,0.0
15012,Loyal Customers,Champions,0.9701483488954694,high,7.009977756078294e-05,0.9701483488954694,2.805375880107381e-08,0.029781523273211173,United Kingdom,2.655921568627451,0.0392156862745098,1.8784313725490196,165,0.0,523,0.0
13827,Loyal Customers,At Risk,0.6313688337125513,moderate_review,0.6313688337125513,0.011968285484357815,0.08302634950656722,0.2736365312965235,United Kingdom,3.7441935483870967,0.010752688172043012,1.5161290322580645,83,0.0,85,0.0
15437,At Risk,Loyal Customers,0.8942440043812727,high,0.028917963936074587,0.07683720579191565,8.258907364065486e-07,0.8942440043812727,United Kingdom,2.964035087719298,0.05263157894736842,3.1052631578947367,56,0.0,378,0.0
16044,Hibernating or Lost,At Risk,0.8456920669792868,high,0.8456920669792868,0.0020164245844248407,0.05724466827942253,0.09504684015686533,United Kingdom,3.023157894736842,0.3684210526315789,8.947368421052632,19,0.0,0,0.0
15043,Champions,Loyal Customers,0.8554188438608463,high,0.0907549756551649,0.05382473040924544,1.4500747427845447e-06,0.8554188438608463,United Kingdom,3.3042307692307693,0.40384615384615385,19.826923076923077,39,0.0,501,0.0
13516,Champions,Loyal Customers,0.8289565169288982,high,0.014309474669332647,0.15673390191087128,1.0649089809414193e-07,0.8289565169288982,United Kingdom,3.5737704918032787,0.4262295081967213,18.262295081967213,55,0.0,396,0.0
17737,Loyal Customers,At Risk,0.5378948354889166,moderate_review,0.5378948354889166,0.001163137329384586,0.43565122502647113,0.02529080215522753,United Kingdom,2.414,0.5,10.8,8,0.0,49,0.0
17061,Champions,At Risk,0.6240626996576063,moderate_review,0.6240626996576063,0.022545289535689385,0.03238114063032443,0.3210108701763806,United Kingdom,5.0870707070707075,0.46464646464646464,15.414141414141413,57,0.1111111111111111,158,0.08333333333333333
16354,Loyal Customers,Champions,0.9701483488954694,high,7.009977756078294e-05,0.9701483488954694,2.805375880107381e-08,0.029781523273211173,United Kingdom,2.7296478873239436,0.06338028169014084,4.21830985915493,116,0.0,528,0.0
12479,Loyal Customers,At Risk,0.6529179187183987,moderate_review,0.6529179187183987,0.009476581754419455,0.005126975181979717,0.3324785243452016,Germany,2.6687096774193546,0.7419354838709677,12.419354838709678,31,0.0,0,0.6666666666666666
14556,At Risk,Loyal Customers,0.3942893623348598,low_review,0.26968531321613626,0.30374773996419824,0.03227758448480631,0.3942893623348598,United Kingdom,2.7585714285714285,0.0049261083743842365,1.6305418719211822,158,0.0,92,0.0
13746,Hibernating or Lost,At Risk,0.5888990040447544,moderate_review,0.5888990040447544,0.0007004665889377673,0.39092178007691597,0.0194787492893925,United Kingdom,3.4633333333333334,0.5555555555555556,9.222222222222221,9,0.0,0,0.0
15954,Hibernating or Lost,At Risk,0.7406935537148845,moderate_review,0.7406935537148845,0.0003910209380395364,0.22250941458158835,0.036406010765487676,United Kingdom,1.7,0.1,5.95,20,0.0,0,0.0
18063,At Risk,Loyal Customers,0.8087750311352183,high,0.10040198317520967,0.0908093959912211,1.3589698350183674e-05,0.8087750311352183,United Kingdom,3.766666666666667,1.0,16.0,2,0.6666666666666666,242,0.0
12610,Champions,At Risk,0.4853062092767888,low_review,0.4853062092767888,0.033173359358839714,0.0017488650443444852,0.47977156632002815,Other,5.024716981132076,0.5094339622641509,9.89622641509434,85,0.0,103,0.2857142857142857
13946,Loyal Customers,Champions,0.7579858190138364,high,0.0004218600427106214,0.7579858190138364,5.8854872127301e-08,0.24159226208858142,United Kingdom,1.9380357142857143,0.44642857142857145,50.839285714285715,49,0.3392857142857143,656,0.14285714285714285
12387,Hibernating or Lost,At Risk,0.5924278938747348,moderate_review,0.5924278938747348,0.0009136448674925039,0.38915594890159994,0.017502512356171597,Other,2.7622222222222224,0.8888888888888888,14.88888888888889,9,0.0,0,0.0
15245,Champions,Loyal Customers,0.8704724511414116,high,0.029175526497353495,0.10035141917608549,6.031851499545524e-07,0.8704724511414116,United Kingdom,1.8649324324324323,0.6351351351351351,20.41216216216216,72,0.10810810810810811,461,0.0
18093,Champions,Loyal Customers,0.5329303934415414,moderate_review,0.026956204174661925,0.440094980653126,1.8421730670665108e-05,0.5329303934415414,United Kingdom,1.8049180327868852,0.9836065573770492,56.21311475409836,43,0.0,525,0.1111111111111111
12468,Loyal Customers,Champions,0.8013672194272047,high,8.61609121123273e-05,0.8013672194272047,3.414245450249451e-11,0.19854661962653997,Germany,2.7754,0.62,14.673333333333334,127,0.17333333333333334,495,0.5
16163,Loyal Customers,Champions,0.7485712375720822,moderate_review,0.0007438036849373117,0.7485712375720822,2.2484625151795655e-08,0.25068493625835575,United Kingdom,5.182876712328768,0.3698630136986301,10.520547945205479,59,0.0,505,0.5714285714285714
14789,At Risk,Hibernating or Lost,0.6625839037072621,moderate_review,0.3305777478583861,0.00021911515849650084,0.6625839037072621,0.006619233275855649,United Kingdom,2.0566666666666666,1.0,19.333333333333332,6,0.0,0,0.0
13627,Loyal Customers,Champions,0.9852790493222477,high,9.311153439037625e-06,0.9852790493222477,1.039796187679245e-10,0.014711639420332817,United Kingdom,3.004263565891473,0.5736434108527132,12.651162790697674,118,0.16279069767441862,581,0.3
17740,At Risk,Loyal Customers,0.5664796629088443,moderate_review,0.3965088307320944,0.036838905795879236,0.0001726005631819614,0.5664796629088443,United Kingdom,2.192222222222222,0.7777777777777778,24.666666666666668,5,0.0,308,0.0
12751,Hibernating or Lost,At Risk,0.7390729531651564,moderate_review,0.7390729531651564,0.005126308074516005,0.07666252928956213,0.17913820947076695,Other,1.834032258064516,0.04838709677419355,3.0483870967741935,61,0.0,0,0.0
12802,Loyal Customers,Champions,0.7550205265347172,high,0.0008094948331234841,0.7550205265347172,1.5031975632031275e-09,0.24416997712896268,Netherlands,2.622608695652174,0.5869565217391305,14.289855072463768,108,0.0,377,0.2222222222222222
16798,At Risk,Loyal Customers,0.5183889655126298,moderate_review,0.08113868326589732,0.3990679811509655,0.001404370070508427,0.5183889655126298,United Kingdom,4.155260115606937,0.005780346820809248,1.2080924855491328,141,0.4797687861271676,174,0.25
14737,Champions,Loyal Customers,0.7966577431482789,high,0.1699585574733541,0.03337792661045756,5.77276790924328e-06,0.7966577431482789,United Kingdom,3.862888888888889,0.8888888888888888,23.8,28,0.0,396,0.0
14658,Loyal Customers,At Risk,0.699121992610056,moderate_review,0.699121992610056,0.0014159763552151494,0.18391261086613653,0.1155494201685927,United Kingdom,5.588275862068966,0.0,1.6206896551724137,27,1.0,111,0.0
17158,Loyal Customers,Champions,0.7868676474409136,high,0.00022908428236016282,0.7868676474409136,1.1143233291610896e-08,0.21290325713349276,United Kingdom,3.5534513274336286,0.5309734513274337,10.150442477876107,74,0.17699115044247787,609,0.16666666666666666
13253,Loyal Customers,Champions,0.7110812118740526,moderate_review,0.002358325185274662,0.7110812118740526,7.50661662507809e-07,0.28655971227901045,United Kingdom,1.6302666666666665,0.9866666666666667,40.2,73,0.0,546,0.0
16426,Champions,Loyal Customers,0.5111718900434721,moderate_review,0.00848245150736468,0.48034539027922135,2.6816994132320437e-07,0.5111718900434721,United Kingdom,2.086666666666667,0.0456989247311828,3.3413978494623655,211,0.0,273,0.0
16937,Hibernating or Lost,At Risk,0.6439543522648258,moderate_review,0.6439543522648258,0.005351899276609158,0.16757418106880087,0.1831195673897636,United Kingdom,1.9892156862745098,0.0196078431372549,2.4705882352941178,49,0.0,0,0.0
16323,At Risk,Loyal Customers,0.6625890821436974,moderate_review,0.2679188320911066,0.0693961965675248,9.588919767175386e-05,0.6625890821436974,United Kingdom,2.335,1.0,36.5,4,0.0,381,0.0
15846,Hibernating or Lost,At Risk,0.622888518232414,moderate_review,0.622888518232414,0.00028030789976212487,0.3480114175161199,0.028819756351704185,United Kingdom,1.8168965517241378,0.034482758620689655,2.7241379310344827,27,0.0,0,0.0
14575,At Risk,Loyal Customers,0.5798402326660045,moderate_review,0.36163852575377065,0.029259181732696666,0.029262059847527867,0.5798402326660045,United Kingdom,3.223108108108108,0.02702702702702703,2.3783783783783785,71,1.0,0,0.0
16895,Loyal Customers,Champions,0.9679373006859754,high,8.548862556572179e-05,0.9679373006859754,2.10274415820437e-08,0.03197718966101814,United Kingdom,2.996842105263158,0.04678362573099415,2.5321637426900585,135,0.0,601,0.0
16921,Loyal Customers,Champions,0.6962315855974162,moderate_review,0.0005729515100430121,0.6962315855974162,2.522174201747517e-07,0.303195210675121,United Kingdom,2.757263157894737,0.05263157894736842,3.1473684210526316,78,0.8842105263157894,539,0.0
17916,At Risk,Hibernating or Lost,0.7622873195226759,high,0.22610588509403895,0.00021664688175492878,0.7622873195226759,0.011390148501530783,United Kingdom,1.174736842105263,0.10526315789473684,4.7368421052631575,15,1.0,104,0.0
15993,Champions,Loyal Customers,0.5377847896528131,moderate_review,0.08127796654361918,0.3790988080335526,0.0018384357700143162,0.5377847896528131,United Kingdom,2.233713768115942,0.059782608695652176,3.7155797101449277,335,0.19927536231884058,35,0.3
17721,Hibernating or Lost,At Risk,0.5615387263657337,moderate_review,0.5615387263657337,0.0004592763709928045,0.4232745500452161,0.014727447218057512,United Kingdom,4.173636363636364,0.45454545454545453,9.727272727272727,11,0.0,0,0.0
16976,At Risk,Hibernating or Lost,0.6005744235979578,moderate_review,0.39158098138480507,0.00027369050838278936,0.6005744235979578,0.007570904508855301,United Kingdom,6.005,1.0,44.0,2,0.0,0,0.0
13371,At Risk,Loyal Customers,0.5153041971763457,moderate_review,0.44428972622801494,0.03638943659796026,0.004016639997679665,0.5153041971763457,United Kingdom,4.004130434782609,0.40217391304347827,11.076086956521738,75,0.0,127,0.5
12389,At Risk,Loyal Customers,0.8483604521871695,high,0.11123765740757842,0.04040077390982522,1.1164954280865923e-06,0.8483604521871695,Other,2.6542857142857144,0.6530612244897959,12.53061224489796,41,0.0,253,0.0
18058,Loyal Customers,Champions,0.5440678580703685,moderate_review,0.0668018536243272,0.5440678580703685,0.0004476993525502511,0.38868258895275454,United Kingdom,1.95875,0.8125,24.625,12,0.0,657,0.0
13584,At Risk,Loyal Customers,0.877263076698941,high,0.003188274604671849,0.11954862567582436,2.3020561990434984e-08,0.877263076698941,United Kingdom,2.4139759036144577,0.0963855421686747,4.373493975903615,74,0.2891566265060241,369,0.4
17742,Loyal Customers,Champions,0.6298972710469025,moderate_review,0.003411607393990643,0.6298972710469025,5.352720085050849e-07,0.36669058628709816,United Kingdom,7.747529411764705,0.23529411764705882,7.682352941176471,52,0.0,625,0.0
18184,Loyal Customers,Hibernating or Lost,0.6625839037072621,moderate_review,0.3305777478583861,0.00021911515849650084,0.6625839037072621,0.006619233275855649,United Kingdom,0.83,1.0,60.0,1,0.0,0,0.0
12962,Loyal Customers,At Risk,0.5888990040447544,moderate_review,0.5888990040447544,0.0007004665889377673,0.39092178007691597,0.0194787492893925,United Kingdom,2.985625,0.375,8.0625,15,0.0,106,0.0
14272,Loyal Customers,Champions,0.7990968564501582,high,0.0009506164783379123,0.7990968564501582,2.4878430840477565e-07,0.1999522782871955,United Kingdom,2.3159375,0.609375,17.140625,62,0.0,508,0.0
18120,At Risk,Hibernating or Lost,0.8053437570891684,high,0.192085193772146,4.547106426641222e-05,0.8053437570891684,0.0025255780744198038,United Kingdom,4.0323529411764705,0.0,1.8235294117647058,17,0.0,0,0.0
17296,Hibernating or Lost,At Risk,0.8607784496184314,high,0.8607784496184314,0.0007003392697516196,0.08671761548301503,0.05180359562880262,United Kingdom,3.890909090909091,0.24242424242424243,6.545454545454546,32,0.0,0,0.0
16673,Hibernating or Lost,At Risk,0.7664500902730681,high,0.7664500902730681,0.0014054123538916228,0.15430225868864722,0.07784223868439212,United Kingdom,2.8145,0.15,5.05,19,0.0,0,0.0
13587,Loyal Customers,Champions,0.5916556413995703,moderate_review,0.0021320682676013595,0.5916556413995703,1.2340588075741835e-07,0.40621216692694917,United Kingdom,3.8729999999999998,0.5,22.133333333333333,27,0.3333333333333333,599,0.3333333333333333
14267,Loyal Customers,At Risk,0.8247040482208206,high,0.8247040482208206,0.0036574580248385476,0.01600758838129597,0.15563090537304555,United Kingdom,4.3910909090909085,0.38181818181818183,9.636363636363637,25,0.0,97,0.6666666666666666
13651,At Risk,Loyal Customers,0.6900946293900346,moderate_review,0.27394141229204166,0.03593635209989436,2.7606218028880543e-05,0.6900946293900346,United Kingdom,7.628571428571428,0.21428571428571427,4.428571428571429,14,0.0,346,0.25
12529,Hibernating or Lost,At Risk,0.8585906670870574,high,0.8585906670870574,0.003942875502562082,0.002651070697297412,0.13481538671308405,France,3.040952380952381,0.2857142857142857,9.142857142857142,21,0.0,0,0.5
17789,At Risk,Loyal Customers,0.8446380762770813,high,0.12461938101120448,0.030740742073703243,1.8006380113584795e-06,0.8446380762770813,United Kingdom,3.3517241379310345,0.20689655172413793,6.862068965517241,27,0.0,379,0.0
16501,At Risk,Loyal Customers,0.4790925992139787,low_review,0.08857659440746476,0.4258076151533044,0.006523191225252925,0.4790925992139787,United Kingdom,2.664106280193237,0.04830917874396135,3.101449275362319,181,1.0,0,0.0
17070,At Risk,Champions,0.5998457545140751,moderate_review,0.003799520382725674,0.5998457545140751,9.876307177184119e-08,0.396354626340127,United Kingdom,2.403047619047619,0.0380952380952381,2.2285714285714286,102,0.0,296,0.0
18281,At Risk,Loyal Customers,0.8360856328606505,high,0.0957613819261614,0.06814449030023484,8.494912953346661e-06,0.8360856328606505,United Kingdom,3.433529411764706,0.4117647058823529,8.588235294117647,17,0.4117647058823529,397,0.0
14602,Hibernating or Lost,At Risk,0.6949360266619181,moderate_review,0.6949360266619181,0.0030444193694270038,0.12072749095432954,0.18129206301432552,United Kingdom,3.558709677419355,0.0,2.5806451612903225,31,1.0,0,0.0
15852,At Risk,Loyal Customers,0.7492841312829094,moderate_review,0.23505909468163005,0.015634948732353757,2.1825303106172596e-05,0.7492841312829094,United Kingdom,4.776060606060606,0.0,1.8181818181818181,31,0.0,340,0.0
16858,Champions,Loyal Customers,0.8689505082547436,high,0.010500264614704876,0.12054920651386054,2.061669098224424e-08,0.8689505082547436,United Kingdom,4.112573529411765,0.4264705882352941,11.132352941176471,75,0.16176470588235295,355,0.375
13403,Loyal Customers,Champions,0.6252116892490408,moderate_review,0.028761420890986034,0.6252116892490408,4.787251812541687e-05,0.3459790173418481,United Kingdom,3.644444444444444,0.5555555555555556,12.666666666666666,9,0.0,705,0.0
14564,Loyal Customers,Champions,0.7523126420420513,high,0.0007467732433696671,0.7523126420420513,2.1590797753986382e-10,0.2469405844986707,Other,3.494299065420561,0.5046728971962616,12.102803738317757,107,0.0,300,0.6
16223,Loyal Customers,At Risk,0.5782410539002637,moderate_review,0.5782410539002637,0.013398011309213633,0.12371946813612139,0.28464146665440193,United Kingdom,2.7111111111111112,0.047619047619047616,5.166666666666667,101,0.0,20,0.0
14025,Loyal Customers,At Risk,0.6655637235353196,moderate_review,0.6655637235353196,0.017221808159772953,0.048481659819156,0.2687328084857518,United Kingdom,4.155656565656566,0.6666666666666666,19.333333333333332,60,0.0,119,0.2
14822,Hibernating or Lost,At Risk,0.5442529912069115,moderate_review,0.5442529912069115,0.0008686371972375055,0.4332497767786813,0.0216285948171703,United Kingdom,2.677777777777778,0.3333333333333333,10.444444444444445,9,0.0,0,0.0
14117,At Risk,Hibernating or Lost,0.6625839037072621,moderate_review,0.3305777478583861,0.00021911515849650084,0.6625839037072621,0.006619233275855649,United Kingdom,1.25,1.0,24.0,3,0.0,0,0.0
13376,Loyal Customers,At Risk,0.6984043884516892,moderate_review,0.6984043884516892,0.010494261691131485,0.03277115570527915,0.2583301941519008,United Kingdom,5.379811320754717,0.3018867924528302,9.30188679245283,45,0.0,135,0.0
14411,At Risk,Hibernating or Lost,0.508902716968125,moderate_review,0.4809150912288253,0.00028172429969533784,0.508902716968125,0.009900467503354967,United Kingdom,8.175,0.7142857142857143,14.0,14,0.0,0,0.0
12546,Loyal Customers,At Risk,0.5039177291377266,moderate_review,0.5039177291377266,0.028176359208252538,0.0016351082246963277,0.46627080342932403,Spain,3.199275362318841,0.36231884057971014,9.173913043478262,59,0.0,31,0.3333333333333333
16027,Champions,Loyal Customers,0.5117084177292769,moderate_review,0.026805178374106533,0.46147238646742544,1.4017429190373669e-05,0.5117084177292769,United Kingdom,8.180857142857143,0.7142857142857143,59.97142857142857,20,0.11428571428571428,608,0.16666666666666666
14105,Loyal Customers,Champions,0.7942722572980542,high,0.0001261255355516167,0.7942722572980542,9.158679711124473e-11,0.20560161707480723,United Kingdom,2.781469534050179,0.5770609318996416,12.666666666666666,200,0.3906810035842294,482,0.4444444444444444
13087,Hibernating or Lost,At Risk,0.596955181781055,moderate_review,0.596955181781055,0.0010341282071320785,0.36289528906889434,0.03911540094291876,United Kingdom,5.718,0.2,5.733333333333333,15,1.0,0,0.0
17561,Loyal Customers,Champions,0.9740655364669074,high,1.649027820314353e-05,0.9740655364669074,4.0606896836553126e-09,0.025917969194199707,United Kingdom,2.4542364532019705,0.009852216748768473,1.9507389162561577,163,1.0,713,0.0
12689,Loyal Customers,At Risk,0.6388940374380344,moderate_review,0.6388940374380344,0.02448513357221892,0.005919943424333277,0.3307008855654142,France,2.8519444444444444,0.25,8.722222222222221,57,0.0,101,0.0
15939,Champions,Loyal Customers,0.8704724511414116,high,0.029175526497353495,0.10035141917608549,6.031851499545524e-07,0.8704724511414116,United Kingdom,1.8562732919254659,0.7018633540372671,38.88198757763975,52,0.08074534161490683,284,0.058823529411764705
15265,Loyal Customers,Champions,0.9777998272405093,high,3.71759693182969e-05,0.9777998272405093,2.1922962467333016e-09,0.022162994597876004,United Kingdom,3.610259067357513,0.39896373056994816,8.134715025906736,179,0.0,586,0.0
12901,Champions,Loyal Customers,0.872381791674813,high,0.08486432832259647,0.04275292874122115,9.512613695666639e-07,0.872381791674813,United Kingdom,1.4663793103448275,0.853448275862069,198.92241379310346,30,0.017241379310344827,261,0.2222222222222222
15865,Loyal Customers,Champions,0.9655486081780054,high,0.00010758187782451171,0.9655486081780054,9.442113472249193e-09,0.03434380050205647,United Kingdom,4.221338582677165,0.3543307086614173,9.031496062992126,119,0.07086614173228346,662,0.0
14705,At Risk,Hibernating or Lost,0.6625839037072621,moderate_review,0.3305777478583861,0.00021911515849650084,0.6625839037072621,0.006619233275855649,United Kingdom,1.79,1.0,100.0,1,0.0,0,0.0
16851,Loyal Customers,Hibernating or Lost,0.5750626267462317,moderate_review,0.41584047457730433,0.0002310166709255371,0.5750626267462317,0.008865882005538119,United Kingdom,1.9634999999999998,0.6,13.55,17,0.0,47,0.0
16378,Loyal Customers,At Risk,0.8233358072462033,high,0.8233358072462033,0.0009168888442306446,0.11610184679448486,0.05964545711508068,United Kingdom,1.8021739130434784,0.7391304347826086,11.608695652173912,22,0.0,63,0.0
