Customer ID,customer_segment,country,avg_unit_price,bulk_buy_ratio,avg_basket_size,product_diversity,weekend_ratio,tenure_days,return_rate,predicted_segment,max_posterior,split
12346,Champions,United Kingdom,6.1000000000000005,0.029411764705882353,2184.8529411764707,27,0.0,400,0.29411764705882354,Loyal Customers,0.8597836339622718,train
12347,Champions,Other,2.546086956521739,0.5375494071146245,12.988142292490119,126,0.15810276679841898,402,0.0,Champions,0.7184912013989021,test
12348,Loyal Customers,Other,3.7862745098039214,0.9019607843137255,53.21568627450981,25,0.058823529411764705,362,0.0,Loyal Customers,0.8231861311193489,train
12349,Champions,Other,8.459657142857143,0.37714285714285717,9.28,138,0.0,570,0.2,Champions,0.9691599500997039,train
12350,At Risk,Other,3.841176470588235,0.8235294117647058,11.588235294117647,17,0.0,0,0.0,At Risk,0.7649292387174501,train
12351,At Risk,Other,2.355238095238095,0.5238095238095238,12.428571428571429,21,0.0,0,0.0,At Risk,0.8527251876804526,test
12352,Champions,Other,13.676796116504855,0.36893203883495146,7.029126213592233,70,0.0,356,0.23076923076923078,Loyal Customers,0.8833567651512537,train
12353,At Risk,Other,2.6283333333333334,0.5,8.833333333333334,23,0.0,204,0.0,At Risk,0.8656988052867441,train
12354,At Risk,Spain,4.5037931034482765,0.27586206896551724,9.137931034482758,58,0.0,0,0.0,At Risk,0.7657880020001345,train
12355,Loyal Customers,Other,3.069428571428572,0.45714285714285713,15.514285714285714,35,0.0,353,0.0,Loyal Customers,0.8431122163378477,train
12356,Champions,Portugal,3.1486013986013988,0.7132867132867133,23.895104895104897,104,0.0,401,0.0,Champions,0.5728825747038936,train
12357,Loyal Customers,Switzerland,6.196993243243243,0.7972972972972973,22.25337837837838,261,0.44256756756756754,355,0.0,Loyal Customers,0.5346418716084477,train
12358,Champions,Other,5.3680519480519475,0.5064935064935064,14.012987012987013,56,0.0,730,0.0,Champions,0.6943917424164332,train
12359,Champions,Other,7.374109589041097,0.2054794520547945,7.53972602739726,305,0.1726027397260274,676,0.2857142857142857,Champions,0.9759320402286599,test
12360,Champions,Other,3.2079723502304147,0.48847926267281105,11.331797235023041,160,0.0,603,0.1111111111111111,Champions,0.980863245297216,train
12361,Loyal Customers,Belgium,3.8706896551724137,0.1724137931034483,8.10344827586207,18,0.20689655172413793,394,0.0,Loyal Customers,0.8969234546246004,train
12362,Champions,Belgium,4.413071161048689,0.32209737827715357,8.352059925093632,201,0.0,735,0.21428571428571427,Champions,0.9370297597499272,test
12363,At Risk,Other,2.3117391304347827,0.8260869565217391,17.73913043478261,23,0.0,132,0.0,At Risk,0.8543654283787319,train
12364,Champions,Belgium,1.910235294117647,0.8588235294117647,17.71764705882353,70,0.25882352941176473,104,0.0,Loyal Customers,0.7570357845599294,train
12365,At Risk,Other,17.150454545454547,0.4090909090909091,7.909090909090909,22,0.0,0,0.3333333333333333,At Risk,0.8761734624594903,train
12366,At Risk,Other,1.6900000000000002,1.0,98.66666666666667,3,0.0,0,0.0,At Risk,0.5504927290626882,train
12367,At Risk,Other,3.2,0.6363636363636364,15.727272727272727,11,0.0,0,0.0,At Risk,0.6988100386540954,train
12368,At Risk,Other,4.391666666666667,0.6111111111111112,18.333333333333332,18,1.0,0,0.0,At Risk,0.6946238884682628,test
12369,At Risk,Other,3.148924731182796,0.5698924731182796,13.344086021505376,90,0.0,228,0.0,Loyal Customers,0.858557750901352,train
12370,Champions,Other,3.4257920792079206,0.3613861386138614,12.896039603960396,168,0.0,617,0.0,Champions,0.9781403043972385,train
12371,Champions,Switzerland,3.9876047904191623,0.31736526946107785,8.598802395209582,134,0.0,600,0.0,Champions,0.9113416972196452,test
12372,Loyal Customers,Other,3.001346153846154,0.6730769230769231,15.26923076923077,34,0.0,224,0.0,Loyal Customers,0.8231861311193489,train
12373,Loyal Customers,Other,4.627450980392157,0.3137254901960784,10.117647058823529,36,0.0,362,0.0,Loyal Customers,0.8005051832949851,train
12374,Champions,Other,3.47855421686747,0.7469879518072289,16.40963855421687,79,0.0,563,0.0,Champions,0.7832296498960333,train
12375,Loyal Customers,Other,6.912941176470589,0.17647058823529413,10.470588235294118,14,0.0,87,0.3333333333333333,At Risk,0.896098646037793,train
12376,At Risk,Switzerland,8.03076923076923,0.5384615384615384,18.46153846153846,11,0.0,28,0.0,At Risk,0.5635914209358855,train
12377,Loyal Customers,Switzerland,2.7402631578947365,0.6513157894736842,13.848684210526315,129,0.0,274,0.0,Loyal Customers,0.5329280422856778,train
12378,Loyal Customers,Switzerland,3.380099667774086,0.42524916943521596,11.016611295681063,281,0.0,432,0.0,Loyal Customers,0.5284470028193302,train
12379,Loyal Customers,Belgium,2.9080246913580248,0.35802469135802467,10.061728395061728,58,0.0,452,0.2,Loyal Customers,0.9250491414959437,test
12380,Champions,Belgium,9.894657039711191,0.41155234657039713,12.111913357400722,156,0.0,640,0.26666666666666666,Champions,0.962811387215239,test
12381,Champions,Other,4.683218390804598,0.42528735632183906,9.28735632183908,70,0.1839080459770115,115,0.16666666666666666,Loyal Customers,0.5600081463693571,train
12383,Loyal Customers,Belgium,3.086969696969697,0.5757575757575758,15.474747474747474,84,0.0,167,0.16666666666666666,Loyal Customers,0.6338921522120442,train
12384,Loyal Customers,Switzerland,7.87925925925926,0.1111111111111111,4.666666666666667,26,0.0,92,0.3333333333333333,At Risk,0.6602268486529779,train
12385,At Risk,Belgium,3.6807692307692306,0.2923076923076923,9.415384615384616,65,0.0,0,0.5,Loyal Customers,0.7290590031456745,train
12386,At Risk,Other,2.54,0.7777777777777778,31.555555555555557,10,0.0,29,0.0,At Risk,0.5924278938747348,train
12387,Hibernating or Lost,Other,2.7622222222222224,0.8888888888888888,14.88888888888889,9,0.0,0,0.0,At Risk,0.5924278938747348,test
12388,Champions,Other,2.8247260273972605,0.5342465753424658,13.705479452054794,83,0.1506849315068493,566,0.0,Champions,0.770735618349606,train
12389,At Risk,Other,2.6542857142857144,0.6530612244897959,12.53061224489796,41,0.0,253,0.0,Loyal Customers,0.8483604521871695,test
12390,At Risk,Belgium,3.996875,0.4375,11.03125,32,0.0,0,0.0,At Risk,0.7549992730875212,test
12391,Champions,Other,3.751779359430605,0.1387900355871886,4.341637010676156,241,0.0,641,0.14285714285714285,Champions,0.9714906763268499,train
12392,Hibernating or Lost,Other,5.035714285714286,0.42857142857142855,10.428571428571429,7,0.0,0,0.0,At Risk,0.7555740501022585,train
12393,Champions,Other,2.479906542056075,0.4672897196261682,12.25233644859813,63,0.0,356,0.14285714285714285,Loyal Customers,0.8521000463557232,train
12394,Loyal Customers,Belgium,3.3707407407407404,0.48148148148148145,30.333333333333332,26,0.0,153,0.0,At Risk,0.6999740755029861,train
12395,Champions,Belgium,3.5818503937007873,0.452755905511811,14.696850393700787,145,0.05905511811023622,583,0.16666666666666666,Champions,0.9724359012996651,test
12396,At Risk,Other,2.2993846153846156,0.49230769230769234,9.092307692307692,65,0.0,0,0.0,At Risk,0.5766719435286671,train
12397,Loyal Customers,Belgium,3.4682539682539684,0.3888888888888889,10.023809523809524,110,0.0,99,0.0,Loyal Customers,0.5497340356863322,train
12398,Loyal Customers,Switzerland,1.992705882352941,0.6941176470588235,16.4,85,0.0,0,0.0,Loyal Customers,0.6427297999881129,train
12399,Loyal Customers,Belgium,2.0414545454545454,0.7272727272727273,19.98181818181818,67,0.0,525,0.0,Champions,0.56722515778581,train
12400,Hibernating or Lost,Other,2.9136363636363636,0.18181818181818182,8.272727272727273,11,0.0,0,0.0,At Risk,0.6891318024912924,train
12401,At Risk,Belgium,9.68,0.0,2.2,5,0.0,0,0.0,Hibernating or Lost,0.8463207402120037,train
12402,Loyal Customers,Belgium,3.3049999999999997,0.24285714285714285,8.342857142857143,43,0.4,347,0.14285714285714285,Loyal Customers,0.9628847443773193,test
12403,Loyal Customers,Other,7.103333333333334,0.6666666666666666,28.88888888888889,5,0.0,471,0.3333333333333333,Loyal Customers,0.6709368548959547,train
12404,Hibernating or Lost,Other,63.24,0.0,1.0,1,0.0,0,0.0,Hibernating or Lost,0.6229781651543516,train
12405,At Risk,Other,3.5442592592592597,0.5370370370370371,15.87037037037037,54,0.0,0,0.0,At Risk,0.5646798164702718,train
12406,Champions,Other,2.529879518072289,0.8132530120481928,20.57831325301205,114,0.0,675,0.2857142857142857,Champions,0.9879131638182573,train
12407,Loyal Customers,Belgium,3.2674025974025973,0.6103896103896104,18.38961038961039,57,0.19480519480519481,214,0.0,Loyal Customers,0.9025963310161281,test
12408,Champions,Belgium,3.0869811320754716,0.5283018867924528,14.018867924528301,104,0.0,465,0.42857142857142855,Champions,0.6222461054912437,test
12409,Champions,Switzerland,3.2362121212121213,0.9204545454545454,49.78409090909091,177,0.32954545454545453,486,0.46153846153846156,Champions,0.6035146462847112,test
12410,Loyal Customers,Switzerland,6.01475,0.425,8.525,36,0.35,193,0.25,Loyal Customers,0.7189568738312376,test
12411,Hibernating or Lost,Other,3.3954545454545455,0.045454545454545456,6.2727272727272725,22,0.0,0,0.0,At Risk,0.8885991557762928,train
12412,Champions,Other,2.567795275590551,0.7244094488188977,15.724409448818898,82,0.0,464,0.25,Loyal Customers,0.8045393334890198,train
12413,Loyal Customers,France,5.902745098039216,0.1568627450980392,6.254901960784314,41,0.0784313725490196,335,0.3333333333333333,Loyal Customers,0.8454419286553522,train
12414,Loyal Customers,Other,16.35,0.6785714285714286,17.678571428571427,21,0.0,246,0.25,Loyal Customers,0.8542632782359442,test
12415,Champions,Other,2.968790496760259,0.8801295896328294,98.7548596112311,498,0.0,503,0.15151515151515152,Champions,0.732685879772221,test
12416,Hibernating or Lost,Other,1.5345454545454544,1.0,12.0,11,1.0,0,0.0,At Risk,0.7100317258526458,train
12417,Champions,Belgium,5.447459459459459,0.2810810810810811,7.8108108108108105,270,0.11081081081081082,730,0.25925925925925924,Champions,0.9500520871869763,train
12418,Loyal Customers,Switzerland,3.3453921568627454,0.5098039215686274,10.666666666666666,90,0.0,517,0.2,Champions,0.5393969348620472,train
12419,At Risk,Spain,5.0436000000000005,0.56,9.24,23,0.0,27,0.0,At Risk,0.911997879006995,train
12420,At Risk,Other,4.707241379310345,0.27586206896551724,11.89655172413793,29,0.0,0,0.0,At Risk,0.9129724861131157,train
12421,Champions,Spain,4.771076923076923,0.46153846153846156,10.03076923076923,44,0.2153846153846154,489,0.25,Loyal Customers,0.9327598494675975,train
12422,Champions,Switzerland,10.177732558139535,0.37209302325581395,15.093023255813954,137,0.12209302325581395,625,0.19047619047619047,Champions,0.946736790962727,train
12423,Champions,Belgium,2.970242424242424,0.4666666666666667,10.866666666666667,128,0.0,465,0.09090909090909091,Champions,0.5629416882077914,test
12424,Loyal Customers,Other,2.1891304347826086,0.7282608695652174,22.01086956521739,78,0.0,385,0.42857142857142855,Loyal Customers,0.860024212976668,train
12425,Loyal Customers,Portugal,2.4042857142857144,0.46153846153846156,12.604395604395604,87,0.0,370,0.3333333333333333,Loyal Customers,0.9085838780162888,test
12426,Loyal Customers,Germany,3.5572727272727276,0.33766233766233766,7.584415584415584,73,0.38961038961038963,468,0.3333333333333333,Loyal Customers,0.8719471287355246,train
12427,Loyal Customers,Germany,4.6709756097560975,0.36585365853658536,14.926829268292684,26,0.0,349,0.4,Loyal Customers,0.9132796324813343,train
12428,Champions,Other,4.627414965986395,0.47278911564625853,12.02721088435374,258,0.034013605442176874,257,0.25,Champions,0.6887243861375192,train
12429,Champions,Other,3.334682080924855,0.7456647398843931,19.329479768786126,124,0.0,537,0.1111111111111111,Champions,0.9834390606348371,train
12430,At Risk,Other,6.225454545454546,0.6363636363636364,10.636363636363637,11,0.0,0,0.0,At Risk,0.6945217939187748,test
12431,Champions,Other,3.8204197530864197,0.32839506172839505,11.646913580246913,244,0.07407407407407407,658,0.18181818181818182,Champions,0.9781403043972385,train
12432,Champions,Other,10.550833333333333,0.6018518518518519,16.675925925925927,107,0.0,129,0.0,Champions,0.33992360953108786,train
12433,Champions,Other,2.1206940509915015,0.7946175637393768,24.243626062322946,285,0.0,476,0.09090909090909091,Champions,0.6458031362121153,train
12434,Loyal Customers,Other,3.5964285714285715,0.34285714285714286,7.6,62,0.0,296,0.4,Loyal Customers,0.8695020484904806,train
12435,Champions,Other,3.729107142857143,0.8660714285714286,44.267857142857146,88,0.0,657,0.0,Champions,0.7832296498960333,train
12436,At Risk,Other,5.2675,0.4375,13.1875,16,0.0,0,0.0,At Risk,0.7555740501022585,test
12437,Champions,France,3.37190053285968,0.5843694493783304,14.209591474245116,273,0.046181172291296625,735,0.1702127659574468,Champions,0.986831385314313,test
12438,Champions,Other,3.894897959183673,0.5204081632653061,12.040816326530612,84,0.0,125,0.0,At Risk,0.6638401732873058,train
12439,At Risk,Other,3.6904166666666662,0.2638888888888889,6.722222222222222,69,0.0,43,0.3333333333333333,Loyal Customers,0.4946714147273384,train
12440,At Risk,Other,5.448125,0.53125,10.34375,21,0.0,255,0.3333333333333333,Loyal Customers,0.8831284316967553,train
12441,At Risk,France,3.700909090909091,0.36363636363636365,11.0,11,0.0,0,0.0,At Risk,0.8940631029916893,train
12442,At Risk,Spain,3.34,0.75,15.166666666666666,12,0.0,0,0.0,At Risk,0.6926223898015447,train
12443,At Risk,Other,5.87047619047619,0.42857142857142855,8.666666666666666,21,0.0,0,0.0,At Risk,0.9070556600966131,test
12444,Champions,Other,6.3586931818181816,0.2556818181818182,6.551136363636363,138,0.0,149,0.0,At Risk,0.3911690216627249,train
12445,Loyal Customers,Spain,3.6370833333333334,0.3333333333333333,8.583333333333334,24,0.0,398,0.3333333333333333,Loyal Customers,0.8829228666460156,train
12446,Loyal Customers,Other,4.352631578947368,0.08771929824561403,6.157894736842105,57,0.0,0,0.0,At Risk,0.7692992041416192,train
12447,At Risk,Belgium,3.5742307692307693,0.23076923076923078,7.3076923076923075,26,1.0,0,0.0,At Risk,0.5193512927410098,train
12448,At Risk,Spain,5.951818181818182,0.5909090909090909,11.045454545454545,22,0.0,0,0.0,At Risk,0.9108772105523526,train
12449,Champions,Belgium,3.6448756218905474,0.39800995024875624,11.35323383084577,125,0.23880597014925373,416,0.0,Champions,0.598138665924248,train
12450,Loyal Customers,Spain,2.227837837837838,0.5135135135135135,11.945945945945946,31,0.4594594594594595,318,0.2857142857142857,Loyal Customers,0.936901110184979,train
12451,Champions,Switzerland,2.3956947162426614,0.6927592954990215,18.315068493150687,352,0.0,518,0.2,Champions,0.9598755180920037,train
12452,Loyal Customers,Switzerland,4.485,0.36363636363636365,8.409090909090908,21,0.0,0,0.3333333333333333,At Risk,0.6165206199229085,train
12453,At Risk,Other,2.393255813953488,0.5348837209302325,11.0,43,0.0,0,0.0,At Risk,0.8527251876804526,train
12454,Champions,Spain,9.969750000000001,0.95,192.575,24,0.0,364,0.4444444444444444,Loyal Customers,0.8473920776235994,train
12455,Champions,Other,3.915022026431718,0.42290748898678415,14.54625550660793,199,0.0,648,0.0,Champions,0.9793669590335871,train
12456,Loyal Customers,Switzerland,3.62456,0.552,13.064,105,0.36,210,0.25,Loyal Customers,0.5955725516772291,train
12457,Champions,Switzerland,5.619285714285714,0.4880952380952381,13.023809523809524,63,0.0,368,0.42857142857142855,Loyal Customers,0.949387333141109,train
12458,Loyal Customers,Switzerland,3.9648809523809527,0.4523809523809524,11.738095238095237,71,0.0,416,0.0,Loyal Customers,0.9568060056037849,train
12459,At Risk,Spain,4.148695652173913,0.43478260869565216,11.217391304347826,23,0.0,0,0.0,At Risk,0.9094131064488651,train
12460,Hibernating or Lost,Belgium,4.381111111111111,0.4444444444444444,9.444444444444445,18,0.0,0,0.0,Hibernating or Lost,0.5644263283890782,train
12461,Loyal Customers,Switzerland,4.258857142857143,0.37142857142857144,8.2,35,0.0,60,0.0,At Risk,0.7141191047143727,train
12462,Loyal Customers,Spain,4.689516129032258,0.4032258064516129,8.64516129032258,51,0.0,284,0.5,Loyal Customers,0.8933275245208667,train
12463,Loyal Customers,Belgium,3.0434939759036146,0.5060240963855421,9.349397590361447,65,0.0,188,0.42857142857142855,Loyal Customers,0.7544552935952235,train
12464,Champions,Belgium,11.832758620689654,0.034482758620689655,3.8620689655172415,6,0.0,299,0.0,Loyal Customers,0.6874021859596238,test
12465,Loyal Customers,Belgium,2.76,0.5319148936170213,10.191489361702128,46,0.0,152,0.3333333333333333,Loyal Customers,0.7972853326768098,train
12466,Hibernating or Lost,France,56.73,0.0,1.0,1,0.0,0,0.0,At Risk,0.5614739917580874,train
12467,Hibernating or Lost,Other,1.6177777777777778,0.5555555555555556,14.333333333333334,9,0.0,0,0.5,At Risk,0.839034784186722,train
12468,Loyal Customers,Germany,2.7754,0.62,14.673333333333334,127,0.17333333333333334,495,0.5,Champions,0.8013672194272047,test
12469,Loyal Customers,Other,2.999605263157895,0.3815789473684211,33.578947368421055,76,0.0,14,0.0,At Risk,0.5646798164702718,train
12470,Hibernating or Lost,Other,3.928260869565217,0.13043478260869565,4.130434782608695,23,0.0,0,0.0,At Risk,0.8272054015722007,test
12471,Champions,Germany,3.806411609498681,0.6112576956904133,14.847845206684257,255,0.03869832893579595,730,0.3875968992248062,Champions,0.9859037198072597,train
12472,Champions,Germany,2.3951591657519207,0.6026344676180022,12.458836443468716,397,0.20087815587266739,693,0.4864864864864865,Champions,0.9855862561464144,train
12473,Champions,Germany,8.323928571428572,0.6130952380952381,14.517857142857142,140,0.0,162,0.4444444444444444,Champions,0.5003307379695363,train
12474,Champions,Germany,2.950211267605634,0.5267605633802817,11.20281690140845,369,0.059154929577464786,649,0.42592592592592593,Champions,0.9848348660425145,train
12475,Loyal Customers,Germany,3.0937704918032787,0.4262295081967213,12.639344262295081,54,0.0,356,0.0,Loyal Customers,0.8752035050100271,train
12476,Champions,Germany,4.449825581395349,0.41472868217054265,10.939922480620154,358,0.06782945736434108,486,0.39473684210526316,Champions,0.6712738795981271,train
12477,Champions,Germany,4.182943262411348,0.40425531914893614,10.849290780141844,295,0.0,600,0.25,Champions,0.9777899180533205,train
12478,Loyal Customers,Other,4.537777777777778,0.2222222222222222,6.555555555555555,36,0.0,0,0.0,At Risk,0.9156397146285329,train
12479,Loyal Customers,Germany,2.6687096774193546,0.7419354838709677,12.419354838709678,31,0.0,0,0.6666666666666666,At Risk,0.6529179187183987,test
12480,Champions,Germany,3.2431404958677685,0.4214876033057851,12.198347107438016,177,0.0,479,0.125,Champions,0.6864341176858988,train
12481,Champions,Germany,3.957161125319693,0.6777493606138107,18.54987212276215,248,0.1969309462915601,584,0.16666666666666666,Champions,0.9787679740417288,train
12482,Loyal Customers,Other,9.930196078431372,0.9803921568627451,132.55882352941177,42,0.24509803921568626,77,0.09375,At Risk,0.7996775292703827,train
12483,Champions,Other,6.178489208633094,0.6402877697841727,15.62589928057554,68,0.16546762589928057,660,0.2962962962962963,Champions,0.7713448316212259,train
12484,Champions,Spain,3.0685052631578946,0.16631578947368422,6.886315789473684,329,0.2694736842105263,648,0.25,Champions,0.9796884404335177,train
12485,At Risk,Other,2.4105882352941173,0.5882352941176471,12.176470588235293,34,0.0,0,0.0,At Risk,0.8652804602310229,train
12486,At Risk,Other,4.103673469387755,0.30612244897959184,10.673469387755102,49,0.0,0,0.0,At Risk,0.7006440843184732,train
12487,Hibernating or Lost,Other,2.0,1.0,87.0,2,0.0,0,0.5,At Risk,0.8068475112200577,train
12488,Loyal Customers,France,3.7347272727272727,0.36363636363636365,9.618181818181819,46,0.38181818181818183,65,0.0,Loyal Customers,0.6371498246508688,train
12489,At Risk,France,5.908,0.26666666666666666,7.0,15,0.0,0,0.0,At Risk,0.8362683772059311,train
12490,Champions,France,2.85982683982684,0.42857142857142855,12.783549783549784,195,0.19696969696969696,733,0.045454545454545456,Champions,0.9877176326380402,train
12491,At Risk,France,3.376923076923077,0.15384615384615385,10.0,25,0.0,0,0.0,At Risk,0.9053907160642081,test
12492,Loyal Customers,Germany,3.2607142857142852,0.5238095238095238,10.571428571428571,38,0.0,340,0.0,Loyal Customers,0.9119086188054001,test
12493,At Risk,France,4.309090909090909,0.13636363636363635,9.409090909090908,20,0.0,31,0.3333333333333333,At Risk,0.9039317020048626,train
12494,Champions,France,4.033153153153153,0.2882882882882883,8.9009009009009,83,0.23423423423423423,560,0.47058823529411764,Champions,0.7575094593791265,train
12495,At Risk,Other,5.705882352941177,0.5294117647058824,7.647058823529412,17,0.0,0,0.5,At Risk,0.8770029532229254,train
12496,At Risk,Spain,2.1553846153846155,0.07692307692307693,2.5384615384615383,10,0.0,0,0.0,Hibernating or Lost,0.69218488800108,test
12497,Loyal Customers,Germany,1.8759649122807018,0.9649122807017544,99.73684210526316,41,0.0,563,0.25,Loyal Customers,0.5093766612347685,train
12498,Loyal Customers,Germany,4.197826086956522,0.08695652173913043,6.913043478260869,21,0.0,36,0.0,At Risk,0.8668362251632525,train
12499,At Risk,Germany,2.3296296296296295,0.2222222222222222,11.185185185185185,27,0.0,0,0.0,At Risk,0.7774659884150098,train
12500,Champions,Germany,4.723698630136986,0.3493150684931507,23.13013698630137,88,0.06164383561643835,650,0.24,Champions,0.7487388830392114,train
12501,At Risk,Germany,2.4126845637583894,0.436241610738255,11.966442953020135,149,0.0,0,0.5,Champions,0.5861656830489388,train
12502,Loyal Customers,Spain,6.425238095238095,0.1292517006802721,5.578231292517007,102,0.0,214,0.0,Loyal Customers,0.5276976049586928,train
12503,At Risk,Spain,115.8,0.5,280.5,2,0.0,0,0.5,At Risk,0.8657150430527737,test
12504,Loyal Customers,Germany,6.285,0.65,22.9,11,0.0,578,0.3333333333333333,Champions,0.6276937347549341,test
12505,At Risk,Other,4.436904761904762,0.3333333333333333,7.714285714285714,42,0.0,0,0.6666666666666666,At Risk,0.8923761367252142,train
12506,At Risk,France,3.1956521739130435,0.0,1.0,23,0.0,0,0.0,At Risk,0.9025900816331244,train
12507,Loyal Customers,Spain,4.106530612244898,0.6938775510204082,25.632653061224488,46,0.0,450,0.2,Loyal Customers,0.8670272600135966,train
12508,Loyal Customers,France,1.7204347826086959,0.0,3.9420289855072466,57,0.2463768115942029,2,0.0,At Risk,0.5305498991322989,train
12509,At Risk,France,5.564285714285715,0.0,7.857142857142857,7,0.0,0,0.0,At Risk,0.7015207637964063,train
12510,Champions,Spain,13.312689655172413,0.45517241379310347,14.13103448275862,94,0.0,592,0.4375,Champions,0.7624816998164274,train
12511,At Risk,Other,3.4306842105263162,0.39473684210526316,9.226315789473684,190,0.0,0,0.5,Champions,0.5066808967423364,train
12512,At Risk,Other,2.5794117647058825,0.11764705882352941,2.911764705882353,31,0.0,0,0.0,At Risk,0.7984537575053489,train
12513,At Risk,France,2.180571428571428,0.5714285714285714,13.2,35,0.0,0,0.5,At Risk,0.8611231705292235,train
12514,Loyal Customers,Other,2.7076190476190476,0.42857142857142855,10.0,76,0.0,374,0.0,Loyal Customers,0.8521000463557232,train
12515,At Risk,Other,6.78125,0.375,8.1875,16,0.0,0,0.0,At Risk,0.7047248131001175,train
12516,Champions,Germany,2.2324324324324323,0.8648648648648649,26.37837837837838,49,0.17567567567567569,521,0.0,Champions,0.7204560275957985,train
12517,Champions,Germany,2.3527464788732395,0.11267605633802817,4.827464788732394,232,0.0,161,0.16666666666666666,Loyal Customers,0.48485810991931244,train
12518,Champions,Germany,2.837177419354839,0.4596774193548387,10.629032258064516,84,0.14516129032258066,109,0.0,Loyal Customers,0.6210932173487055,train
12519,Loyal Customers,Germany,3.14675,0.4,9.875,34,0.0,413,0.3333333333333333,Loyal Customers,0.92459090188527,test
12520,Champions,Germany,3.288421052631579,0.4934210526315789,9.467105263157896,121,0.0,194,0.16666666666666666,Loyal Customers,0.4554273155954872,train
12521,At Risk,Germany,2.995789473684211,0.2894736842105263,8.131578947368421,38,0.0,0,0.0,At Risk,0.8312287474131173,train
12522,At Risk,Germany,5.0008333333333335,0.4166666666666667,16.166666666666668,11,0.0,12,0.0,At Risk,0.7451996365910523,train
12523,Champions,France,4.41076,0.384,9.1,176,0.116,712,0.23333333333333334,Champions,0.9806737330476365,train
12524,Champions,Germany,3.1449166666666666,0.7041666666666667,29.908333333333335,157,0.1375,660,0.05555555555555555,Champions,0.9820550619515098,train
12525,At Risk,France,3.006,0.26666666666666666,8.483333333333333,56,0.0,149,0.625,At Risk,0.4874941414001457,train
12526,Loyal Customers,Germany,3.3538028169014087,0.3380281690140845,8.901408450704226,64,0.0,93,0.0,Loyal Customers,0.5126036473412829,train
12527,Loyal Customers,Germany,2.5915625,0.625,16.4375,26,0.0,447,0.0,Loyal Customers,0.8946556198356324,train
12528,Champions,Germany,5.487934782608695,0.33695652173913043,8.217391304347826,50,0.0,303,0.25,Loyal Customers,0.9080921668805856,train
12529,Hibernating or Lost,France,3.040952380952381,0.2857142857142857,9.142857142857142,21,0.0,0,0.5,At Risk,0.8585906670870574,test
12530,Champions,Germany,3.2787341772151897,0.5,17.170886075949365,94,0.10759493670886076,582,0.25,Champions,0.8239595744565814,train
12531,Loyal Customers,Germany,2.5638582677165354,0.3543307086614173,8.811023622047244,126,0.0,671,0.3333333333333333,Champions,0.9794717744743657,train
12532,At Risk,France,3.698125,0.5625,9.5625,16,0.0,0,0.0,At Risk,0.8884897023893726,train
12533,At Risk,Germany,3.3030555555555554,0.375,9.777777777777779,63,0.0,110,0.6666666666666666,Loyal Customers,0.7285783420054649,train
12534,At Risk,Germany,3.035396825396825,0.5238095238095238,10.333333333333334,63,0.0,0,0.0,Loyal Customers,0.5968982092896307,test
12535,Loyal Customers,France,4.451470588235294,0.20588235294117646,6.4411764705882355,28,0.0,94,0.0,At Risk,0.9378424287004749,train
12536,Loyal Customers,France,34.75452107279693,0.4444444444444444,10.739463601532567,260,0.0,15,0.4,Champions,0.5100193717556533,train
12537,At Risk,Other,2.9227906976744187,0.6744186046511628,10.44186046511628,43,0.0,0,0.0,At Risk,0.8652804602310229,train
12538,Loyal Customers,Spain,3.828823529411765,0.4117647058823529,9.882352941176471,33,0.0,349,0.0,Loyal Customers,0.8509026633223555,train
12539,Champions,Spain,3.777123015873016,0.4027777777777778,8.998015873015873,276,0.0,694,0.125,Champions,0.9739636570447354,test
12540,Champions,Spain,3.8881841763942933,0.6705577172503242,14.29182879377432,354,0.07133592736705577,712,0.08333333333333333,Champions,0.974056673354574,train
12541,Loyal Customers,Spain,3.615769230769231,0.6538461538461539,13.076923076923077,46,0.21153846153846154,251,0.0,Loyal Customers,0.8767294811806304,test
12542,At Risk,Spain,2.465128205128205,0.4358974358974359,13.384615384615385,39,0.0,156,0.5,At Risk,0.7878333036369776,train
12543,At Risk,Spain,2.6132558139534883,0.6046511627906976,16.0,43,0.0,0,0.0,At Risk,0.8619351815902416,train
12544,At Risk,Spain,4.106315789473685,0.2631578947368421,7.157894736842105,19,0.0,0,0.5,At Risk,0.903073692537807,train
12545,Loyal Customers,Spain,4.0238,0.58,10.46,42,0.32,184,0.0,At Risk,0.7869039752972269,train
12546,Loyal Customers,Spain,3.199275362318841,0.36231884057971014,9.173913043478262,59,0.0,31,0.3333333333333333,At Risk,0.5039177291377266,test
12547,At Risk,Spain,4.9366666666666665,0.8095238095238095,14.714285714285714,13,0.0,302,0.0,Loyal Customers,0.49284091247779227,train
12548,At Risk,Spain,6.720000000000001,0.8,9.8,5,1.0,0,0.0,At Risk,0.7526817568523878,train
12549,Loyal Customers,Other,1.6487755102040815,0.7551020408163265,27.877551020408163,38,0.0,121,0.0,At Risk,0.8767565643263171,train
12550,Loyal Customers,Spain,3.0903508771929826,0.47368421052631576,9.982456140350877,57,0.0,0,0.0,At Risk,0.5887621829519468,test
12551,At Risk,Spain,1.6800000000000002,0.0,10.0,10,0.0,0,0.0,At Risk,0.5181749284349491,train
12552,Loyal Customers,Other,9.1155,0.05,4.4,20,0.0,0,0.0,At Risk,0.8272054015722007,train
12553,Champions,France,3.485672268907563,0.36134453781512604,9.768907563025211,109,0.09243697478991597,415,0.29411764705882354,Champions,0.7698436256908996,train
12554,At Risk,Spain,3.8242307692307693,0.38461538461538464,9.23076923076923,26,0.0,0,0.0,At Risk,0.897908613878032,train
12555,Hibernating or Lost,Spain,129.23,0.0,1.0,1,0.0,0,0.0,Hibernating or Lost,0.6325291123607542,test
12556,Loyal Customers,Spain,2.6623140495867768,0.05785123966942149,2.958677685950413,100,0.0,100,0.0,At Risk,0.6794082636629812,train
12557,Champions,Spain,2.173448275862069,1.0,116.93103448275862,15,0.2413793103448276,706,0.0,Champions,0.563703858126112,train
12558,At Risk,Other,1.25,0.8181818181818182,17.818181818181817,11,0.0,0,0.5,At Risk,0.8068475112200577,train
12559,At Risk,Germany,3.5490476190476192,0.5714285714285714,13.476190476190476,21,0.0,8,0.3333333333333333,At Risk,0.6284609359717702,train
12560,Loyal Customers,Germany,2.8562857142857143,0.4380952380952381,10.571428571428571,91,0.26666666666666666,137,0.25,Loyal Customers,0.8502004003653195,train
12561,At Risk,Germany,2.964375,0.4375,11.0625,16,0.0,0,0.0,At Risk,0.8224066736492743,test
12562,Champions,France,3.2656521739130437,0.28019323671497587,11.241545893719806,113,0.0,427,0.0,Champions,0.7227773160726458,train
12563,Hibernating or Lost,Other,3.921538461538461,0.3076923076923077,8.692307692307692,13,0.0,0,0.0,At Risk,0.7095998889835395,test
12564,At Risk,France,5.576190476190476,0.23809523809523808,6.333333333333333,21,0.0,0,0.0,At Risk,0.9378424287004749,train
12565,At Risk,Other,2.351111111111111,0.5555555555555556,8.88888888888889,9,0.0,0,0.5,At Risk,0.8475951509366414,train
12566,At Risk,Germany,3.903684210526316,0.5263157894736842,13.947368421052632,19,0.0,0,0.5,At Risk,0.727412101022331,train
12567,Champions,France,3.6435211267605636,0.3395931142410016,9.524256651017215,365,0.3302034428794992,644,0.11764705882352941,Champions,0.9821091784063959,train
12568,Hibernating or Lost,Germany,6.234,0.4,9.6,5,0.0,0,0.0,At Risk,0.7975340396576484,train
12569,Champions,Germany,5.434574468085106,0.4148936170212766,9.579787234042554,92,0.05319148936170213,250,0.08571428571428572,Loyal Customers,0.8999050519618458,train
12570,Hibernating or Lost,Spain,77.52,0.0,1.0,1,0.0,0,0.0,Hibernating or Lost,0.6325291123607542,train
12571,Loyal Customers,France,1.3205882352941176,0.8235294117647058,15.382352941176471,31,0.0,81,0.0,At Risk,0.9157915554554088,test
12572,Loyal Customers,Germany,4.227833333333334,0.35,7.533333333333333,53,0.0,43,0.3333333333333333,Loyal Customers,0.5832012911051389,train
12573,Loyal Customers,France,2.213361344537815,0.15126050420168066,4.025210084033613,107,0.17647058823529413,237,0.0,Champions,0.6058821742110749,train
12574,At Risk,France,5.2,0.09090909090909091,5.545454545454546,11,0.0,0,0.0,At Risk,0.5614739917580874,train
12575,At Risk,France,3.5702631578947375,0.34210526315789475,8.289473684210526,34,0.0,69,0.0,At Risk,0.919054832510264,train
12576,Champions,Other,2.5801408450704226,0.5492957746478874,10.52112676056338,114,0.0,490,0.2727272727272727,Champions,0.7658028617337248,train
12577,Champions,France,1.8134437086092714,0.09271523178807947,3.9635761589403975,259,0.0,700,0.1111111111111111,Champions,0.9613412375804494,train
12578,Champions,Other,3.1129651162790704,0.5872093023255814,13.837209302325581,149,0.0,422,0.42857142857142855,Champions,0.7346933201363728,train
12579,At Risk,France,3.3386206896551722,0.3103448275862069,9.827586206896552,29,0.0,0,0.6666666666666666,At Risk,0.8294194929583019,train
12580,Loyal Customers,Germany,2.6067241379310344,0.39655172413793105,9.810344827586206,52,0.0,329,0.0,Loyal Customers,0.8682070438217309,train
12581,At Risk,Germany,2.8926666666666665,0.6666666666666666,10.733333333333333,15,0.0,0,0.0,At Risk,0.7254842227275416,train
12582,Loyal Customers,Other,3.8555339805825244,0.33980582524271846,9.563106796116505,88,0.0,338,0.0,Loyal Customers,0.886225473370176,test
12583,Champions,France,3.0990772532188844,0.7424892703862661,19.278969957081546,141,0.15665236051502146,730,0.12903225806451613,Champions,0.986831385314313,train
12584,Champions,Other,7.484375,0.10416666666666667,4.333333333333333,44,0.125,276,0.5,Loyal Customers,0.8333987452202756,train
12585,Loyal Customers,Germany,3.4639080459770115,0.6551724137931034,14.701149425287356,77,0.0,117,0.5,Loyal Customers,0.6716908055253727,train
12586,Champions,Other,5.121489361702128,0.23404255319148937,7.308510638297872,82,0.0,706,0.2,Champions,0.6245948502503303,train
12587,At Risk,Other,11.56,0.5,12.75,4,0.0,0,0.0,At Risk,0.7555740501022585,train
12588,Loyal Customers,Other,7.1808695652173915,0.43478260869565216,9.521739130434783,31,0.0,558,0.2,Loyal Customers,0.5890362636784152,train
12589,Champions,France,9.501277777777778,0.36666666666666664,9.8,121,0.0,660,0.2727272727272727,Champions,0.9813655395676197,train
12590,Loyal Customers,Germany,10.54735294117647,0.9411764705882353,62.98529411764706,68,0.0,0,0.6,Loyal Customers,0.5928700368721641,train
12591,Loyal Customers,Other,4.339130434782608,0.4492753623188406,9.81159420289855,63,0.07246376811594203,91,0.0,At Risk,0.6638401732873058,train
12592,Champions,Germany,10.832592592592592,0.8641975308641975,23.14814814814815,42,0.0,427,0.375,Loyal Customers,0.9084516833300493,train
12593,At Risk,France,2.6523809523809527,0.3333333333333333,9.80952380952381,14,0.0,110,0.0,At Risk,0.8482775372938021,train
12594,Champions,Other,3.0656783919597994,0.4623115577889447,13.909547738693467,78,0.0,608,0.11764705882352941,Champions,0.7574036506743312,train
12595,Hibernating or Lost,Germany,3.1905263157894734,0.47368421052631576,14.263157894736842,19,0.0,0,0.0,At Risk,0.7810310881194087,train
12596,Loyal Customers,Spain,4.405555555555556,0.48148148148148145,17.555555555555557,25,0.0,190,0.0,At Risk,0.9008393315496838,test
12597,Champions,Spain,3.9420873786407764,0.4174757281553398,10.854368932038835,184,0.6213592233009708,248,0.2,Champions,0.6346720277738939,train
12598,Champions,France,2.806990291262136,0.5631067961165048,14.106796116504855,130,0.1262135922330097,639,0.26666666666666666,Champions,0.9912337952537101,train
12599,Champions,France,2.775263157894737,0.7819548872180451,16.458646616541355,47,0.21052631578947367,548,0.0,Champions,0.8504971079006917,train
12600,Champions,Germany,5.832424242424242,0.44696969696969696,10.712121212121213,53,0.17424242424242425,703,0.19230769230769232,Champions,0.7083368669566287,test
12601,Loyal Customers,Germany,6.801764705882353,0.4117647058823529,8.529411764705882,24,0.17647058823529413,214,0.14285714285714285,Loyal Customers,0.9439567041119121,train
12602,At Risk,France,1.9708333333333332,0.75,13.5,12,0.0,0,0.0,At Risk,0.7865777556265382,train
12603,Loyal Customers,Germany,14.475,0.5,31.5,2,0.0,0,0.0,At Risk,0.7451996365910523,train
12604,At Risk,France,2.59125,0.375,12.5625,15,0.0,182,0.0,At Risk,0.8420082027095883,train
12605,Loyal Customers,Germany,2.224078947368421,0.6710526315789473,12.223684210526315,63,0.40789473684210525,81,0.2,Loyal Customers,0.7309621360031903,train
12606,Hibernating or Lost,Spain,21.0,0.0,1.0,1,0.0,0,0.0,Hibernating or Lost,0.6325291123607542,train
12607,Loyal Customers,Other,2.1577227722772276,0.5742574257425742,12.158415841584159,101,0.0,0,0.5,Loyal Customers,0.4890830533970681,train
12608,At Risk,United Kingdom,1.6275,0.4375,20.1875,16,1.0,0,0.0,At Risk,0.5058633454363346,train
12609,Champions,Germany,3.9458285714285712,0.35428571428571426,8.874285714285714,129,0.09714285714285714,641,0.1,Champions,0.9619735851206732,test
12610,Champions,Other,5.024716981132076,0.5094339622641509,9.89622641509434,85,0.0,103,0.2857142857142857,At Risk,0.4853062092767888,test
12611,Loyal Customers,Other,2.675076923076923,0.5230769230769231,13.015384615384615,65,0.0,0,0.0,At Risk,0.5210834339991552,test
12612,At Risk,Germany,4.4389473684210525,0.47368421052631576,13.789473684210526,19,0.0,0,0.5,At Risk,0.727412101022331,train
12613,Champions,Germany,2.928532110091743,0.4801223241590214,12.730886850152904,218,0.0,668,0.23076923076923078,Champions,0.9848348660425145,train
12614,At Risk,Germany,5.61,0.05,3.8,20,0.0,0,0.0,At Risk,0.8325360943959573,train
12615,Champions,France,3.062,0.5481481481481482,12.285185185185185,198,0.0,629,0.2727272727272727,Champions,0.9880528218625999,train
12616,Loyal Customers,France,3.7629629629629626,0.5,9.222222222222221,32,0.0,293,0.5714285714285714,Loyal Customers,0.8762427508768754,train
12617,At Risk,France,1.903095238095238,0.023809523809523808,5.071428571428571,39,0.0,0,0.0,At Risk,0.8777853169906117,train
12618,At Risk,Other,6.6381818181818195,0.36363636363636365,8.727272727272727,11,0.0,0,0.0,At Risk,0.7095998889835395,train
12619,Champions,Germany,6.605700000000001,0.74,35.18,55,0.14,544,0.2857142857142857,Champions,0.7568859927438597,test
12620,Loyal Customers,France,2.1478260869565218,0.532608695652174,12.83695652173913,89,0.0,189,0.0,At Risk,0.6760993650731624,train
12621,Champions,Germany,3.025792207792208,0.5831168831168831,18.094805194805193,344,0.06883116883116883,666,0.20454545454545456,Champions,0.9836031830503835,train
12622,At Risk,Germany,5.739090909090909,0.2727272727272727,6.2727272727272725,11,0.0,0,0.0,At Risk,0.7694477469821229,train
12623,Loyal Customers,Germany,2.967109826589595,0.47398843930635837,11.393063583815028,112,0.10404624277456648,420,0.2222222222222222,Champions,0.7368787322960615,train
12624,At Risk,France,3.8721052631578945,0.5,9.342105263157896,36,0.0,71,0.0,At Risk,0.9298155878116638,train
12625,Loyal Customers,Germany,2.308469945355191,0.8142076502732241,18.081967213114755,144,0.3224043715846995,384,0.2,Champions,0.7594320806420473,train
12626,Champions,Germany,2.8210544217687072,0.5340136054421769,11.744897959183673,232,0.0,303,0.3076923076923077,Champions,0.750893844077771,train
12627,Champions,Germany,2.937913043478261,0.4434782608695652,11.965217391304348,162,0.1608695652173913,129,0.0,Champions,0.5047802571775774,test
12628,Loyal Customers,Germany,3.591219512195122,0.5121951219512195,10.926829268292684,34,0.2682926829268293,60,0.25,Loyal Customers,0.663245360369434,train
12629,At Risk,Other,3.997777777777778,0.7555555555555555,16.044444444444444,40,0.0,37,0.0,At Risk,0.8932526005736655,train
12630,Loyal Customers,Other,4.48640625,0.390625,8.5625,60,0.0,34,0.0,At Risk,0.7097050804674113,train
12631,Champions,Other,3.131530054644809,0.32786885245901637,8.781420765027322,131,0.15300546448087432,635,0.14285714285714285,Champions,0.9741169992422986,train
12632,At Risk,Germany,2.2334285714285715,0.8,19.82857142857143,32,0.0,44,0.5,At Risk,0.7714120517453479,train
12633,Champions,Germany,3.048398692810457,0.3954248366013072,10.581699346405228,220,0.0,466,0.3,Champions,0.7368787322960615,train
12634,At Risk,Other,7.777500000000001,0.75,16.85,20,0.0,12,0.0,At Risk,0.8932526005736655,train
12635,Champions,Germany,2.6412290502793296,0.5418994413407822,10.888268156424582,159,0.3407821229050279,367,0.0,Champions,0.7314641127342932,train
12636,Hibernating or Lost,Other,141.0,0.0,1.0,1,0.0,0,0.0,Hibernating or Lost,0.6229781651543516,train
12637,Champions,France,2.5173700787401576,0.2614173228346457,6.746456692913386,295,0.0,476,0.14285714285714285,Champions,0.7022978169718213,train
12638,Loyal Customers,Other,3.3716666666666666,0.6458333333333334,13.8125,47,0.8125,606,0.0,Champions,0.767266258103909,train
12639,Loyal Customers,Other,4.47171875,0.453125,9.859375,58,0.0,389,0.0,Loyal Customers,0.8800023435686185,train
12640,Loyal Customers,France,5.716981132075472,0.20754716981132076,5.867924528301887,47,0.0,57,0.0,At Risk,0.7622838641656651,test
12641,At Risk,Other,6.964999999999999,0.2,7.2,10,0.0,0,0.0,At Risk,0.7095998889835395,train
12642,Loyal Customers,Germany,3.5906382978723403,0.5319148936170213,11.74468085106383,39,0.0,82,0.0,At Risk,0.7755134977140098,train
12643,Champions,France,7.068269230769231,0.8269230769230769,92.01923076923077,14,0.0,482,0.14285714285714285,Loyal Customers,0.4959129813241412,train
12644,Loyal Customers,Germany,3.399189189189189,0.4144144144144144,9.297297297297296,106,0.06306306306306306,564,0.3333333333333333,Champions,0.9806844389034121,train
12645,Champions,Germany,2.6213124999999997,0.6,13.28125,111,0.0875,635,0.2,Champions,0.9788881150435661,train
12646,Loyal Customers,Other,2.387111111111111,0.6888888888888889,19.933333333333334,43,0.0,44,0.0,At Risk,0.8543654283787319,train
12647,Champions,Germany,4.904709090909091,0.3890909090909091,12.505454545454546,240,0.14727272727272728,672,0.2,Champions,0.9717871248345362,test
12648,Loyal Customers,Germany,3.6944615384615385,0.18461538461538463,7.969230769230769,38,0.0,546,0.2,Loyal Customers,0.5797265286159535,train
12649,Loyal Customers,Germany,2.714152542372881,0.6440677966101694,16.60169491525424,94,0.0,588,0.2,Champions,0.7822778601908792,train
12650,At Risk,France,1.9344999999999999,0.65,12.7,20,0.0,0,0.0,At Risk,0.9229019159409652,test
12651,Loyal Customers,France,2.04,0.5333333333333333,8.833333333333334,30,0.3,130,0.2,At Risk,0.8114235802119693,test
12652,Loyal Customers,France,3.0209803921568628,0.49019607843137253,10.509803921568627,51,0.0,102,0.3333333333333333,Loyal Customers,0.5494065230221812,train
12653,Loyal Customers,Other,2.751046511627907,0.7906976744186046,19.546511627906977,76,0.0,378,0.0,Loyal Customers,0.8302126187014099,test
12654,Loyal Customers,Germany,4.420526315789473,0.3157894736842105,6.947368421052632,31,0.0,284,0.0,Loyal Customers,0.8730698470426579,train
12655,Hibernating or Lost,France,5.490625,0.0625,5.0,16,0.0,0,0.0,At Risk,0.5614739917580874,train
12656,Champions,France,3.8882591093117407,0.3684210526315789,11.578947368421053,174,0.1902834008097166,545,0.3333333333333333,Champions,0.9858474530091901,train
12657,Champions,France,5.044893617021277,0.40425531914893614,22.21276595744681,35,0.0,67,0.2,At Risk,0.9193788056309354,test
12658,Loyal Customers,Germany,4.114444444444445,0.4444444444444444,8.88888888888889,36,0.0,0,0.0,At Risk,0.8576815605531869,train
12659,At Risk,France,5.308,0.4,21.0,5,0.0,0,0.0,At Risk,0.8190338034074991,train
12660,At Risk,France,3.8653846153846154,0.46153846153846156,9.76923076923077,13,0.0,0,0.0,At Risk,0.8622232040339155,train
12661,Hibernating or Lost,Other,0.8772727272727273,1.0,19.636363636363637,11,0.0,0,0.0,At Risk,0.5504927290626882,train
12662,Champions,Germany,3.3593349753694586,0.312807881773399,8.820197044334975,163,0.10098522167487685,617,0.09090909090909091,Champions,0.9719791010002122,train
12663,At Risk,Germany,5.84,0.3,18.1,9,0.0,43,0.3333333333333333,At Risk,0.8616024915134134,train
12664,Champions,Other,11.376000000000001,0.7111111111111111,33.22222222222222,10,0.08888888888888889,718,0.08333333333333333,Champions,0.5531221142979016,train
12665,At Risk,Germany,4.920588235294118,0.5294117647058824,9.705882352941176,13,0.0,344,0.4,Loyal Customers,0.8318538143370473,test
12666,At Risk,Other,3.846774193548387,0.41935483870967744,11.935483870967742,31,0.0,0,0.5,At Risk,0.8530331150450713,train
12667,At Risk,Other,3.624242424242424,0.5454545454545454,11.969696969696969,33,0.0,0,0.0,At Risk,0.8748251046917123,train
12668,Champions,Germany,3.4832096474953618,0.39888682745825604,9.417439703153988,263,0.4322820037105751,665,0.16666666666666666,Champions,0.9786618392819172,train
12669,Loyal Customers,France,13.741386138613862,0.4752475247524752,11.03960396039604,98,0.0,105,0.25,At Risk,0.5035175366511484,train
12670,Champions,France,3.694869565217391,0.6260869565217392,14.147826086956522,71,0.0,656,0.125,Champions,0.8200754439110467,test
12671,At Risk,Germany,2.7264666666666666,0.8222222222222222,32.44444444444444,45,0.0,0,0.0,Loyal Customers,0.5492244414865692,train
12672,At Risk,France,4.527272727272727,0.18181818181818182,6.2727272727272725,22,0.0,265,0.3333333333333333,Loyal Customers,0.8454419286553522,test
12673,Loyal Customers,Germany,2.964054054054054,0.28378378378378377,9.45945945945946,68,0.25675675675675674,396,0.0,Loyal Customers,0.8951735653266499,test
12674,Loyal Customers,France,3.230602409638554,0.5783132530120482,13.650602409638553,52,0.0,169,0.42857142857142855,Loyal Customers,0.5494065230221812,train
12675,At Risk,Other,3.779380530973451,0.008849557522123894,2.982300884955752,111,0.0,24,0.5,Loyal Customers,0.4293864675993182,train
12676,Champions,Other,5.238411214953271,0.7289719626168224,17.44859813084112,67,0.24299065420560748,458,0.08333333333333333,Loyal Customers,0.867132603131783,train
12677,At Risk,France,4.0547619047619055,0.09523809523809523,8.380952380952381,13,0.0,111,0.3333333333333333,At Risk,0.8861819067987547,train
12678,Champions,France,4.803085106382979,0.9069148936170213,59.5,199,0.047872340425531915,658,0.08695652173913043,Champions,0.9820180249647091,train
12679,Loyal Customers,France,4.004166666666666,0.25,11.541666666666666,43,0.0,225,0.5555555555555556,Loyal Customers,0.8602925016142594,train
12680,Loyal Customers,France,3.9088679245283022,0.4339622641509434,8.377358490566039,33,0.1320754716981132,112,0.0,At Risk,0.9298155878116638,train
12681,Champions,France,2.9822593856655293,0.5112627986348123,12.010921501706484,459,0.11808873720136519,711,0.19642857142857142,Champions,0.984775798185134,train
12682,Champions,France,3.593580365736285,0.4292589027911453,10.604427333974975,327,0.04042348411934552,735,0.018867924528301886,Champions,0.984775798185134,train
12683,Champions,France,2.7946210720887246,0.6395563770794824,14.201478743068392,236,0.11275415896487985,722,0.2222222222222222,Champions,0.9903990520753989,test
12684,Champions,France,2.5359999999999996,0.7523809523809524,18.904761904761905,61,0.0,205,0.0,At Risk,0.6077521319897418,train
12685,Champions,France,3.0710191082802547,0.37579617834394907,9.700636942675159,117,0.08917197452229299,65,0.0,Champions,0.5053085951956354,train
12686,At Risk,France,3.2585714285714285,0.7142857142857143,15.285714285714286,7,0.0,0,0.0,At Risk,0.8254738617861553,test
12687,At Risk,Other,4.4835714285714285,0.5714285714285714,11.134920634920634,126,0.0,0,0.0,Loyal Customers,0.3827202216819667,train
12688,Loyal Customers,Other,4.124736842105263,0.5847953216374269,17.707602339181285,171,0.0,0,0.0,Champions,0.33992360953108786,train
12689,Loyal Customers,France,2.8519444444444444,0.25,8.722222222222221,57,0.0,101,0.0,At Risk,0.6388940374380344,test
12690,At Risk,France,5.5268749999999995,0.25,6.625,16,0.0,0,0.0,At Risk,0.8362683772059311,train
12691,Loyal Customers,France,5.0948717948717945,0.41025641025641024,11.41025641025641,24,0.15384615384615385,392,0.0,Loyal Customers,0.8024738068077709,train
12692,Hibernating or Lost,France,3.123076923076923,0.0,2.769230769230769,13,0.0,0,0.0,At Risk,0.6555013877169938,test
12693,Loyal Customers,Germany,5.070506329113924,0.21518987341772153,6.784810126582278,63,0.13924050632911392,395,0.36363636363636365,Loyal Customers,0.9080921668805856,train
12694,Loyal Customers,France,2.906987951807229,0.6506024096385542,16.325301204819276,69,0.0,350,0.25,Loyal Customers,0.7663893562876354,train
12695,Champions,France,5.385084745762712,0.23728813559322035,7.694915254237288,46,0.0,658,0.0,Champions,0.6772046803724691,test
12696,At Risk,Other,3.293673469387755,0.5714285714285714,11.510204081632653,43,0.0,74,0.3333333333333333,At Risk,0.7892654583029531,train
12697,Loyal Customers,Other,5.027560975609756,0.4878048780487805,12.390243902439025,37,0.24390243902439024,140,0.4,At Risk,0.6189576928402923,test
12698,Hibernating or Lost,Germany,5.1,0.3125,6.9375,16,0.0,0,0.0,At Risk,0.7694477469821229,test
12699,At Risk,Germany,3.111219512195122,0.43902439024390244,9.097560975609756,41,0.0,0,0.0,At Risk,0.807892135115814,train
12700,Champions,France,2.6198880597014926,0.44029850746268656,11.07089552238806,193,0.23134328358208955,207,0.3333333333333333,Champions,0.6970756723012607,train
12701,Champions,Germany,2.979591836734694,0.4897959183673469,11.748299319727892,118,0.0,553,0.0,Champions,0.9792622167354822,test
12702,At Risk,Germany,5.441666666666666,0.08333333333333333,4.416666666666667,12,1.0,0,0.0,At Risk,0.5596254823258682,test
12703,Loyal Customers,Germany,2.9198648648648646,0.22972972972972974,8.04054054054054,56,0.5405405405405406,613,0.42857142857142855,Champions,0.7708367711387795,train
12704,Champions,Other,6.428409090909091,0.4431818181818182,11.431818181818182,64,0.0,162,0.2,At Risk,0.6638401732873058,train
12705,Champions,Germany,2.6162938230383976,0.5308848080133556,12.0,320,0.15358931552587646,518,0.36363636363636365,Champions,0.9848348660425145,train
12707,At Risk,France,3.236666666666667,0.3333333333333333,7.757575757575758,33,0.0,0,0.0,At Risk,0.919054832510264,train
12708,Champions,Germany,4.103612903225806,0.3419354838709677,8.13225806451613,130,0.12258064516129032,691,0.4,Champions,0.970008053914091,test
12709,Champions,Germany,3.7973600000000003,0.806,27.966,189,0.078,715,0.38181818181818183,Champions,0.9859037198072597,train
12710,Loyal Customers,Germany,2.718441558441558,0.4935064935064935,11.051948051948052,75,0.948051948051948,104,0.25,Loyal Customers,0.8502004003653195,train
12711,At Risk,Germany,2.579333333333333,0.6333333333333333,12.833333333333334,56,0.0,65,0.0,Loyal Customers,0.5703004274922083,train
12712,Champions,Germany,5.319492753623189,0.3079710144927536,8.51086956521739,126,0.0,701,0.25,Champions,0.970008053914091,train
12713,Loyal Customers,Germany,2.503421052631579,0.631578947368421,13.368421052631579,38,0.0,0,0.0,At Risk,0.7831280387843508,train
12714,Champions,France,2.5673850574712644,0.5589080459770115,12.60632183908046,436,0.0,726,0.0,Champions,0.9858410595283358,test
12715,At Risk,Other,3.401904761904762,0.19047619047619047,9.380952380952381,20,0.0,0,0.0,At Risk,0.9017496735165491,train
12716,Loyal Customers,France,2.665797101449275,0.36231884057971014,10.26086956521739,60,0.0,129,0.0,At Risk,0.5841916248029256,train
12717,Loyal Customers,Other,4.96112676056338,0.4647887323943662,8.450704225352112,60,0.0,439,0.25,Loyal Customers,0.8833567651512537,test
12718,At Risk,France,2.7221052631578946,0.6842105263157895,10.68421052631579,19,0.0,0,0.0,At Risk,0.8911135509392119,train
12719,Loyal Customers,France,3.644871794871795,0.4358974358974359,9.58974358974359,34,0.5384615384615384,59,0.3333333333333333,At Risk,0.5260087412618982,train
12720,Champions,Germany,2.7223379174852655,0.4577603143418468,12.410609037328094,262,0.21218074656188604,503,0.2682926829268293,Champions,0.7768198794043776,train
12721,Champions,France,3.390836820083682,0.4393305439330544,11.108786610878662,183,0.0,440,0.2,Champions,0.7493365891225984,train
12722,Loyal Customers,France,3.6201886792452833,0.5849056603773585,10.679245283018869,50,0.03773584905660377,65,0.3333333333333333,Loyal Customers,0.49949909151225197,train
12723,Loyal Customers,France,3.2023188405797103,0.2318840579710145,6.2898550724637685,53,0.0,61,0.0,At Risk,0.6698913146457559,train
12724,Champions,France,3.231627906976744,0.2868217054263566,10.689922480620154,94,0.2558139534883721,530,0.0,Champions,0.7992850711026422,train
12725,Loyal Customers,Other,5.614076923076923,0.3,10.046153846153846,92,0.0,213,0.0,Loyal Customers,0.886225473370176,train
12726,Champions,France,2.185754189944134,0.7932960893854749,25.798882681564248,63,0.08379888268156424,595,0.0,Champions,0.752150889738496,test
12727,Champions,France,3.2820689655172415,0.6798029556650246,13.950738916256158,132,0.15270935960591134,644,0.16666666666666666,Champions,0.9833321596135218,train
12728,Loyal Customers,France,4.496885245901639,0.39344262295081966,8.901639344262295,48,0.3770491803278688,312,0.0,Loyal Customers,0.876121727237761,test
12729,At Risk,France,3.701538461538462,0.38461538461538464,8.961538461538462,26,0.0,0,0.0,At Risk,0.9070541624299685,train
12730,At Risk,Germany,4.915957446808511,0.10638297872340426,4.9787234042553195,47,0.0,0,0.0,At Risk,0.6269278424265409,train
12731,Champions,France,3.3750127226463102,0.811704834605598,29.62086513994911,137,0.05343511450381679,624,0.10526315789473684,Champions,0.986831385314313,train
12732,At Risk,France,3.5225000000000004,0.08333333333333333,9.25,12,0.0,0,0.0,At Risk,0.7743580890200535,train
12733,Loyal Customers,Other,3.4175796178343947,0.07643312101910828,5.707006369426751,117,0.0,455,0.3333333333333333,Champions,0.6588578608380982,train
12734,At Risk,France,3.836315789473684,0.47368421052631576,13.947368421052632,17,0.0,39,0.0,At Risk,0.8884897023893726,train
12735,At Risk,France,5.416279069767441,0.32558139534883723,8.55813953488372,38,0.0,21,0.0,At Risk,0.9378424287004749,test
12736,At Risk,France,5.58,0.75,43.25,4,0.0,0,0.0,At Risk,0.7706315163259229,train
12737,Loyal Customers,France,1855.25,0.0,1.0,2,0.0,0,0.0,At Risk,0.5614739917580874,train
12738,At Risk,Germany,3.95,0.7272727272727273,13.454545454545455,11,0.0,0,0.0,At Risk,0.7551201214568475,train
12739,Champions,Other,8.167640449438203,0.47191011235955055,10.685393258426966,85,0.0,315,0.0,Loyal Customers,0.8800023435686185,test
12740,At Risk,France,2.074074074074074,0.6666666666666666,12.666666666666666,27,0.0,0,0.0,At Risk,0.9229019159409652,train
12741,At Risk,Other,12.220625,0.5625,13.375,16,0.0,3,0.0,At Risk,0.7555740501022585,train
12742,At Risk,Other,1.7086567164179105,0.47761194029850745,20.28358208955224,67,0.0,0,0.5,At Risk,0.4888293821143796,train
12743,At Risk,Other,3.038582089552239,0.05970149253731343,2.3805970149253732,114,0.0,0,0.0,Loyal Customers,0.3789245782386931,train
12744,Champions,Other,39.299410029498524,0.6666666666666666,20.63126843657817,245,0.0,539,0.21428571428571427,Champions,0.9774166136159385,test
12745,At Risk,United Kingdom,11.71913043478261,0.7391304347826086,20.347826086956523,21,0.0,195,0.0,At Risk,0.8173343332323036,train
12746,Hibernating or Lost,United Kingdom,3.476470588235294,0.058823529411764705,5.705882352941177,17,0.0,0,0.6666666666666666,At Risk,0.7021193638651358,train
12747,Champions,United Kingdom,4.341634241245136,0.3968871595330739,10.731517509727626,85,0.1867704280155642,730,0.1875,Champions,0.7291758592801169,train
12748,Champions,United Kingdom,2.981765356945213,0.11828998339789706,5.410625345877144,2286,0.20987825124515772,734,0.07671232876712329,Champions,0.9721425832198033,train
12749,Champions,United Kingdom,5.4790828402366865,0.23668639053254437,6.982248520710059,260,0.17751479289940827,517,0.4375,Champions,0.9764239335773066,test
12750,At Risk,Other,4.62,0.3333333333333333,9.133333333333333,15,0.0,0,0.0,At Risk,0.7095998889835395,train
12751,Hibernating or Lost,Other,1.834032258064516,0.04838709677419355,3.0483870967741935,61,0.0,0,0.0,At Risk,0.7390729531651564,test
12752,Loyal Customers,Other,2.2941509433962266,0.9811320754716981,42.679245283018865,53,0.0,0,0.0,At Risk,0.5864171500842591,train
12753,Champions,Other,2.3373604060913706,0.9898477157360406,57.974619289340104,132,0.2436548223350254,339,0.45454545454545453,Champions,0.8141450710685403,train
12754,Loyal Customers,Other,1.125079365079365,0.2222222222222222,102.87301587301587,49,0.0,72,0.4,At Risk,0.532910228286307,train
12755,Champions,Other,2.13921875,0.4375,59.078125,34,0.0,413,0.5,Loyal Customers,0.8755242055409571,train
12756,At Risk,Other,0.7424999999999999,1.0,36.0,4,0.0,0,0.0,At Risk,0.5504927290626882,test
12757,Champions,Portugal,11.912641509433962,0.18059299191374664,6.474393530997305,237,0.0,195,0.3157894736842105,Loyal Customers,0.6233442125130342,train
12758,Loyal Customers,Portugal,2.2553035143769966,0.7252396166134185,19.664536741214057,187,0.0,621,0.125,Champions,0.9508180588577363,test
12759,Champions,Netherlands,2.8727814569536427,0.5165562913907285,10.602649006622517,206,0.0,683,0.0,Champions,0.9782095761034798,train
12760,Hibernating or Lost,Netherlands,2.979047619047619,0.2857142857142857,9.428571428571429,21,0.0,0,0.0,At Risk,0.8764552587284441,train
12761,At Risk,Netherlands,4.394444444444445,0.4444444444444444,10.407407407407407,27,0.0,7,0.0,At Risk,0.8745814247944891,test
12762,Loyal Customers,Portugal,2.736086956521739,0.782608695652174,17.782608695652176,62,0.0,17,0.0,Loyal Customers,0.5707858465992088,train
12763,At Risk,Other,1.7905882352941176,0.7058823529411765,15.058823529411764,16,1.0,230,0.0,Loyal Customers,0.7719261123161596,train
12764,At Risk,Other,5.387555555555555,0.4222222222222222,8.577777777777778,45,0.0,0,0.0,At Risk,0.7097050804674113,train
12765,Loyal Customers,Netherlands,2.6519117647058823,0.8235294117647058,14.838235294117647,49,0.058823529411764705,169,0.0,At Risk,0.560762677455412,train
12766,Champions,Portugal,2.988967032967033,0.5428571428571428,11.96923076923077,253,0.07692307692307693,403,0.18181818181818182,Champions,0.5366261164300992,train
12767,At Risk,Other,2.0948837209302327,0.4883720930232558,13.906976744186046,43,0.0,0,0.0,At Risk,0.8928558742738063,train
12768,Hibernating or Lost,Other,3.008,0.2,10.2,10,0.0,0,0.5,At Risk,0.8965797219946804,test
12769,At Risk,Other,4.45625,0.4375,11.125,32,0.0,0,0.0,At Risk,0.9025560832430761,train
12770,Loyal Customers,Other,2.6867857142857146,1.0,65.82142857142857,19,0.0,245,0.7142857142857143,Loyal Customers,0.874728590983214,train
12771,Hibernating or Lost,Portugal,5.656666666666666,0.4666666666666667,6.933333333333334,15,0.0,0,0.5,At Risk,0.6822028593602667,train
12772,At Risk,Portugal,3.7007272727272724,0.5454545454545454,10.10909090909091,55,0.0,0,0.0,Loyal Customers,0.6305414652161809,train
12773,Hibernating or Lost,Portugal,2.018333333333333,0.5,18.166666666666668,6,0.0,0,0.5,At Risk,0.608844361717918,train
12774,Hibernating or Lost,Netherlands,3.966666666666667,0.5,8.833333333333334,6,0.0,0,0.0,At Risk,0.5564182260042346,test
12775,Champions,Netherlands,3.802098765432099,0.5925925925925926,13.37037037037037,55,0.0,392,0.125,Loyal Customers,0.8846220207849438,train
12776,Hibernating or Lost,Portugal,7.53,0.25,11.5,4,0.0,0,0.0,Hibernating or Lost,0.5057606898318595,test
12777,At Risk,United Kingdom,3.200384615384615,0.5384615384615384,17.615384615384617,26,0.0,0,0.0,At Risk,0.826512454776752,train
12778,Champions,Netherlands,3.0057017543859645,0.6754385964912281,15.219298245614034,77,0.07017543859649122,583,0.1,Champions,0.7462701650827622,train
12779,Champions,Other,3.1569314079422384,0.5631768953068592,13.144404332129964,142,0.0,699,0.3333333333333333,Champions,0.9849684688975072,train
12780,Hibernating or Lost,Netherlands,3.037,0.6,14.25,20,0.0,0,0.0,At Risk,0.8486082336451825,train
12781,Loyal Customers,Other,3.1308,0.92,26.84,25,0.0,221,0.6,Loyal Customers,0.8720722020823154,train
12782,Champions,Portugal,3.948193832599119,0.3568281938325991,8.885462555066079,142,0.0,514,0.21428571428571427,Champions,0.9304633691664891,train
12783,Champions,Portugal,12.22857142857143,0.30952380952380953,7.428571428571429,76,0.21428571428571427,73,0.25,Loyal Customers,0.8411732744266976,test
12784,Loyal Customers,Portugal,3.27030534351145,0.16030534351145037,6.732824427480916,121,0.0,520,0.0,Champions,0.9483109243501384,train
12785,Loyal Customers,Portugal,5.350892857142857,0.14285714285714285,8.089285714285714,42,0.0,366,0.4,Loyal Customers,0.9374587017810128,train
12786,At Risk,Netherlands,3.1,0.6111111111111112,18.0,18,0.0,0,0.0,At Risk,0.5516535454879802,train
12787,Loyal Customers,Netherlands,3.138409090909091,0.5,11.590909090909092,30,0.0,403,0.2,Loyal Customers,0.8720221108829048,train
12788,At Risk,Netherlands,4.119230769230769,0.19230769230769232,7.461538461538462,20,0.11538461538461539,65,0.0,At Risk,0.8815279605963317,test
12789,At Risk,Netherlands,16.84375,0.25,4.5,5,0.0,628,0.0,Loyal Customers,0.5201921771231244,train
12790,At Risk,Netherlands,4.495945945945945,0.35135135135135137,8.27027027027027,36,0.0,218,0.3333333333333333,Loyal Customers,0.8730127017007346,train
12791,Loyal Customers,Netherlands,9.438333333333333,0.4666666666666667,15.0,17,0.3,250,0.25,Loyal Customers,0.8549979076480971,train
12792,At Risk,Portugal,4.011276595744681,0.3617021276595745,8.382978723404255,39,0.0,278,0.3333333333333333,Loyal Customers,0.9374587017810128,train
12793,Loyal Customers,Portugal,4.037058823529412,0.3137254901960784,10.313725490196079,34,0.3333333333333333,66,0.0,At Risk,0.5955944258981292,train
12794,Loyal Customers,Portugal,2.077111111111111,0.6666666666666666,13.155555555555555,43,0.0,45,0.0,At Risk,0.7336375251568428,train
12795,Loyal Customers,Portugal,7.695,0.07142857142857142,4.857142857142857,14,0.0,0,0.0,Hibernating or Lost,0.8551488738442513,train
12796,At Risk,Netherlands,3.814285714285714,0.8571428571428571,26.0,7,1.0,0,0.0,At Risk,0.6283105439351404,test
12797,At Risk,Portugal,5.256744186046512,0.37209302325581395,7.744186046511628,27,0.0,58,0.6666666666666666,At Risk,0.7306367417593507,train
12798,Champions,Other,0.9006060606060605,0.7878787878787878,256.2121212121212,27,0.0,411,0.0,Loyal Customers,0.7817079849007443,train
12799,Hibernating or Lost,Other,2.8366666666666664,0.5333333333333333,9.133333333333333,15,0.0,0,0.0,At Risk,0.6831764843723426,train
12800,At Risk,Portugal,3.837058823529412,0.4411764705882353,8.352941176470589,31,0.0,206,0.0,At Risk,0.7434515831117504,train
12801,At Risk,Other,4.5974,0.44,10.1,50,0.0,0,0.5,At Risk,0.4853062092767888,train
12802,Loyal Customers,Netherlands,2.622608695652174,0.5869565217391305,14.289855072463768,108,0.0,377,0.2222222222222222,Champions,0.7550205265347172,test
12803,At Risk,Netherlands,1.8143636363636364,0.6909090909090909,15.854545454545455,55,0.0,0,0.0,At Risk,0.6756481862576242,train
12804,At Risk,Netherlands,2.0173134328358207,0.08955223880597014,4.044776119402985,60,0.0,34,0.0,At Risk,0.6796028891915564,train
12805,Loyal Customers,Netherlands,3.6508620689655173,0.3793103448275862,10.224137931034482,44,0.25862068965517243,293,0.0,Loyal Customers,0.9306431807434559,train
12806,Loyal Customers,Netherlands,6.652985074626866,0.6716417910447762,31.149253731343283,58,0.417910447761194,153,0.0,Loyal Customers,0.554065078334038,train
12807,Hibernating or Lost,Other,6.4875,0.4375,9.0625,16,1.0,0,0.6666666666666666,At Risk,0.8281664136208537,train
12808,Loyal Customers,Portugal,3.835925925925926,0.1111111111111111,6.944444444444445,46,0.0,425,0.0,Loyal Customers,0.9440944013012051,train
12809,Loyal Customers,Portugal,6.506419753086419,0.19753086419753085,6.395061728395062,75,0.2716049382716049,469,0.625,Loyal Customers,0.9449291103479112,train
12810,At Risk,Other,1.9415625,0.5,12.15625,32,0.0,142,0.0,At Risk,0.8928558742738063,train
12811,Loyal Customers,Portugal,4.353571428571429,0.125,7.767857142857143,47,0.0,166,0.0,At Risk,0.5554168279937419,train
12812,At Risk,Other,2.0686666666666667,0.4,10.933333333333334,15,0.0,0,0.0,At Risk,0.7059897691640271,train
12813,At Risk,Netherlands,2.3455555555555554,0.8888888888888888,25.355555555555554,37,0.0,191,0.0,At Risk,0.8051172940341441,train
12814,At Risk,Other,20.895,0.5,24.5,2,0.0,0,0.0,At Risk,0.6862071321331927,test
12815,Loyal Customers,Other,5.401489361702128,0.3617021276595745,8.063829787234043,38,0.0,50,0.0,At Risk,0.9156397146285329,train
12816,At Risk,Other,8.832758620689654,0.06896551724137931,4.413793103448276,27,0.0,80,0.0,At Risk,0.8272054015722007,train
12817,At Risk,Other,7.6272,0.48,8.76,16,0.0,153,0.0,At Risk,0.7047248131001175,train
12818,At Risk,Other,6.755,0.6428571428571429,66.35714285714286,14,0.0,0,0.5,At Risk,0.8397302575475928,test
12819,At Risk,United Kingdom,3.3342105263157897,0.7368421052631579,18.105263157894736,19,0.0,0,0.0,At Risk,0.8264427958453531,train
12820,Champions,United Kingdom,2.490691823899371,0.5283018867924528,12.352201257861635,131,0.0880503144654088,731,0.15384615384615385,Champions,0.9825654733277243,train
12821,At Risk,United Kingdom,2.4061538461538463,0.6923076923076923,12.461538461538462,13,0.0,397,0.0,Loyal Customers,0.6838608719941975,train
12822,Loyal Customers,United Kingdom,2.692608695652174,0.41304347826086957,11.956521739130435,41,0.0,16,0.3333333333333333,At Risk,0.7294524478311958,train
12823,Champions,United Kingdom,6.905555555555555,1.0,51.666666666666664,1,0.0,604,0.0,Champions,0.5645852273718696,train
12824,At Risk,United Kingdom,2.5356,0.6,9.28,25,0.0,0,0.0,At Risk,0.7956092864482799,train
12825,At Risk,United Kingdom,6.155833333333334,0.20833333333333334,5.791666666666667,20,0.0,120,0.0,At Risk,0.8607784496184314,test
12826,Champions,United Kingdom,2.008012048192771,0.3674698795180723,12.018072289156626,93,0.04216867469879518,718,0.2,Champions,0.6498577286240101,train
12827,Loyal Customers,United Kingdom,2.8680000000000003,0.32,7.88,19,0.2,38,0.0,At Risk,0.6779982120978826,test
12828,Champions,United Kingdom,3.09,0.4107142857142857,8.821428571428571,46,0.0,127,0.0,At Risk,0.5661490446217736,train
12829,At Risk,United Kingdom,7.851578947368421,0.42105263157894735,28.94736842105263,17,0.0,213,0.25,Loyal Customers,0.7309211457103838,test
12830,Champions,United Kingdom,1.0863157894736843,1.0,259.1578947368421,13,0.0,134,0.14285714285714285,Hibernating or Lost,0.6625839037072621,train
12831,At Risk,United Kingdom,2.830454545454545,0.45454545454545453,13.772727272727273,16,0.0,200,0.0,At Risk,0.5378948354889166,test
12832,Loyal Customers,United Kingdom,2.928888888888889,0.4074074074074074,7.222222222222222,27,0.0,65,0.0,At Risk,0.8059974635658709,train
12833,At Risk,United Kingdom,5.44125,0.25,6.5,24,1.0,0,0.0,At Risk,0.7763338967350972,train
12834,At Risk,United Kingdom,4.893888888888889,0.3333333333333333,6.111111111111111,18,0.0,0,0.0,At Risk,0.4984835712030462,train
12835,Loyal Customers,United Kingdom,3.6230967741935487,0.05,3.8016129032258066,138,0.0,308,0.16326530612244897,Champions,0.5817880101099283,train
12836,Champions,United Kingdom,4.5665700483091785,0.16666666666666666,5.400966183574879,280,0.028985507246376812,679,0.11764705882352941,Champions,0.9620848721022943,train
12837,At Risk,United Kingdom,4.1388043478260865,0.021739130434782608,2.2717391304347827,83,0.13043478260869565,396,0.0,Loyal Customers,0.8978707102564389,train
12838,Champions,United Kingdom,2.3939007092198583,0.0851063829787234,4.361702127659575,230,0.15130023640661938,559,0.16666666666666666,Champions,0.9701483488954694,test
12839,Champions,United Kingdom,2.1131770833333334,0.5,11.890625,156,0.027777777777777776,730,0.16129032258064516,Champions,0.9721936167501243,test
12840,Loyal Customers,United Kingdom,2.142443181818182,0.4943181818181818,12.829545454545455,109,0.0,530,0.36363636363636365,Champions,0.9781224605723451,test
12841,Champions,United Kingdom,2.412464387464387,0.2150997150997151,7.712250712250713,307,0.3005698005698006,514,0.047619047619047616,Champions,0.9795133047476816,train
12842,Loyal Customers,United Kingdom,3.7881250000000004,0.7708333333333334,18.479166666666668,45,0.22916666666666666,667,0.0,Champions,0.8105379871062881,train
12843,Champions,United Kingdom,4.178461538461538,0.334841628959276,13.714932126696832,130,0.26244343891402716,661,0.11764705882352941,Champions,0.974696326014535,train
12844,Loyal Customers,United Kingdom,3.310970873786408,0.0,2.1650485436893203,88,0.20388349514563106,564,0.0,Champions,0.6804291187926712,test
12845,Loyal Customers,United Kingdom,2.7903703703703706,0.07407407407407407,7.555555555555555,26,0.0,22,0.0,At Risk,0.7498785253025309,test
12846,Hibernating or Lost,United Kingdom,15.58,0.0,1.0,1,0.0,0,0.0,Hibernating or Lost,0.8053437570891684,train
12847,Loyal Customers,United Kingdom,1.3217460317460317,0.42063492063492064,12.166666666666666,100,0.0,365,0.0,Loyal Customers,0.8895545673836586,train
12848,Hibernating or Lost,United Kingdom,3.971875,0.0,3.625,16,0.0,0,0.0,Hibernating or Lost,0.8053437570891684,train
12849,Champions,United Kingdom,3.598378378378378,0.43243243243243246,12.716216216216216,123,0.0,559,0.0,Champions,0.981259281452183,train
12850,Hibernating or Lost,United Kingdom,1.65,1.0,100.0,2,0.0,0,0.0,Hibernating or Lost,0.6625839037072621,train
12851,At Risk,United Kingdom,2.460375,0.025,2.0,71,0.625,380,0.0,Loyal Customers,0.8973604003191129,train
12852,At Risk,United Kingdom,3.65,0.35294117647058826,8.764705882352942,17,0.0,0,0.5,At Risk,0.8154363279823286,train
12853,Champions,United Kingdom,4.001959459459459,0.43243243243243246,11.27027027027027,111,0.0,537,0.3125,Champions,0.9799290668134282,test
12854,Champions,United Kingdom,2.9545660377358494,0.1320754716981132,6.169811320754717,188,0.0,649,0.36363636363636365,Champions,0.9786792479870698,train
12855,Loyal Customers,United Kingdom,5.248571428571428,0.12857142857142856,3.857142857142857,65,0.0,29,0.0,At Risk,0.6745487483719981,train
12856,Champions,United Kingdom,2.543407643312102,0.050955414012738856,3.4363057324840764,155,0.0,55,0.25,Loyal Customers,0.4316283406813136,train
12857,Loyal Customers,United Kingdom,3.6438016528925616,0.4049586776859504,11.735537190082646,71,0.0,472,0.14285714285714285,Loyal Customers,0.8583389205544516,train
12858,Hibernating or Lost,United Kingdom,3.1044897959183673,0.0,1.2857142857142858,36,1.0,0,0.5,At Risk,0.6218315493005109,train
12859,At Risk,United Kingdom,2.7261904761904763,0.5238095238095238,13.904761904761905,21,0.0,0,0.0,At Risk,0.8021283796886285,train
12860,Hibernating or Lost,United Kingdom,2.551176470588235,0.0,1.588235294117647,16,0.0,0,0.0,Hibernating or Lost,0.8147627841867663,train
12861,Hibernating or Lost,United Kingdom,6.0,0.5,6.75,4,0.0,0,0.0,Hibernating or Lost,0.4959737363081736,train
12862,At Risk,United Kingdom,3.060751879699248,0.09774436090225563,4.609022556390977,119,1.0,69,0.0,Loyal Customers,0.48891135866633423,train
12863,Champions,United Kingdom,4.062291666666666,0.6875,18.645833333333332,24,0.0,537,0.14285714285714285,Loyal Customers,0.5117084177292769,test
12864,At Risk,United Kingdom,0.6757142857142856,0.8571428571428571,63.857142857142854,5,0.42857142857142855,369,0.0,Loyal Customers,0.7909641171120253,test
12865,Champions,Other,3.0614358974358975,0.49230769230769234,10.117948717948718,156,0.18974358974358974,450,0.2,Champions,0.7331077296281018,train
12866,Loyal Customers,Belgium,3.6973015873015873,0.2698412698412698,8.777777777777779,58,0.5873015873015873,219,0.0,Loyal Customers,0.9350001950320848,train
12867,Champions,United Kingdom,1.3725211665098778,0.23047977422389465,7.468485418626528,365,0.4543744120413923,696,0.1875,Champions,0.9674022571261007,train
12868,Loyal Customers,United Kingdom,2.6606164383561643,0.3972602739726027,8.780821917808218,86,0.0,207,0.0,At Risk,0.5291912171803411,train
12869,Hibernating or Lost,United Kingdom,2.576216216216216,0.02702702702702703,3.891891891891892,35,0.0,0,0.0,At Risk,0.6490496539052968,train
12870,Loyal Customers,United Kingdom,4.554193548387097,0.44086021505376344,9.741935483870968,85,0.0,248,0.25,Loyal Customers,0.8689505082547436,train
12871,Loyal Customers,United Kingdom,2.808888888888889,0.7777777777777778,26.88888888888889,13,0.3888888888888889,355,0.0,Loyal Customers,0.8129046425765586,train
12872,Champions,United Kingdom,2.6030504587155963,0.08256880733944955,4.254587155963303,217,0.33715596330275227,409,0.07692307692307693,Champions,0.6352384448555851,train
12873,Loyal Customers,United Kingdom,3.438,0.8,22.457142857142856,33,0.4857142857142857,399,0.0,Loyal Customers,0.9068027744369668,train
12874,At Risk,Belgium,3.0775,0.5625,12.979166666666666,44,0.0,169,0.3333333333333333,At Risk,0.5685241079032776,test
12875,Loyal Customers,United Kingdom,0.37625000000000003,1.0,648.375,2,0.125,554,0.0,Champions,0.5440678580703685,train
12876,Champions,Belgium,2.519764705882353,0.5294117647058824,17.923529411764704,117,0.0,532,0.2,Champions,0.9743387254418368,train
12877,Champions,United Kingdom,1.9748014440433213,0.2851985559566787,8.166064981949459,149,0.16967509025270758,687,0.0,Champions,0.9674022571261007,train
12878,At Risk,United Kingdom,2.0325531914893618,0.5531914893617021,11.638297872340425,38,0.5957446808510638,29,0.3333333333333333,At Risk,0.5692895505234888,train
12879,Loyal Customers,United Kingdom,1.832,0.8,37.0,7,0.0,47,0.25,At Risk,0.6450182397136387,train
12880,At Risk,United Kingdom,4.122777777777778,0.25,7.75,32,0.0,192,0.0,At Risk,0.8607784496184314,train
12881,At Risk,United Kingdom,32.971428571428575,0.0,3.0,7,0.0,0,0.0,Hibernating or Lost,0.8053437570891684,train
12882,Loyal Customers,United Kingdom,6.437692307692307,0.6153846153846154,18.923076923076923,12,0.38461538461538464,24,0.0,At Risk,0.495483946705618,train
12883,Loyal Customers,United Kingdom,5.926904761904762,0.09523809523809523,4.666666666666667,39,0.4523809523809524,64,0.0,At Risk,0.699121992610056,test
12884,At Risk,United Kingdom,15.984285714285715,0.0,6.142857142857143,7,0.0,0,0.0,Hibernating or Lost,0.6896963609762642,train
12885,Loyal Customers,United Kingdom,3.5930985915492957,0.4225352112676056,9.225352112676056,66,0.0,60,0.25,Loyal Customers,0.5648063316687558,test
12886,Loyal Customers,United Kingdom,3.7206097560975615,0.4146341463414634,9.390243902439025,75,0.0,151,0.3333333333333333,Loyal Customers,0.5648063316687558,train
12887,Hibernating or Lost,United Kingdom,4.742307692307692,0.38461538461538464,7.6923076923076925,13,1.0,0,0.0,At Risk,0.5887970544237118,train
12888,At Risk,United Kingdom,5.896,0.6,15.2,4,0.0,41,0.5,At Risk,0.6992316940889529,test
12889,At Risk,United Kingdom,5.0931999999999995,0.2,4.96,25,0.48,121,0.3333333333333333,At Risk,0.6752488629307042,train
12890,Loyal Customers,United Kingdom,1.9345323741007192,0.05755395683453238,3.352517985611511,124,0.0,363,0.0,Loyal Customers,0.5111718900434721,train
12891,Loyal Customers,United Kingdom,0.3836363636363636,1.0,211.36363636363637,2,0.18181818181818182,473,0.08333333333333333,Loyal Customers,0.7909641171120253,test
12892,Hibernating or Lost,United Kingdom,3.31,0.3333333333333333,7.777777777777778,18,0.0,0,0.0,At Risk,0.5947845570931846,train
12893,At Risk,United Kingdom,2.2108823529411765,0.029411764705882353,2.823529411764706,27,0.0,0,0.0,At Risk,0.622888518232414,train
12894,Hibernating or Lost,United Kingdom,5.633333333333333,0.0,1.5714285714285714,21,0.0,0,0.0,At Risk,0.6790364749681377,train
12895,Loyal Customers,United Kingdom,3.222727272727273,0.5454545454545454,9.545454545454545,22,0.0,44,0.3333333333333333,At Risk,0.7574184472245591,train
12897,Loyal Customers,United Kingdom,3.775,0.5714285714285714,17.785714285714285,10,0.0,339,0.0,Loyal Customers,0.681567820577668,train
12898,At Risk,United Kingdom,2.4646875,0.15625,7.5,27,0.0,195,0.0,At Risk,0.8208232558852596,train
12899,At Risk,United Kingdom,5.067647058823529,0.11764705882352941,6.352941176470588,17,0.0,0,0.0,Hibernating or Lost,0.6896963609762642,train
12900,Hibernating or Lost,United Kingdom,3.6169230769230767,0.5384615384615384,10.692307692307692,13,0.0,0,0.0,At Risk,0.6489482792953484,test
12901,Champions,United Kingdom,1.4663793103448275,0.853448275862069,198.92241379310346,30,0.017241379310344827,261,0.2222222222222222,Loyal Customers,0.872381791674813,test
12902,At Risk,United Kingdom,5.619,0.4,6.6,10,1.0,0,0.0,At Risk,0.5887970544237118,train
12903,At Risk,United Kingdom,2.2826829268292683,0.4146341463414634,12.024390243902438,41,0.0,0,0.0,At Risk,0.8373151763866855,train
12904,Loyal Customers,United Kingdom,3.085,0.06944444444444445,4.194444444444445,59,0.0,154,0.0,At Risk,0.6313688337125513,train
12905,At Risk,United Kingdom,3.6487037037037036,0.4074074074074074,9.851851851851851,52,0.0,105,0.3333333333333333,Loyal Customers,0.6074326597460005,train
12906,Champions,United Kingdom,2.551904761904762,0.746031746031746,27.761904761904763,55,0.0,66,0.0,At Risk,0.5346079062853114,train
12907,At Risk,United Kingdom,5.2084,0.16,7.08,23,0.0,98,0.3333333333333333,At Risk,0.8657381856703236,train
12908,Loyal Customers,United Kingdom,0.592,1.0,600.0,1,0.0,453,0.2857142857142857,Loyal Customers,0.7073908822930929,train
12909,Champions,United Kingdom,4.963417721518987,0.3670886075949367,12.329113924050633,120,0.13924050632911392,614,0.38461538461538464,Champions,0.9770786551126931,train
12910,Champions,United Kingdom,1.928905109489051,0.9708029197080292,26.51094890510949,75,0.17518248175182483,598,0.07142857142857142,Champions,0.7406977785194158,train
12911,At Risk,United Kingdom,3.1278225806451614,0.06451612903225806,3.306451612903226,220,1.0,0,0.0,Loyal Customers,0.48891135866633423,train
12912,Champions,United Kingdom,2.7191666666666667,1.0,27.916666666666668,17,0.2916666666666667,37,0.0,Hibernating or Lost,0.47160462427924404,train
12913,Champions,United Kingdom,3.0973958333333336,0.7395833333333334,33.666666666666664,52,0.0,733,0.0,Champions,0.7869438186734504,train
12914,Hibernating or Lost,United Kingdom,1.1444444444444444,0.7777777777777778,37.333333333333336,9,0.0,0,0.0,Hibernating or Lost,0.6625839037072621,train
12915,Loyal Customers,United Kingdom,5.566027397260274,0.2465753424657534,6.191780821917808,46,0.0,440,0.5,Loyal Customers,0.892988418677923,test
12916,Loyal Customers,United Kingdom,4.434130434782609,0.2717391304347826,9.641304347826088,82,0.9239130434782609,545,0.125,Champions,0.7015330034620072,test
12917,Loyal Customers,United Kingdom,3.6719999999999997,0.48,22.08,45,0.0,602,0.25,Champions,0.838402299928722,train
12918,At Risk,United Kingdom,10953.5,0.0,1.0,1,0.0,0,0.6666666666666666,Hibernating or Lost,0.5072537080810667,train
12919,Champions,United Kingdom,2.6044,0.58,13.46,34,0.0,161,0.25,At Risk,0.7294524478311958,train
12920,Loyal Customers,United Kingdom,3.084166666666667,0.3,7.016666666666667,59,0.0,707,0.0,Champions,0.7006175932698865,train
12921,Champions,United Kingdom,2.2921316818774446,0.5534550195567145,14.151238591916558,322,0.050195567144719684,729,0.2815533980582524,Champions,0.989190349816269,train
12922,At Risk,United Kingdom,1.627857142857143,0.6785714285714286,13.214285714285714,28,0.0,0,0.0,At Risk,0.8233358072462033,train
12923,Loyal Customers,United Kingdom,3.5687096774193545,0.03225806451612903,3.8225806451612905,54,0.25806451612903225,511,0.0,Champions,0.6804291187926712,train
12924,Champions,United Kingdom,2.522972972972973,0.4864864864864865,19.22972972972973,56,0.02702702702702703,642,0.14285714285714285,Champions,0.813553925890134,train
12925,Loyal Customers,United Kingdom,2.117,0.76,12.98,46,0.0,588,0.0,Champions,0.6596646697271851,train
12926,Loyal Customers,United Kingdom,2.5143430656934305,0.058394160583941604,2.795620437956204,202,0.13138686131386862,314,0.0,Champions,0.5998457545140751,train
12927,Hibernating or Lost,United Kingdom,2.830909090909091,0.9090909090909091,13.181818181818182,11,0.0,0,0.0,Hibernating or Lost,0.5226520580879255,train
12928,Champions,United Kingdom,1.9278212290502792,0.4860335195530726,16.195530726256983,94,0.0,514,0.0,Champions,0.7298755729657285,train
12929,At Risk,United Kingdom,7.11875,0.25,4.625,8,0.0,0,0.5,At Risk,0.6665546487152877,train
12930,Loyal Customers,United Kingdom,2.9948,0.44,10.08,20,0.0,93,0.5,At Risk,0.7574184472245591,train
12931,Champions,United Kingdom,1.9688990825688075,0.9954128440366973,288.5596330275229,37,0.009174311926605505,717,0.19718309859154928,Loyal Customers,0.5329303934415414,train
12932,Loyal Customers,United Kingdom,2.076105263157895,0.5368421052631579,16.936842105263157,69,0.2736842105263158,128,0.0,Loyal Customers,0.6239173510396508,test
12933,Champions,United Kingdom,3.1700000000000004,0.05405405405405406,3.239864864864865,227,0.0,704,0.2727272727272727,Champions,0.9747582747155219,train
12934,Hibernating or Lost,United Kingdom,41.67,0.5,15.5,2,0.0,0,0.0,Hibernating or Lost,0.5157906567635884,train
12935,Champions,United Kingdom,2.600472440944882,0.531496062992126,12.60236220472441,113,0.1889763779527559,605,0.21052631578947367,Champions,0.984865917299532,train
12936,Champions,United Kingdom,2.033225806451613,0.4032258064516129,9.016129032258064,56,0.0,61,0.2,At Risk,0.6514994060484833,train
12937,Champions,United Kingdom,2.3602764976958523,0.2857142857142857,9.138248847926267,128,0.0,720,0.0,Champions,0.9764092050776733,train
12938,At Risk,United Kingdom,1.271111111111111,0.6666666666666666,15.555555555555555,9,0.0,0,0.0,Hibernating or Lost,0.6625839037072621,train
12939,Champions,United Kingdom,2.597558139534884,1.0,120.09302325581395,24,0.12790697674418605,632,0.0,Champions,0.5637379403477663,train
12940,Loyal Customers,United Kingdom,3.8207070707070705,0.09090909090909091,4.151515151515151,87,0.8080808080808081,33,0.5,Loyal Customers,0.7326006534102112,train
12941,At Risk,United Kingdom,1.6459259259259258,0.6296296296296297,14.11111111111111,27,0.0,0,0.0,At Risk,0.7850858886768727,train
12942,Loyal Customers,United Kingdom,4.372417582417582,0.04395604395604396,2.989010989010989,68,0.5604395604395604,234,0.0,Loyal Customers,0.9206943930211208,train
12943,At Risk,United Kingdom,5.11,0.4,8.88,22,0.2,47,0.5,At Risk,0.6303289977816952,train
12944,Loyal Customers,United Kingdom,3.1886666666666668,0.4666666666666667,9.633333333333333,29,0.0,319,0.0,Loyal Customers,0.8701937413527897,train
12945,Loyal Customers,United Kingdom,3.714313725490196,0.17647058823529413,8.745098039215685,47,0.5490196078431373,367,0.0,Loyal Customers,0.8828756443111901,train
12946,Hibernating or Lost,United Kingdom,3.3175,0.4,7.45,20,0.0,0,0.0,At Risk,0.8456920669792868,test
12947,Loyal Customers,United Kingdom,3.224122807017544,0.49122807017543857,11.833333333333334,83,0.0,229,0.45454545454545453,Loyal Customers,0.834887252573607,train
12948,Champions,United Kingdom,2.83984,0.336,10.432,89,0.2,721,0.1,Champions,0.7762581189020047,train
12949,Champions,United Kingdom,3.1006573426573425,0.5734265734265734,11.514685314685314,347,0.0,705,0.21428571428571427,Champions,0.981259281452183,train
12950,Loyal Customers,United Kingdom,1.3891304347826086,1.0,60.0,13,0.0,21,0.0,Hibernating or Lost,0.6625839037072621,train
12951,Champions,United Kingdom,2.860721649484536,0.3556701030927835,8.56701030927835,110,0.25257731958762886,689,0.25,Champions,0.9838941817548533,train
12952,Champions,United Kingdom,4.062658227848101,0.3291139240506329,8.265822784810126,64,0.22784810126582278,72,0.2,Loyal Customers,0.5559412798332453,train
12953,Loyal Customers,United Kingdom,5.07,0.3125,7.583333333333333,45,0.0,512,0.0,Champions,0.6298972710469025,train
12954,Hibernating or Lost,United Kingdom,3.115,0.5,8.3,10,0.0,0,0.0,At Risk,0.5888990040447544,train
12955,Champions,United Kingdom,1.6899444444444445,0.8722222222222222,20.355555555555554,81,0.0,266,0.21428571428571427,Loyal Customers,0.8704724511414116,train
12956,Loyal Customers,United Kingdom,2.981666666666667,0.30952380952380953,8.095238095238095,42,0.6666666666666666,417,0.0,Loyal Customers,0.9243243451415237,train
12957,Champions,United Kingdom,3.3558775510204084,0.42448979591836733,9.56326530612245,402,0.0,718,0.38095238095238093,Champions,0.9852790493222477,test
12958,At Risk,United Kingdom,4.455964912280702,0.03508771929824561,2.2982456140350878,45,0.0,182,0.0,At Risk,0.6745487483719981,train
12959,Hibernating or Lost,United Kingdom,3.8,0.25,13.625,8,0.0,0,0.5,At Risk,0.8325165703697535,train
12960,Loyal Customers,United Kingdom,2.0588571428571427,0.5285714285714286,19.7,49,0.0,247,0.0,Loyal Customers,0.8675653219986909,test
12961,At Risk,United Kingdom,1.62625,0.05,4.5,37,0.0,0,0.0,At Risk,0.622888518232414,train
12962,Loyal Customers,United Kingdom,2.985625,0.375,8.0625,15,0.0,106,0.0,At Risk,0.5888990040447544,test
12963,Champions,United Kingdom,3.2997368421052635,0.4473684210526316,9.521052631578947,129,0.0,510,0.14285714285714285,Champions,0.9777998272405093,train
12964,Hibernating or Lost,United Kingdom,3.621923076923077,0.038461538461538464,2.1538461538461537,26,0.0,0,0.0,At Risk,0.7386192680994106,test
12965,At Risk,United Kingdom,3.6638532110091746,0.01834862385321101,2.596330275229358,108,1.0,0,0.0,Loyal Customers,0.48891135866633423,train
12966,At Risk,United Kingdom,3.4230000000000005,0.4,7.5,10,0.0,0,0.0,At Risk,0.5888990040447544,train
12967,Loyal Customers,United Kingdom,5.2376249999999995,0.65,15.9,47,0.575,25,0.4,Loyal Customers,0.7071318300833715,train
12968,At Risk,United Kingdom,3.29,0.8,14.6,5,0.0,0,0.0,Hibernating or Lost,0.49531214555001774,test
12969,Hibernating or Lost,United Kingdom,4.59,0.2,11.0,5,0.0,0,0.0,At Risk,0.567010852999173,test
12970,Champions,United Kingdom,2.098981723237598,0.044386422976501305,2.647519582245431,280,0.0,728,0.0,Champions,0.9527062675286382,train
12971,Champions,United Kingdom,2.4615764705882355,0.7952941176470588,34.32235294117647,102,0.07058823529411765,720,0.03333333333333333,Champions,0.984917761558242,train
12972,Loyal Customers,United Kingdom,3.2216883116883115,0.4935064935064935,10.96103896103896,69,0.0,247,0.3333333333333333,Loyal Customers,0.834887252573607,train
12973,At Risk,United Kingdom,28.375,0.16666666666666666,5.166666666666667,6,0.0,0,0.0,Hibernating or Lost,0.643709969611338,test
12974,At Risk,United Kingdom,5.42375,0.0625,3.25,27,0.75,367,0.0,Loyal Customers,0.901813160106524,train
12975,Loyal Customers,United Kingdom,4.553214285714286,0.36607142857142855,8.133928571428571,92,0.20535714285714285,296,0.25,Loyal Customers,0.8909098317487241,train
12976,Champions,United Kingdom,1.541103896103896,0.6623376623376623,17.428571428571427,106,0.0,453,0.0,Champions,0.6510498014533858,train
12977,Loyal Customers,United Kingdom,5.777796610169491,0.01694915254237288,2.2203389830508473,54,0.0,355,0.0,Loyal Customers,0.8978707102564389,test
12978,Loyal Customers,United Kingdom,2.5976073619631905,0.2822085889570552,8.552147239263803,126,0.0,344,0.16666666666666666,Champions,0.6566684130847887,train
12979,At Risk,Other,2.350892857142857,0.30357142857142855,9.285714285714286,56,0.0,0,0.5,Loyal Customers,0.5222819542043703,test
12980,Champions,United Kingdom,15.092307692307694,0.9423076923076923,36.73076923076923,7,0.11538461538461539,579,0.19230769230769232,Champions,0.5645852273718696,train
12981,Loyal Customers,United Kingdom,1.6235,0.75,12.1,12,0.0,103,0.0,Hibernating or Lost,0.5750626267462317,train
12982,Champions,United Kingdom,2.8978089887640452,0.47752808988764045,9.713483146067416,139,0.0,363,0.5294117647058824,Champions,0.7696325898599794,train
12983,At Risk,United Kingdom,1.0796666666666668,0.6666666666666666,21.266666666666666,30,0.0,0,0.0,At Risk,0.7850858886768727,train
12984,At Risk,United Kingdom,3.85,0.0,6.5,4,0.0,0,0.0,Hibernating or Lost,0.6896963609762642,train
12985,Loyal Customers,United Kingdom,1.914342105263158,0.6710526315789473,20.17105263157895,73,0.0,27,0.3333333333333333,At Risk,0.5060970110873891,train
12986,Loyal Customers,United Kingdom,3.8796078431372547,0.47058823529411764,11.411764705882353,61,0.0,259,0.16666666666666666,Loyal Customers,0.8816832699760822,train
12987,Loyal Customers,United Kingdom,4.939090909090909,0.4090909090909091,8.863636363636363,61,0.0,615,0.16666666666666666,Champions,0.6612188227784562,test
12988,At Risk,United Kingdom,4.110217391304348,0.0,1.4782608695652173,75,1.0,0,0.0,Loyal Customers,0.4668812028183201,train
12989,Champions,United Kingdom,3.1225773195876285,0.7216494845360825,71.49484536082474,50,0.030927835051546393,726,0.15384615384615385,Champions,0.7869438186734504,train
12990,Loyal Customers,United Kingdom,1.9981481481481482,0.5555555555555556,17.77777777777778,9,0.0,588,0.0,Champions,0.5746345540046771,test
12991,Loyal Customers,United Kingdom,4.044444444444444,0.4,10.733333333333333,45,0.0,366,0.0,Loyal Customers,0.8816832699760822,train
12992,Hibernating or Lost,United Kingdom,4.55,0.0,3.5,6,0.0,0,0.0,Hibernating or Lost,0.8053437570891684,test
12993,Champions,United Kingdom,2.315921052631579,0.34210526315789475,9.881578947368421,57,0.0,636,0.2,Champions,0.7498837750936012,test
12994,Loyal Customers,United Kingdom,4.212459016393442,0.2786885245901639,7.524590163934426,52,0.0,264,0.4,Loyal Customers,0.892988418677923,train
12995,At Risk,United Kingdom,1.9566666666666668,1.0,36.0,3,0.0,0,0.5,At Risk,0.6450182397136387,train
12996,At Risk,United Kingdom,5.7318181818181815,0.2727272727272727,5.545454545454546,22,0.0,0,0.0,At Risk,0.8033995112237373,train
12997,Champions,United Kingdom,2.9570093457943925,0.5327102803738317,11.08411214953271,65,0.16822429906542055,590,0.5,Champions,0.8251335320447848,train
12998,At Risk,United Kingdom,1.5932758620689655,0.7413793103448276,19.379310344827587,58,0.0,160,0.25,At Risk,0.5060970110873891,train
12999,At Risk,United Kingdom,2.549285714285714,0.5,12.214285714285714,25,0.0,49,0.0,At Risk,0.8021283796886285,train
13000,Loyal Customers,United Kingdom,3.559516129032258,0.3064516129032258,8.838709677419354,57,0.0,618,0.2,Champions,0.7006175932698865,train
13001,Champions,United Kingdom,2.4755945419103313,0.3732943469785575,13.195906432748538,300,0.06627680311890838,731,0.10810810810810811,Champions,0.9825654733277243,train
13002,At Risk,United Kingdom,3.1421739130434783,0.43478260869565216,8.73913043478261,19,0.0,116,0.0,At Risk,0.8456920669792868,test
13003,At Risk,United Kingdom,2.25,0.5,17.166666666666668,4,0.0,109,0.0,Hibernating or Lost,0.5817565378872296,train
13004,Champions,United Kingdom,2.32479754601227,0.498159509202454,10.758282208588957,417,0.08588957055214724,713,0.21739130434782608,Champions,0.9825654733277243,train
13005,Loyal Customers,United Kingdom,4.449464285714286,0.30357142857142855,8.25,41,0.14285714285714285,283,0.3333333333333333,Loyal Customers,0.8742024095326586,train
13006,At Risk,United Kingdom,5.295,0.5,13.75,4,0.0,0,0.0,At Risk,0.5615387263657337,train
13007,Hibernating or Lost,United Kingdom,5.995454545454546,0.2727272727272727,5.363636363636363,11,1.0,0,0.0,Hibernating or Lost,0.5153736833219555,train
13008,At Risk,United Kingdom,2.3877142857142855,0.4,10.82857142857143,31,0.2857142857142857,399,0.5714285714285714,Loyal Customers,0.9176412909180303,test
13009,Hibernating or Lost,United Kingdom,1.95,1.0,30.0,4,0.0,0,0.0,Hibernating or Lost,0.6625839037072621,train
13010,At Risk,United Kingdom,1.7841666666666667,0.9166666666666666,26.916666666666668,10,0.0,274,0.0,Loyal Customers,0.5664796629088443,test
13011,At Risk,United Kingdom,4.216666666666667,0.0,4.333333333333333,3,0.0,0,0.0,Hibernating or Lost,0.8053437570891684,test
13012,Champions,United Kingdom,3.0695454545454544,0.6038961038961039,10.14935064935065,95,0.0,582,0.26666666666666666,Champions,0.788359486606767,test
13013,Champions,United Kingdom,3.062725631768953,0.5126353790613718,11.666064981949459,289,0.0,724,0.06451612903225806,Champions,0.981259281452183,train
13014,Champions,United Kingdom,4.157946428571429,0.375,8.834821428571429,140,0.5133928571428571,422,0.3888888888888889,Champions,0.6876203728700977,train
13015,Champions,United Kingdom,5.030888252148997,0.46131805157593125,10.12893982808023,260,0.04297994269340974,549,0.21428571428571427,Champions,0.9744760886192599,train
13016,Loyal Customers,United Kingdom,3.173191489361702,0.5531914893617021,11.212765957446809,39,0.0,49,0.0,At Risk,0.8368435692463948,test
13017,At Risk,United Kingdom,4.25,1.0,48.0,1,0.0,0,0.0,Hibernating or Lost,0.6005744235979578,train
13018,Champions,United Kingdom,2.716550580431177,0.5306799336650083,11.187396351575456,401,0.14759535655058043,632,0.05405405405405406,Champions,0.9825654733277243,train
13019,Loyal Customers,United Kingdom,4.217090909090909,0.2909090909090909,7.218181818181818,46,0.36363636363636365,353,0.25,Loyal Customers,0.8909098317487241,train
13020,At Risk,United Kingdom,3.4451282051282055,0.20512820512820512,7.128205128205129,38,0.0,97,0.6,At Risk,0.817850804346037,train
13021,Champions,United Kingdom,3.7288715953307396,0.3657587548638132,9.906614785992218,166,0.25680933852140075,730,0.2916666666666667,Champions,0.9853929844134175,train
13022,Hibernating or Lost,Belgium,5.0600000000000005,0.4,7.0,5,0.0,0,0.0,Hibernating or Lost,0.5644263283890782,train
13023,Loyal Customers,United Kingdom,5.196447368421053,0.2894736842105263,7.697368421052632,69,0.0,464,0.0,Loyal Customers,0.8946968414577486,train
13024,At Risk,United Kingdom,5.2458064516129035,0.22580645161290322,5.838709677419355,26,0.0,111,0.3333333333333333,At Risk,0.8657381856703236,test
13025,Hibernating or Lost,United Kingdom,2.1415384615384614,0.7692307692307693,18.53846153846154,13,0.0,0,0.0,Hibernating or Lost,0.6625839037072621,train
13026,Champions,United Kingdom,1.1028048780487805,0.8292682926829268,30.073170731707318,52,0.47560975609756095,725,0.3076923076923077,Champions,0.7850900537360093,train
13027,Champions,United Kingdom,0.4027906976744186,1.0,500.93023255813955,7,0.05813953488372093,574,0.17391304347826086,Champions,0.5440678580703685,train
13028,Loyal Customers,United Kingdom,1.014,0.6666666666666666,17.733333333333334,40,0.0,22,0.3333333333333333,At Risk,0.833833798195812,train
13029,Loyal Customers,United Kingdom,8.01941176470588,0.4117647058823529,11.411764705882353,13,0.5882352941176471,492,0.0,Loyal Customers,0.8229481706968368,test
13030,Loyal Customers,United Kingdom,3.160566037735849,0.11949685534591195,3.761006289308176,76,0.0,356,0.0,Loyal Customers,0.8942440043812727,train
13031,Loyal Customers,United Kingdom,2.4575862068965515,0.16551724137931034,5.514942528735633,275,0.0,147,0.0,Loyal Customers,0.4072330283988113,train
13032,Champions,United Kingdom,3.4614622641509434,0.14150943396226415,6.0424528301886795,147,0.330188679245283,408,0.18181818181818182,Champions,0.6732576304977271,train
13033,At Risk,United Kingdom,2.5461538461538464,0.0,7.538461538461538,12,0.0,72,0.0,Hibernating or Lost,0.7025009347304892,test
13034,Loyal Customers,United Kingdom,2.514181818181818,0.4909090909090909,9.49090909090909,42,0.8727272727272727,346,0.0,Loyal Customers,0.9247056647406705,test
13035,Loyal Customers,United Kingdom,1.9888095238095238,0.7619047619047619,22.047619047619047,27,0.0,357,0.25,Loyal Customers,0.872381791674813,train
13036,Hibernating or Lost,United Kingdom,9.658333333333333,0.16666666666666666,6.333333333333333,6,1.0,0,0.0,At Risk,0.596955181781055,test
13037,Champions,United Kingdom,3.530258620689655,0.3620689655172414,9.181034482758621,181,0.06465517241379311,597,0.25,Champions,0.9800666513585105,train
13038,Loyal Customers,United Kingdom,2.7582142857142857,0.7142857142857143,12.857142857142858,24,0.0,210,0.0,At Risk,0.8035679349329616,train
13039,Loyal Customers,United Kingdom,5.494363636363636,0.07272727272727272,5.2727272727272725,37,0.0,138,0.0,At Risk,0.6790364749681377,test
13040,Loyal Customers,United Kingdom,2.8039534883720934,0.3488372093023256,8.255813953488373,38,0.4883720930232558,24,0.0,At Risk,0.6779982120978826,test
13041,At Risk,United Kingdom,3.824857142857143,0.37142857142857144,9.571428571428571,23,0.0,139,0.0,At Risk,0.8368435692463948,test
13042,At Risk,United Kingdom,3.1767839195979897,0.08542713567839195,4.1708542713567835,164,0.0,133,0.25,Loyal Customers,0.4370508306359488,train
13043,At Risk,United Kingdom,5.680000000000001,0.46153846153846156,19.53846153846154,13,0.0,0,0.5,At Risk,0.7514915543987638,train
13044,Champions,United Kingdom,3.2864439140811457,0.15274463007159905,6.093078758949881,356,0.49403341288782815,409,0.15384615384615385,Champions,0.6732576304977271,test
13045,At Risk,United Kingdom,2.9466666666666663,0.3333333333333333,9.0,41,0.0,387,0.0,Loyal Customers,0.8553785901726202,train
13046,Loyal Customers,United Kingdom,4.99,0.35714285714285715,9.017857142857142,50,0.0,425,0.0,Loyal Customers,0.8946968414577486,train
13047,Champions,United Kingdom,4.6805569620253165,0.2810126582278481,8.681012658227848,190,0.13670886075949368,692,0.42857142857142855,Champions,0.9728698621407936,train
13048,Champions,United Kingdom,1.91,0.208955223880597,10.093283582089553,125,0.14925373134328357,667,0.3076923076923077,Champions,0.975022173065733,train
13049,Loyal Customers,United Kingdom,3.1811538461538458,0.6923076923076923,23.846153846153847,19,0.0,336,0.2,Loyal Customers,0.8385187298486457,train
13050,Champions,United Kingdom,3.031110009910803,0.27750247770069375,7.141724479682854,513,0.35777998017839446,709,0.38596491228070173,Champions,0.9826879894781075,train
13051,At Risk,United Kingdom,5.3625,0.25,18.0,4,0.0,40,0.0,Hibernating or Lost,0.5124673228441428,train
13052,Loyal Customers,United Kingdom,3.617075098814229,0.1541501976284585,5.747035573122529,161,0.0,442,0.0,Champions,0.6397103353526308,train
13053,Hibernating or Lost,United Kingdom,3.1029411764705883,0.058823529411764705,2.764705882352941,17,1.0,0,0.0,Hibernating or Lost,0.6122524422587111,train
13055,Champions,United Kingdom,2.2699350649350647,0.5584415584415584,11.824675324675324,145,0.0,351,0.3333333333333333,Champions,0.6743706472594453,train
13056,Hibernating or Lost,United Kingdom,4.775789473684211,0.3157894736842105,8.31578947368421,18,1.0,0,0.0,At Risk,0.596955181781055,train
13057,At Risk,United Kingdom,1.9778048780487805,0.2926829268292683,11.365853658536585,34,0.04878048780487805,101,0.25,At Risk,0.8380687881594736,train
13058,Loyal Customers,United Kingdom,5.825,0.125,6.5,5,0.0,127,0.0,Hibernating or Lost,0.6896963609762642,train
13059,Loyal Customers,United Kingdom,4.389207920792079,0.07425742574257425,4.2772277227722775,155,0.19306930693069307,368,0.16666666666666666,Champions,0.5409613870919555,train
13060,At Risk,United Kingdom,3.982666666666667,0.4666666666666667,8.2,15,0.0,0,0.0,Hibernating or Lost,0.4959737363081736,train
13061,At Risk,United Kingdom,3.403,0.5,10.7,10,0.0,0,0.0,At Risk,0.6489482792953484,train
13062,At Risk,United Kingdom,6.819090909090908,0.36363636363636365,31.181818181818183,11,0.0,0,0.0,Hibernating or Lost,0.5124673228441428,train
13063,Hibernating or Lost,United Kingdom,2.2916666666666665,0.5,9.666666666666666,12,0.0,0,0.0,At Risk,0.5378948354889166,train
13064,Champions,United Kingdom,4.881489361702128,0.1276595744680851,7.127659574468085,58,0.6063829787234043,579,0.0,Champions,0.6315388838569326,train
13065,Loyal Customers,United Kingdom,4.438552631578947,0.23684210526315788,5.9868421052631575,49,0.0,174,0.16666666666666666,At Risk,0.6984043884516892,train
13066,Loyal Customers,United Kingdom,3.1733333333333333,0.22916666666666666,6.708333333333333,48,0.0,7,0.3333333333333333,Loyal Customers,0.5301412855813792,train
13067,Loyal Customers,United Kingdom,4.56875,0.125,4.09375,24,0.84375,363,0.0,Loyal Customers,0.901813160106524,train
13068,Loyal Customers,United Kingdom,1.72,1.0,100.0,1,0.0,309,0.0,Loyal Customers,0.5664796629088443,train
13069,Champions,United Kingdom,1.8679121863799284,0.16129032258064516,13.802867383512545,573,0.3010752688172043,542,0.09523809523809523,Champions,0.9724316687439937,train
13070,Loyal Customers,United Kingdom,2.046060606060606,0.12121212121212122,11.272727272727273,12,0.0,539,0.2,Loyal Customers,0.4747522203682521,train
13071,Hibernating or Lost,United Kingdom,4.105833333333334,0.0,2.5,12,0.0,0,0.0,Hibernating or Lost,0.8053437570891684,train
13072,At Risk,United Kingdom,3.3500000000000005,0.42857142857142855,9.857142857142858,7,0.0,0,0.0,At Risk,0.6489482792953484,test
13073,At Risk,United Kingdom,3.5548148148148146,0.37037037037037035,9.666666666666666,25,0.2222222222222222,26,0.0,At Risk,0.6382670476633457,train
13074,Loyal Customers,United Kingdom,3.955862068965517,0.3103448275862069,28.482758620689655,26,0.0,212,0.2,Loyal Customers,0.8076040671406901,test
13075,At Risk,United Kingdom,2.0395454545454546,0.9545454545454546,22.045454545454547,22,0.0,0,0.0,At Risk,0.7850858886768727,train
13076,Hibernating or Lost,United Kingdom,3.9833333333333334,0.1111111111111111,4.888888888888889,9,0.0,0,0.0,Hibernating or Lost,0.8053437570891684,train
13077,Champions,United Kingdom,2.0181844380403455,0.207492795389049,8.02593659942363,208,0.0,727,0.21428571428571427,Champions,0.9624997762593833,train
13078,Champions,United Kingdom,3.89079900124844,0.42946317103620474,15.209737827715356,153,0.10861423220973783,735,0.4,Champions,0.9841324024996603,train
13079,Loyal Customers,United Kingdom,3.099411764705882,0.4117647058823529,9.294117647058824,11,0.11764705882352941,413,0.0,Loyal Customers,0.6691515269798894,train
13080,At Risk,United Kingdom,2.698421052631579,0.3684210526315789,10.157894736842104,17,0.0,430,0.2,Loyal Customers,0.7202093779750905,test
13081,Champions,United Kingdom,2.150055225148683,0.6869158878504673,17.596856414613423,738,0.008496176720475786,719,0.36363636363636365,Champions,0.9810640772469079,test
13082,Champions,United Kingdom,2.5858914728682167,0.6434108527131783,65.62790697674419,99,0.007751937984496124,591,0.16,Champions,0.7990968564501582,train
13083,Loyal Customers,United Kingdom,2.902727272727273,0.6818181818181818,13.954545454545455,19,0.8181818181818182,421,0.0,Loyal Customers,0.9205363440438112,train
13084,Hibernating or Lost,United Kingdom,0.85,1.0,72.0,2,0.0,0,0.5,At Risk,0.6450182397136387,test
13085,Champions,United Kingdom,3.5610714285714287,0.5238095238095238,11.238095238095237,50,0.0,581,0.2,Champions,0.7613813838957879,train
13086,At Risk,United Kingdom,3.93468085106383,0.1276595744680851,3.297872340425532,47,0.0,0,0.0,At Risk,0.6745487483719981,train
13087,Hibernating or Lost,United Kingdom,5.718,0.2,5.733333333333333,15,1.0,0,0.0,At Risk,0.596955181781055,test
13088,Hibernating or Lost,United Kingdom,4.156000000000001,0.05,3.8,19,0.0,0,0.0,At Risk,0.6790364749681377,train
13089,Champions,United Kingdom,2.6995211183819157,0.6838191552647234,17.914634146341463,857,0.05800118976799524,734,0.17813765182186234,Champions,0.984917761558242,train
13090,Champions,United Kingdom,4.583639575971731,0.48056537102473496,12.173144876325088,163,0.038869257950530034,485,0.2,Champions,0.6379832117589825,train
13091,Loyal Customers,United Kingdom,28.19977777777778,0.9111111111111111,29.755555555555556,41,0.0,701,0.5,Champions,0.5292257041848154,train
13092,Champions,United Kingdom,5.242857142857143,0.09523809523809523,6.3238095238095235,52,0.02857142857142857,597,0.2,Champions,0.5956313099681407,train
13093,Champions,United Kingdom,2.8733809523809524,0.7476190476190476,24.97809523809524,199,0.1361904761904762,460,0.375,Champions,0.7946485460204435,test
13094,Champions,United Kingdom,1.36,1.0,65.25,5,0.09375,367,0.23529411764705882,Loyal Customers,0.7073908822930929,train
13095,At Risk,United Kingdom,0.6933333333333334,1.0,24.0,6,0.0,0,0.0,Hibernating or Lost,0.6625839037072621,train
13096,At Risk,United Kingdom,69.95,0.0,6.0,1,0.0,0,0.0,Hibernating or Lost,0.6896963609762642,train
13097,Champions,United Kingdom,4.262969518190757,0.16125860373647985,5.305801376597837,390,0.119960668633235,705,0.3,Champions,0.9701224033139723,train
13098,Champions,United Kingdom,2.7601223776223778,0.7534965034965035,27.916083916083917,156,0.012237762237762238,316,0.3170731707317073,Champions,0.7946485460204435,train
13099,At Risk,United Kingdom,0.72,1.0,288.0,1,0.0,0,0.0,Hibernating or Lost,0.6625839037072621,train
13101,Loyal Customers,United Kingdom,2.576078431372549,0.21568627450980393,9.372549019607844,48,0.0,446,0.0,Loyal Customers,0.8780938454915321,train
13102,Champions,United Kingdom,3.0213211382113823,0.6422764227642277,13.365853658536585,212,0.10365853658536585,580,0.11904761904761904,Champions,0.9794911991009676,train
13103,Loyal Customers,United Kingdom,2.3048484848484847,0.6666666666666666,12.909090909090908,27,0.0,537,0.0,Champions,0.5046854496639299,train
13104,Champions,United Kingdom,2.179333333333333,0.9666666666666667,27.8,15,0.0,649,0.0,Champions,0.5440678580703685,train
13105,Hibernating or Lost,United Kingdom,0.72,1.0,100.0,1,0.0,0,0.0,Hibernating or Lost,0.6625839037072621,train
13106,At Risk,United Kingdom,13.29125,0.125,14.4375,15,0.0,280,0.3333333333333333,Loyal Customers,0.6763549746158062,train
13107,Champions,United Kingdom,1.8846629213483148,0.8314606741573034,24.247191011235955,142,0.0,629,0.4,Champions,0.9810640772469079,train
13108,Loyal Customers,United Kingdom,1.4906666666666666,0.9111111111111111,23.177777777777777,27,0.0,62,0.0,At Risk,0.7850858886768727,train
13109,Loyal Customers,United Kingdom,2.814857142857143,0.38571428571428573,10.814285714285715,57,0.32857142857142857,491,0.5714285714285714,Loyal Customers,0.8078439907422824,train
13110,Champions,United Kingdom,4.812976190476191,0.06349206349206349,3.0277777777777777,167,0.12698412698412698,707,0.14285714285714285,Champions,0.9565138246732336,train
13111,Hibernating or Lost,United Kingdom,1.9716666666666667,0.4166666666666667,15.0,12,0.0,0,0.0,Hibernating or Lost,0.5817565378872296,train
13112,Hibernating or Lost,United Kingdom,1.475,0.0,5.5,2,0.0,0,0.6666666666666666,Hibernating or Lost,0.573389981899959,train
13113,Champions,United Kingdom,3.70484693877551,0.32908163265306123,11.59438775510204,166,0.34183673469387754,620,0.38333333333333336,Champions,0.9853929844134175,test
13114,Hibernating or Lost,United Kingdom,5.59625,0.0625,4.625,16,0.0,0,0.0,Hibernating or Lost,0.8053437570891684,train
13115,Champions,United Kingdom,2.525955414012739,0.5254777070063694,12.528662420382165,178,0.0,587,0.5652173913043478,Champions,0.9863078406293203,train
13116,At Risk,United Kingdom,4.5216666666666665,0.4,9.7,30,1.0,0,0.5,At Risk,0.578366111471597,test
13117,Champions,United Kingdom,2.6345744680851064,0.5638297872340425,10.99468085106383,122,0.026595744680851064,601,0.05263157894736842,Champions,0.9825654733277243,train
13118,Champions,United Kingdom,4.321891891891892,0.18243243243243243,5.635135135135135,111,0.6554054054054054,419,0.25,Champions,0.6350489379958629,train
13119,Hibernating or Lost,United Kingdom,1.5136363636363634,0.45454545454545453,10.0,11,0.0,0,0.0,At Risk,0.4967706698319442,train
13120,At Risk,United Kingdom,2.55,1.0,12.0,1,0.0,0,0.0,Hibernating or Lost,0.5226520580879255,train
13121,At Risk,United Kingdom,1.6887999999999999,0.16,5.04,50,0.0,0,0.5,At Risk,0.5478677385830266,train
13122,Loyal Customers,United Kingdom,2.6365454545454545,0.5636363636363636,10.636363636363637,54,0.0,146,0.0,At Risk,0.47609359423201725,train
13123,At Risk,United Kingdom,3.2148888888888885,0.2,5.955555555555556,36,0.0,56,0.0,At Risk,0.8596366604048866,train
13124,Champions,United Kingdom,3.1893959731543626,0.2785234899328859,9.338926174496644,216,0.28523489932885904,295,0.0,Champions,0.6732576304977271,train
13125,Hibernating or Lost,United Kingdom,4.808571428571429,0.0,2.5714285714285716,20,1.0,0,0.0,At Risk,0.699121992610056,train
13126,Champions,United Kingdom,2.2787250996015938,0.5856573705179283,13.581673306772908,183,0.0,642,0.3157894736842105,Champions,0.9760680536504416,train
13127,At Risk,United Kingdom,2.8853333333333335,0.4,8.466666666666667,15,0.0,0,0.0,Hibernating or Lost,0.5096815370698696,test
13128,Hibernating or Lost,United Kingdom,8.5,1.0,31.0,1,0.0,0,0.0,Hibernating or Lost,0.6005744235979578,test
13129,At Risk,United Kingdom,1.86,0.6363636363636364,26.90909090909091,10,0.0,77,0.0,Hibernating or Lost,0.6625839037072621,test
13130,At Risk,United Kingdom,2.25,1.0,16.0,2,0.0,0,0.0,Hibernating or Lost,0.6625839037072621,train
13131,Champions,United Kingdom,3.152214765100671,0.37583892617449666,10.221476510067115,107,0.31543624161073824,645,0.125,Champions,0.9837310883313256,train
13132,At Risk,United Kingdom,4.933333333333334,0.3333333333333333,6.666666666666667,3,0.0,0,0.0,At Risk,0.4984835712030462,train
13133,At Risk,United Kingdom,5.229166666666667,0.08333333333333333,4.583333333333333,12,0.0,185,0.0,Hibernating or Lost,0.8053437570891684,train
13134,Champions,United Kingdom,3.316859504132231,0.4049586776859504,11.272727272727273,110,0.0,330,0.3333333333333333,Champions,0.7563025540221495,train
13135,Loyal Customers,United Kingdom,4.1066666666666665,0.3888888888888889,245.72222222222223,18,0.0,294,0.0,Loyal Customers,0.6071756126030042,train
13136,Champions,United Kingdom,2.9028888888888886,0.346031746031746,9.86984126984127,204,0.23492063492063492,674,0.4583333333333333,Champions,0.9864132338251657,train
13137,Champions,United Kingdom,2.226113809854268,0.02359472588480222,2.9798750867453156,628,0.5447605829285218,491,0.058823529411764705,Champions,0.5190670437087724,train
13138,Champions,United Kingdom,3.053232323232323,0.3333333333333333,7.252525252525253,41,0.0,374,0.125,Loyal Customers,0.8446380762770813,train
13139,Champions,United Kingdom,3.1616603773584906,0.5962264150943396,17.411320754716982,214,0.10943396226415095,421,0.1111111111111111,Champions,0.7370417010839084,test
13140,Loyal Customers,United Kingdom,3.2680327868852457,0.13934426229508196,5.311475409836065,89,0.0,382,0.0,Loyal Customers,0.8892545966974172,train
13141,Champions,United Kingdom,2.251152941176471,0.5505882352941176,12.16235294117647,285,0.0,645,0.19047619047619047,Champions,0.9721936167501243,train
13142,At Risk,United Kingdom,2.9969565217391305,0.21739130434782608,11.217391304347826,23,1.0,0,0.0,At Risk,0.6749041338921378,train
13143,At Risk,United Kingdom,2.7282608695652173,0.4782608695652174,8.608695652173912,23,0.0,0,0.5,At Risk,0.7656913129644451,train
13144,At Risk,United Kingdom,4.6499999999999995,0.0,4.833333333333333,6,0.0,98,0.0,Hibernating or Lost,0.8053437570891684,train
13145,Loyal Customers,United Kingdom,61.801,0.8,26.6,5,0.1,560,0.125,Champions,0.5645852273718696,train
13146,At Risk,United Kingdom,2.027058823529412,0.4117647058823529,9.058823529411764,16,1.0,0,0.0,At Risk,0.5288763440678343,train
13147,Loyal Customers,United Kingdom,4.95,1.0,36.0,1,0.0,89,0.0,Hibernating or Lost,0.6005744235979578,train
13148,Champions,United Kingdom,3.4932408575031526,0.1853720050441362,5.764186633039092,451,0.39344262295081966,702,0.2777777777777778,Champions,0.9826879894781075,train
13149,Champions,United Kingdom,2.881860465116279,0.5930232558139535,14.883720930232558,76,0.0,274,0.0,Loyal Customers,0.8298543882955799,train
13150,At Risk,United Kingdom,6.93375,0.25,21.375,7,0.0,146,0.25,At Risk,0.7591887072453682,train
13151,Loyal Customers,United Kingdom,5.163238636363636,0.13068181818181818,4.7272727272727275,131,0.0,332,0.4,Champions,0.5652734931650972,train
13152,Loyal Customers,United Kingdom,4.020370370370371,0.26666666666666666,7.237037037037037,114,0.3037037037037037,277,0.2222222222222222,Champions,0.6577401772566296,train
13153,Loyal Customers,United Kingdom,1.278,0.8666666666666667,27.866666666666667,15,1.0,0,0.0,Hibernating or Lost,0.5338464198620827,test
13154,At Risk,United Kingdom,3.2461290322580645,0.4731182795698925,10.494623655913978,78,0.0,336,0.4,Loyal Customers,0.834887252573607,train
13155,Loyal Customers,United Kingdom,2.7965853658536584,0.21951219512195122,5.5426829268292686,79,0.036585365853658534,458,0.0,Loyal Customers,0.8857137431909105,train
13156,At Risk,United Kingdom,3.3207692307692307,0.2980769230769231,8.788461538461538,94,0.0,290,0.0,Loyal Customers,0.8823249656131642,train
13157,Champions,United Kingdom,1.854621513944223,0.6653386454183267,18.97211155378486,173,0.23107569721115537,592,0.1,Champions,0.9790882124946177,train
13158,Loyal Customers,United Kingdom,2.0283,0.33,9.92,70,0.0,293,0.0,Loyal Customers,0.8959941324835589,train
13159,Champions,United Kingdom,2.7321487603305785,0.38016528925619836,8.75206611570248,114,0.0,106,0.2,Champions,0.4378703215438725,train
13160,At Risk,United Kingdom,3.025,0.75,14.0,4,0.0,0,0.0,At Risk,0.577171417163366,test
13161,At Risk,United Kingdom,5.589411764705882,0.0,3.1176470588235294,30,0.23529411764705882,187,0.0,At Risk,0.699121992610056,train
13162,Champions,United Kingdom,2.2844957983193277,0.7983193277310925,24.180672268907564,186,0.23109243697478993,613,0.15789473684210525,Champions,0.9790882124946177,train
13163,Hibernating or Lost,United Kingdom,5.35,0.0,1.5,2,0.0,0,0.5,Hibernating or Lost,0.5072537080810667,test
13164,At Risk,United Kingdom,5.17,0.3,12.0,7,0.0,98,0.3333333333333333,At Risk,0.8092815351331907,train
13165,Loyal Customers,United Kingdom,0.8295918367346938,0.9591836734693877,35.42857142857143,47,0.0,366,0.0,Loyal Customers,0.8704724511414116,train
13166,At Risk,United Kingdom,2.5718840579710145,0.15942028985507245,7.63768115942029,55,0.0,131,0.3333333333333333,Loyal Customers,0.5562535484530412,train
13167,Champions,United Kingdom,2.90679012345679,0.3333333333333333,12.432098765432098,64,0.19753086419753085,371,0.0,Loyal Customers,0.8576843739716471,train
13168,Loyal Customers,United Kingdom,3.2630000000000003,0.13333333333333333,5.066666666666666,127,0.1388888888888889,505,0.16666666666666666,Champions,0.9679373006859754,train
13169,Loyal Customers,United Kingdom,4.334444444444444,0.5555555555555556,16.444444444444443,16,0.0,498,0.0,Loyal Customers,0.6071756126030042,train
13170,At Risk,United Kingdom,1.54625,0.15625,4.59375,29,1.0,0,0.0,At Risk,0.7296482687061626,train
13171,Loyal Customers,United Kingdom,4.0445652173913045,0.15217391304347827,4.978260869565218,37,0.5,277,0.4,Loyal Customers,0.937186817716696,train
13172,Hibernating or Lost,United Kingdom,1.45,1.0,48.0,1,0.0,0,0.0,Hibernating or Lost,0.6625839037072621,train
13173,Champions,United Kingdom,3.00036,0.184,6.48,160,0.0,725,0.15384615384615385,Champions,0.9746517878282736,train
13174,Champions,United Kingdom,3.32113074204947,0.08657243816254417,4.011484098939929,602,0.29858657243816256,718,0.0,Champions,0.9721425832198033,test
13175,At Risk,United Kingdom,4.040217391304347,0.41304347826086957,9.195652173913043,40,0.0,153,0.5,At Risk,0.8477102616006096,test
13176,At Risk,United Kingdom,2.7775,0.1527777777777778,6.291666666666667,66,0.0,0,0.0,At Risk,0.5703677493858214,train
13177,Loyal Customers,United Kingdom,3.305,0.13333333333333333,6.0,23,0.0,365,0.0,Loyal Customers,0.8205628175572782,train
13178,Champions,United Kingdom,1.9572489082969433,0.4177583697234352,12.777292576419214,194,0.11353711790393013,697,0.16,Champions,0.9721936167501243,train
13179,At Risk,United Kingdom,2.083529411764706,0.6176470588235294,10.823529411764707,34,0.0,0,0.0,At Risk,0.8233358072462033,train
13180,Hibernating or Lost,United Kingdom,3.7625,0.5,10.5,4,1.0,0,0.0,At Risk,0.6816655448243694,train
13181,At Risk,United Kingdom,2.7931578947368423,0.3157894736842105,9.0,19,0.0,0,0.0,At Risk,0.8208232558852596,train
13182,At Risk,United Kingdom,0.6854545454545454,1.0,18.272727272727273,11,0.0,0,0.0,Hibernating or Lost,0.6625839037072621,train
13183,Champions,United Kingdom,1.8804487179487182,0.7243589743589743,25.814102564102566,64,0.2564102564102564,627,0.16666666666666666,Champions,0.7406977785194158,train
13184,Champions,United Kingdom,1.8393922651933703,0.23756906077348067,9.348066298342541,138,0.0,275,0.16666666666666666,Champions,0.5415952624422619,train
13185,At Risk,United Kingdom,5.95,1.0,12.0,1,0.0,0,0.0,Hibernating or Lost,0.508902716968125,train
13186,Loyal Customers,United Kingdom,3.2486075949367086,0.4430379746835443,10.379746835443038,69,0.0,89,0.4,Loyal Customers,0.6074326597460005,train
13187,Loyal Customers,United Kingdom,2.47546875,0.203125,5.859375,51,0.0,287,0.2,Loyal Customers,0.8780938454915321,test
13188,At Risk,United Kingdom,9.575,0.5,12.5,2,0.0,0,0.0,At Risk,0.5615387263657337,test
13189,Loyal Customers,United Kingdom,0.39172413793103444,1.0,29.03448275862069,29,0.0,96,0.0,At Risk,0.7850858886768727,train
13190,At Risk,United Kingdom,4.138823529411765,0.47058823529411764,18.11764705882353,16,0.7647058823529411,188,0.25,At Risk,0.7278087585237455,test
13191,Hibernating or Lost,United Kingdom,1.8784745762711863,0.01694915254237288,1.9491525423728813,58,0.0,0,0.0,At Risk,0.6439543522648258,train
13192,Champions,United Kingdom,2.957222222222222,0.4506172839506173,10.055555555555555,135,0.0,591,0.25,Champions,0.9852790493222477,train
13193,At Risk,United Kingdom,2.870344827586207,0.034482758620689655,1.7241379310344827,22,1.0,0,0.0,At Risk,0.6311892606008653,train
13194,At Risk,United Kingdom,2.553,0.8,32.6,10,0.0,285,0.0,Loyal Customers,0.6625890821436974,train
13195,Hibernating or Lost,United Kingdom,2.2490384615384618,0.0,1.5961538461538463,43,0.0,0,0.0,At Risk,0.622888518232414,test
13196,Champions,United Kingdom,2.8003191489361705,0.5478723404255319,10.670212765957446,141,0.0,606,0.125,Champions,0.9825654733277243,train
13197,At Risk,United Kingdom,4.588947368421053,0.47368421052631576,10.736842105263158,19,0.0,0,0.0,At Risk,0.8564446663241873,train
13198,Champions,United Kingdom,2.7213694267515924,0.445859872611465,10.98407643312102,265,0.0,424,0.3333333333333333,Champions,0.7696325898599794,train
13199,Champions,United Kingdom,2.4529468599033817,0.9323671497584541,58.06280193236715,61,0.014492753623188406,731,0.028985507246376812,Champions,0.7990968564501582,train
13200,Loyal Customers,United Kingdom,3.3756521739130436,0.4782608695652174,11.217391304347826,42,0.043478260869565216,107,0.0,At Risk,0.8368435692463948,train
13201,Loyal Customers,United Kingdom,2.236704545454545,0.5,11.806818181818182,65,0.29545454545454547,140,0.0,Loyal Customers,0.6457198096240846,train
13202,Loyal Customers,United Kingdom,4.971014492753623,0.36231884057971014,8.289855072463768,55,0.13043478260869565,336,0.125,Loyal Customers,0.8946968414577486,test
13203,Champions,United Kingdom,1.9105917159763313,0.7455621301775148,14.278106508875739,158,0.14201183431952663,712,0.09090909090909091,Champions,0.9759037735330374,train
13204,At Risk,United Kingdom,4.161052631578947,0.40350877192982454,7.508771929824562,57,0.0,0,0.0,At Risk,0.664130641289642,train
13205,At Risk,United Kingdom,10.95,1.0,256.0,1,0.0,0,0.0,Hibernating or Lost,0.6005744235979578,train
13206,Loyal Customers,United Kingdom,1.971411359724613,0.41308089500860584,12.314974182444063,393,0.025817555938037865,332,0.13333333333333333,Champions,0.6174757746577748,train
13207,Loyal Customers,United Kingdom,3.6984615384615385,0.8461538461538461,13.692307692307692,10,0.0,596,0.0,Champions,0.598502915901704,train
13208,Champions,United Kingdom,2.5388582677165354,0.1062992125984252,5.2952755905511815,198,0.0,677,0.1,Champions,0.9701483488954694,train
13209,Champions,United Kingdom,2.4136612021857924,0.5409836065573771,15.795081967213115,284,0.08743169398907104,653,0.1875,Champions,0.9862242843067787,test
13210,At Risk,United Kingdom,1.5118181818181817,0.6363636363636364,14.363636363636363,22,0.0,0,0.0,At Risk,0.7850858886768727,train
13211,Champions,United Kingdom,1.5455825242718446,0.1796116504854369,9.174757281553399,98,0.5048543689320388,722,0.16666666666666666,Champions,0.6441738528788917,train
13212,Loyal Customers,United Kingdom,3.745211267605634,0.02112676056338028,2.183098591549296,128,1.0,41,0.25,Champions,0.48947791385990536,train
13213,Champions,United Kingdom,2.627549019607843,0.5833333333333334,14.519607843137255,181,0.16666666666666666,511,0.21428571428571427,Champions,0.9869159201401321,train
13214,Loyal Customers,United Kingdom,1.9063755458515284,0.5720524017467249,12.951965065502183,207,0.034934497816593885,228,0.0,Champions,0.6174757746577748,test
13215,Hibernating or Lost,United Kingdom,0.85,1.0,96.0,1,0.0,0,0.0,Hibernating or Lost,0.6625839037072621,train
13216,At Risk,United Kingdom,1.448,0.8,59.4,5,0.0,0,0.0,Hibernating or Lost,0.6625839037072621,train
13217,Loyal Customers,United Kingdom,2.0100000000000002,1.0,102.4,3,0.4,533,0.3333333333333333,Champions,0.66871456385134,train
13218,At Risk,United Kingdom,0.9299999999999999,1.0,17.6,5,0.0,0,0.0,Hibernating or Lost,0.6625839037072621,train
13219,Hibernating or Lost,United Kingdom,6.930000000000001,0.0,1.0,11,0.0,0,0.0,Hibernating or Lost,0.8053437570891684,train
13220,Loyal Customers,United Kingdom,4.2390566037735855,0.2830188679245283,7.471698113207547,46,0.018867924528301886,497,0.0,Loyal Customers,0.8946968414577486,train
13221,At Risk,United Kingdom,5.01439393939394,0.12121212121212122,3.696969696969697,62,0.0,119,0.0,At Risk,0.6745487483719981,test
13222,Hibernating or Lost,United Kingdom,2.95,1.0,30.0,1,0.0,0,0.0,Hibernating or Lost,0.6138854892987397,train
13223,Loyal Customers,United Kingdom,1.656923076923077,0.9230769230769231,43.69230769230769,8,0.3076923076923077,464,0.0,Loyal Customers,0.7909641171120253,train
13224,Loyal Customers,United Kingdom,2.3142592592592592,0.3333333333333333,14.055555555555555,101,0.0,91,0.3333333333333333,Loyal Customers,0.5781026122704259,test
13225,Champions,United Kingdom,2.73232,1.0,59.208,60,0.152,719,0.058823529411764705,Champions,0.7990968564501582,train
13226,At Risk,United Kingdom,2.6389285714285715,0.25,6.392857142857143,28,0.0,120,0.0,At Risk,0.8208232558852596,train
13227,At Risk,United Kingdom,2.5999999999999996,0.2222222222222222,11.0,9,1.0,0,0.0,At Risk,0.608402725357956,train
13228,At Risk,United Kingdom,1.79,1.0,100.0,2,0.0,0,0.0,Hibernating or Lost,0.6625839037072621,train
13229,At Risk,United Kingdom,4.0600000000000005,0.2,6.3,10,0.0,0,0.0,At Risk,0.4984835712030462,train
13230,Champions,United Kingdom,2.509088872292756,0.039581777445855115,2.714712471994025,653,0.4279312920089619,626,0.03225806451612903,Champions,0.9740655364669074,train
13232,Champions,United Kingdom,3.2770531400966183,0.05314009661835749,3.758454106280193,147,0.6280193236714976,230,0.0,Champions,0.6179814692796378,train
13233,Loyal Customers,United Kingdom,1.418157894736842,0.8157894736842105,21.105263157894736,74,0.0,619,0.0,Champions,0.7110812118740526,train
13234,At Risk,United Kingdom,3.0703174603174603,0.015873015873015872,2.5714285714285716,56,0.0,59,0.0,At Risk,0.6313688337125513,train
13235,At Risk,United Kingdom,2.7143103448275863,0.15517241379310345,7.603448275862069,53,0.0,0,0.5,Loyal Customers,0.5562535484530412,train
13236,Loyal Customers,United Kingdom,4.0344444444444445,0.3611111111111111,11.555555555555555,34,0.0,82,0.3333333333333333,At Risk,0.846130613744137,train
13237,At Risk,United Kingdom,5.360416666666667,0.08333333333333333,5.333333333333333,24,0.0,0,0.0,At Risk,0.6790364749681377,test
13238,Champions,United Kingdom,3.6421276595744683,0.0425531914893617,9.404255319148936,24,0.0,573,0.14285714285714285,Loyal Customers,0.5794941692495306,train
13239,Loyal Customers,United Kingdom,2.8006451612903223,0.45161290322580644,12.376344086021506,86,0.17204301075268819,240,0.16666666666666666,Loyal Customers,0.841294887011656,train
13240,Loyal Customers,United Kingdom,2.579047619047619,0.05194805194805195,3.7186147186147185,160,0.7142857142857143,556,0.1111111111111111,Champions,0.9740655364669074,train
13241,Hibernating or Lost,United Kingdom,2.5504761904761906,0.0,1.1428571428571428,40,1.0,0,0.0,At Risk,0.6311892606008653,test
13242,Loyal Customers,United Kingdom,1.9982857142857142,0.0,10.0,19,0.2571428571428571,555,0.0,Loyal Customers,0.6105670974942429,train
13243,Loyal Customers,United Kingdom,2.8961363636363635,0.05,2.631818181818182,165,0.0,428,0.0,Champions,0.5998457545140751,train
13244,At Risk,United Kingdom,3.747777777777778,0.0,1.4074074074074074,27,0.0,0,0.0,At Risk,0.7386192680994106,train
13245,Loyal Customers,United Kingdom,4.028666666666666,0.3111111111111111,8.244444444444444,43,0.6444444444444445,381,0.0,Loyal Customers,0.9144185077397005,train
13246,Champions,United Kingdom,1.667994722955145,0.13192612137203166,7.427440633245382,229,0.0633245382585752,507,0.21428571428571427,Champions,0.9569903016685691,train
13247,Loyal Customers,United Kingdom,2.1075999999999997,0.44,13.12,18,0.56,64,0.0,At Risk,0.584822894620348,train
13248,At Risk,United Kingdom,2.6873076923076926,0.5384615384615384,11.73076923076923,25,0.19230769230769232,64,0.0,At Risk,0.6022814389492007,train
13249,Champions,United Kingdom,2.706857142857143,0.5142857142857142,35.6,21,0.11428571428571428,592,0.0,Champions,0.5876041510014863,train
13250,At Risk,United Kingdom,2.4835000000000003,0.15,5.4,17,1.0,41,0.3333333333333333,At Risk,0.644537945315326,train
13251,Hibernating or Lost,United Kingdom,1.5316,0.36,8.6,25,0.0,0,0.0,At Risk,0.8369925355788373,train
13252,At Risk,United Kingdom,4.681578947368421,0.15789473684210525,7.052631578947368,19,0.0,231,0.3333333333333333,Loyal Customers,0.8742024095326586,train
13253,Loyal Customers,United Kingdom,1.6302666666666665,0.9866666666666667,40.2,73,0.0,546,0.0,Champions,0.7110812118740526,test
13254,At Risk,United Kingdom,2.5225,0.25,10.75,4,1.0,0,0.0,At Risk,0.608402725357956,train
13255,Loyal Customers,United Kingdom,4.399375,0.5,16.15625,26,0.0,502,0.25,Loyal Customers,0.8789411535624694,train
13257,Hibernating or Lost,United Kingdom,7.321428571428571,0.14285714285714285,4.714285714285714,7,0.0,0,0.6666666666666666,At Risk,0.6665546487152877,train
13258,Champions,United Kingdom,3.3982608695652172,0.34782608695652173,9.804347826086957,29,0.0,388,0.0,Loyal Customers,0.8612222664675775,test
13259,Champions,United Kingdom,3.1004012345679013,0.012345679012345678,1.595679012345679,234,0.9753086419753086,637,0.0,Champions,0.9721425832198033,train
13260,At Risk,United Kingdom,4.9675,0.375,17.75,8,1.0,0,0.0,At Risk,0.5657645963584932,train
13261,Loyal Customers,United Kingdom,5.488888888888889,0.8888888888888888,23.333333333333332,8,0.8888888888888888,17,0.0,At Risk,0.495483946705618,train
13262,At Risk,United Kingdom,3.8594,0.12,4.94,48,0.52,337,0.0,Loyal Customers,0.9206943930211208,test
13263,Champions,United Kingdom,2.3238072916666668,0.0328125,2.8072916666666665,507,0.057291666666666664,411,0.0,Champions,0.5998457545140751,train
13264,At Risk,United Kingdom,3.237894736842105,0.631578947368421,9.868421052631579,38,0.0,0,0.0,At Risk,0.8444445681876142,train
13265,Loyal Customers,United Kingdom,2.3726373626373625,0.8021978021978022,19.252747252747252,66,0.0,220,0.0,Loyal Customers,0.8298543882955799,train
13266,Champions,United Kingdom,1.7958306188925084,0.6449511400651465,22.270358306188925,154,0.05537459283387622,711,0.36666666666666664,Champions,0.9810640772469079,train
13267,Champions,United Kingdom,3.4923708920187795,0.4084507042253521,9.633802816901408,152,0.06572769953051644,729,0.28,Champions,0.9852790493222477,train
13268,Champions,United Kingdom,1.5559545454545454,0.25681818181818183,8.313636363636364,257,0.0,249,0.26666666666666666,Champions,0.6030088452330418,train
13269,Champions,United Kingdom,2.5080761523046093,0.46893787575150303,13.154308617234468,238,0.28256513026052105,736,0.06666666666666667,Champions,0.984865917299532,test
13270,At Risk,United Kingdom,2.95,1.0,200.0,1,0.0,0,0.0,Hibernating or Lost,0.6138854892987397,train
13271,At Risk,United Kingdom,1.1966666666666665,0.0625,2.6354166666666665,79,0.0,0,0.5,At Risk,0.5915852999261254,test
13272,At Risk,United Kingdom,5.339333333333333,0.13333333333333333,6.4,15,0.5333333333333333,58,0.0,Hibernating or Lost,0.5684954027892394,train
13273,At Risk,United Kingdom,1.298125,0.25,9.5625,16,0.0,0,0.0,At Risk,0.502078794807007,train
13274,At Risk,United Kingdom,3.7605263157894737,0.2631578947368421,10.473684210526315,19,0.0,0,0.0,At Risk,0.8536832873060178,train
13275,At Risk,United Kingdom,2.1116,0.08,2.8,48,0.08,248,0.0,Loyal Customers,0.9035836186682284,test
13276,Loyal Customers,United Kingdom,3.4771887550200806,0.07228915662650602,3.433734939759036,209,0.8795180722891566,578,0.2857142857142857,Champions,0.978067152283113,train
13277,Loyal Customers,United Kingdom,1.3282608695652174,0.6956521739130435,16.608695652173914,10,0.0,524,0.0,Champions,0.5440678580703685,train
13278,Loyal Customers,United Kingdom,1.9111111111111112,0.3333333333333333,12.574074074074074,80,0.42592592592592593,569,0.2,Champions,0.6827871239049677,train
13279,At Risk,United Kingdom,2.6033333333333335,0.1111111111111111,8.11111111111111,9,0.0,0,0.5,At Risk,0.5999908487631842,train
13280,Loyal Customers,United Kingdom,3.011571428571428,0.16666666666666666,7.119047619047619,159,0.0,522,0.125,Champions,0.9746517878282736,train
13281,At Risk,United Kingdom,2.4390909090909094,0.4090909090909091,9.136363636363637,22,1.0,0,0.6666666666666666,Loyal Customers,0.4876303890730921,train
13282,Champions,United Kingdom,4.169019607843137,0.35294117647058826,8.03921568627451,42,0.0,388,0.42857142857142855,Loyal Customers,0.8742024095326586,train
13283,Loyal Customers,United Kingdom,2.495,0.2,10.2,19,0.0,580,0.0,Champions,0.4941797956867524,test
13284,At Risk,United Kingdom,4.397692307692308,0.15384615384615385,7.0,13,0.0,0,0.5,At Risk,0.7763403132456486,train
13285,Champions,United Kingdom,2.3346320346320346,0.38095238095238093,10.636363636363637,182,0.09956709956709957,600,0.0,Champions,0.9825654733277243,train
13286,At Risk,United Kingdom,4.138979591836735,0.12244897959183673,5.591836734693878,46,1.0,0,0.0,Loyal Customers,0.4668812028183201,train
13287,At Risk,United Kingdom,3.0541509433962264,0.4339622641509434,8.09433962264151,46,0.0,101,0.5714285714285714,Loyal Customers,0.5648063316687558,test
13288,Loyal Customers,United Kingdom,4.788,0.7,37.9,7,0.1,223,0.16666666666666666,Loyal Customers,0.5567442438951978,test
13289,Hibernating or Lost,United Kingdom,4.390625,0.4375,7.4375,16,0.0,0,0.0,Hibernating or Lost,0.4959737363081736,train
13290,Hibernating or Lost,United Kingdom,208.63,0.0,1.0,1,0.0,0,0.6666666666666666,Hibernating or Lost,0.5072537080810667,train
13291,Champions,United Kingdom,3.2703963414634147,0.09451219512195122,4.935975609756097,155,0.0,510,0.0,Champions,0.9679373006859754,train
13292,Loyal Customers,United Kingdom,4.223728813559322,0.4745762711864407,8.983050847457626,55,0.0,487,0.16666666666666666,Loyal Customers,0.8901433037565497,train
13293,Loyal Customers,United Kingdom,3.3756944444444446,0.3611111111111111,7.708333333333333,51,0.06944444444444445,276,0.14285714285714285,Loyal Customers,0.8823249656131642,train
13294,Loyal Customers,United Kingdom,3.5543137254901964,0.4117647058823529,9.764705882352942,93,0.0,456,0.0,Loyal Customers,0.8583389205544516,train
13295,Loyal Customers,United Kingdom,2.368805970149254,0.582089552238806,10.940298507462687,56,0.5522388059701493,217,0.5555555555555556,Loyal Customers,0.8078439907422824,train
13296,Loyal Customers,United Kingdom,1.8749056603773586,0.7169811320754716,12.320754716981131,50,0.0,439,0.0,Loyal Customers,0.8910879967788092,test
13297,Champions,United Kingdom,2.758211382113821,0.5853658536585366,21.902439024390244,108,0.0,534,0.125,Champions,0.984917761558242,train
13298,Loyal Customers,United Kingdom,3.75,1.0,48.0,2,0.0,0,0.0,Hibernating or Lost,0.49531214555001774,train
13299,Loyal Customers,United Kingdom,4.6688709677419356,0.1935483870967742,6.709677419354839,56,0.0,260,0.4,Loyal Customers,0.892988418677923,train
13300,Loyal Customers,United Kingdom,4.025090909090909,0.2727272727272727,8.272727272727273,44,0.0,404,0.4,Loyal Customers,0.8742024095326586,train
13301,Loyal Customers,United Kingdom,2.637654320987654,0.07407407407407407,4.2592592592592595,75,0.7037037037037037,188,0.0,Loyal Customers,0.5967589475498478,train
13302,At Risk,United Kingdom,14.816666666666668,0.0,4.0,3,0.0,371,0.0,At Risk,0.5070415825578277,train
13303,Hibernating or Lost,United Kingdom,4.385,0.25,6.5,4,0.0,0,0.0,At Risk,0.4984835712030462,test
13304,Loyal Customers,United Kingdom,3.5306410256410254,0.3333333333333333,9.179487179487179,59,0.0,318,0.42857142857142855,Loyal Customers,0.8687837014172249,train
13305,Champions,United Kingdom,3.511941747572816,0.441747572815534,11.46116504854369,153,0.043689320388349516,635,0.0,Champions,0.981259281452183,train
13306,Hibernating or Lost,United Kingdom,0.9525,1.0,18.5,4,0.0,0,0.0,Hibernating or Lost,0.6625839037072621,train
13307,At Risk,United Kingdom,3.2359999999999998,0.4,9.333333333333334,15,0.0,472,0.0,Loyal Customers,0.6691515269798894,train
13308,Champions,United Kingdom,2.910281690140845,0.5070422535211268,15.112676056338028,65,0.0,574,0.2,Champions,0.813553925890134,test
13309,Champions,United Kingdom,1.4928461538461537,0.5538461538461539,14.723076923076922,95,0.0,385,0.0,Loyal Customers,0.8675653219986909,train
13310,Loyal Customers,United Kingdom,3.246736842105263,0.35789473684210527,8.589473684210526,80,0.0,374,0.375,Loyal Customers,0.8687837014172249,test
13311,Loyal Customers,United Kingdom,4.1207692307692305,0.4230769230769231,11.73076923076923,25,0.0,145,0.0,At Risk,0.8564446663241873,test
13312,Hibernating or Lost,United Kingdom,3.5700000000000003,0.4,8.2,5,0.0,0,0.0,At Risk,0.5888990040447544,train
13313,Champions,United Kingdom,2.2634759358288767,0.3582887700534759,12.342245989304812,105,0.0748663101604278,715,0.2,Champions,0.9682743477650553,train
13314,Loyal Customers,United Kingdom,3.1879032258064517,0.45161290322580644,9.03225806451613,55,0.0,72,0.25,Loyal Customers,0.5648063316687558,train
13315,Hibernating or Lost,United Kingdom,1.968181818181818,0.4090909090909091,10.545454545454545,22,0.0,0,0.0,At Risk,0.8373151763866855,train
13316,Champions,United Kingdom,2.528342857142857,0.6057142857142858,122.12571428571428,115,0.21714285714285714,602,0.16666666666666666,Champions,0.9869159201401321,train
13317,Champions,United Kingdom,3.716834302325581,0.3430232558139535,9.154069767441861,222,0.11627906976744186,660,0.3870967741935484,Champions,0.9800666513585105,train
13318,Loyal Customers,United Kingdom,2.857,0.75,15.2,14,0.15,36,0.0,Hibernating or Lost,0.6138854892987397,train
13319,Champions,United Kingdom,3.4965340314136126,0.3549738219895288,9.706806282722512,345,0.05759162303664921,727,0.2564102564102564,Champions,0.9831764876375382,test
13320,Loyal Customers,United Kingdom,1.7992666666666666,0.3,10.126666666666667,98,0.0,400,0.3333333333333333,Loyal Customers,0.8890953393098583,test
13321,Loyal Customers,United Kingdom,2.1245454545454545,0.8181818181818182,33.81818181818182,10,0.0,14,0.0,Hibernating or Lost,0.6625839037072621,train
13322,At Risk,United Kingdom,2.7704000000000004,0.16,4.68,25,0.0,0,0.0,At Risk,0.7664500902730681,train
13323,Loyal Customers,United Kingdom,4.55,0.19047619047619047,8.333333333333334,6,0.0,81,0.0,At Risk,0.4984835712030462,test
13324,Champions,United Kingdom,3.033181818181818,0.8181818181818182,64.0,36,0.20454545454545456,527,0.21739130434782608,Champions,0.5855976598596897,test
13325,At Risk,United Kingdom,3.0283333333333338,0.75,20.0,12,0.0,0,0.0,Hibernating or Lost,0.49531214555001774,train
13326,Hibernating or Lost,United Kingdom,2.914615384615385,0.5384615384615384,10.76923076923077,13,1.0,0,0.0,At Risk,0.594697225057052,train
13327,Champions,United Kingdom,2.974122807017544,0.6111111111111112,13.096491228070175,175,0.1023391812865497,682,0.09090909090909091,Champions,0.9794911991009676,train
13328,At Risk,United Kingdom,1.8776470588235292,1.0,40.0,17,0.0,0,0.0,Hibernating or Lost,0.6625839037072621,test
13329,Champions,United Kingdom,2.3491999999999997,0.912,27.888,68,0.0,703,0.42857142857142855,Champions,0.8358912364500819,train
13330,Champions,United Kingdom,2.2552542372881357,0.6610169491525424,16.73728813559322,80,0.15254237288135594,562,0.0,Champions,0.7110812118740526,test
13331,Hibernating or Lost,United Kingdom,11.845833333333333,0.08333333333333333,4.5,12,0.0,0,0.0,Hibernating or Lost,0.8053437570891684,train
13332,Loyal Customers,United Kingdom,3.0352380952380953,0.2857142857142857,8.523809523809524,21,0.0,0,0.0,At Risk,0.8596366604048866,train
13333,At Risk,United Kingdom,2.490545454545454,0.34545454545454546,12.454545454545455,54,0.10909090909090909,247,0.0,Loyal Customers,0.8644877565292982,train
13334,Champions,United Kingdom,2.9616458333333333,0.19375,6.722916666666666,307,0.11041666666666666,570,0.16666666666666666,Champions,0.9746517878282736,train
13336,At Risk,United Kingdom,2.5023529411764707,0.39215686274509803,10.96078431372549,51,0.0,0,0.0,At Risk,0.47609359423201725,test
13337,At Risk,United Kingdom,3.464137931034483,0.4942528735632184,11.264367816091953,87,0.0,0,0.5,Loyal Customers,0.6074326597460005,train
13338,Loyal Customers,United Kingdom,5.34390625,0.375,8.9921875,113,0.0,545,0.6,Champions,0.9762319963989892,train
13339,At Risk,United Kingdom,5.235555555555556,0.24074074074074073,6.037037037037037,54,0.0,0,0.0,At Risk,0.6984043884516892,train
13340,Champions,United Kingdom,5.291209302325581,0.9255813953488372,44.818604651162794,190,0.11627906976744186,609,0.0,Champions,0.9778880687222996,test
13341,At Risk,United Kingdom,4.182142857142857,0.30952380952380953,7.166666666666667,42,0.0,0,0.0,At Risk,0.8607784496184314,train
13343,At Risk,United Kingdom,6.25421052631579,0.15789473684210525,7.105263157894737,19,0.0,0,0.5,At Risk,0.8657381856703236,train
13344,Loyal Customers,United Kingdom,5.008487394957983,0.36134453781512604,8.159663865546218,115,0.0,209,0.0,Loyal Customers,0.3847616602176753,train
13345,At Risk,United Kingdom,5.6450000000000005,0.15,7.05,20,0.0,0,0.5,At Risk,0.8657381856703236,train
13346,At Risk,United Kingdom,1.8916666666666666,1.0,30.0,4,0.0,133,0.0,Hibernating or Lost,0.6625839037072621,train
13347,At Risk,United Kingdom,7.52,0.875,25.625,8,0.0,0,0.0,Hibernating or Lost,0.6005744235979578,train
13348,At Risk,United Kingdom,2.2057142857142855,0.6428571428571429,9.714285714285714,14,0.0,0,0.0,Hibernating or Lost,0.5750626267462317,train
13349,At Risk,United Kingdom,4.02625,0.875,14.0625,16,0.0,0,0.0,Hibernating or Lost,0.6005744235979578,train
13350,Loyal Customers,United Kingdom,8.31575,0.25,7.175,36,0.0,63,0.3333333333333333,At Risk,0.8657381856703236,train
13351,At Risk,United Kingdom,6.498125,0.1875,7.3125,16,0.0,0,0.0,At Risk,0.4984835712030462,train
13352,At Risk,United Kingdom,3.779583333333333,0.8333333333333334,13.375,24,0.0,0,0.5,At Risk,0.7944880376073643,train
13354,At Risk,United Kingdom,1.8486274509803922,0.7254901960784313,11.843137254901961,51,0.0,0,0.0,At Risk,0.6529577984464682,train
13355,At Risk,United Kingdom,2.7259375,0.21875,9.8125,32,0.0,0,0.0,At Risk,0.8200734138157137,train
13356,At Risk,United Kingdom,4.316190476190476,0.2857142857142857,7.738095238095238,42,0.0,0,0.0,At Risk,0.8607784496184314,train
13357,Loyal Customers,United Kingdom,3.156140350877193,0.15037593984962405,5.368421052631579,284,0.22556390977443608,369,0.0,Champions,0.6510415274343473,train
13358,At Risk,United Kingdom,5.006551724137931,0.3103448275862069,9.827586206896552,29,0.0,0,0.0,At Risk,0.867997490985079,train
13359,Loyal Customers,United Kingdom,5.5687500000000005,0.2857142857142857,6.803571428571429,52,0.0,339,0.5,Loyal Customers,0.892988418677923,train
13360,Loyal Customers,United Kingdom,3.477424242424242,0.6515151515151515,14.272727272727273,58,0.0,269,0.42857142857142855,Loyal Customers,0.8125027802818194,train
13361,At Risk,United Kingdom,4.438235294117647,0.17647058823529413,9.529411764705882,29,0.0,145,0.0,At Risk,0.867997490985079,train
13362,Champions,United Kingdom,3.3734228187919464,0.3053691275167785,8.325503355704697,186,0.17114093959731544,415,0.3,Champions,0.7249033138533625,train
13363,Loyal Customers,United Kingdom,3.3801960784313723,0.4803921568627451,11.235294117647058,78,0.0,392,0.0,Loyal Customers,0.8583389205544516,train
13364,At Risk,United Kingdom,2.598,0.3,7.1,10,0.0,0,0.5,At Risk,0.747263943349823,train
13365,Loyal Customers,United Kingdom,3.115703125,0.4453125,9.7421875,122,0.6953125,184,0.5,Champions,0.6351105132370286,train
13366,At Risk,United Kingdom,0.39,1.0,144.0,1,0.0,0,0.0,Hibernating or Lost,0.6625839037072621,train
13367,At Risk,United Kingdom,4.61,0.6,12.65,20,0.0,0,0.0,At Risk,0.8481550537524788,train
13368,Loyal Customers,United Kingdom,4.687115384615385,0.5769230769230769,11.653846153846153,45,0.0,166,0.2,At Risk,0.6196585791569648,train
13369,At Risk,United Kingdom,6.5442857142857145,0.5,10.642857142857142,14,0.0,0,0.5,At Risk,0.8012170964235474,test
13370,At Risk,United Kingdom,3.7279487179487183,0.38461538461538464,8.794871794871796,39,0.0,0,0.5,At Risk,0.7926822479081909,train
13371,At Risk,United Kingdom,4.004130434782609,0.40217391304347827,11.076086956521738,75,0.0,127,0.5,Loyal Customers,0.5153041971763457,test
13372,At Risk,United Kingdom,6.020434782608696,0.17391304347826086,6.913043478260869,23,1.0,0,0.0,At Risk,0.7763338967350972,train
13373,Champions,United Kingdom,3.3009217877094974,0.4972067039106145,11.90782122905028,292,0.3128491620111732,672,0.0,Champions,0.9837310883313256,test
13374,At Risk,United Kingdom,6.044117647058823,0.35294117647058826,7.9411764705882355,17,0.0,34,0.0,At Risk,0.4984835712030462,train
13375,Loyal Customers,United Kingdom,3.1480281690140846,0.4225352112676056,15.830985915492958,62,0.0,356,0.3333333333333333,Loyal Customers,0.8002112268313241,train
13376,Loyal Customers,United Kingdom,5.379811320754717,0.3018867924528302,9.30188679245283,45,0.0,135,0.0,At Risk,0.6984043884516892,test
13377,At Risk,United Kingdom,5.465128205128205,0.3333333333333333,9.58974358974359,71,0.0,249,0.5,Loyal Customers,0.8807131227692723,train
13379,Loyal Customers,United Kingdom,1.7503092783505154,0.17525773195876287,6.195876288659794,85,0.865979381443299,110,0.0,Loyal Customers,0.5633237638321114,train
13380,Hibernating or Lost,United Kingdom,1.3166666666666667,1.0,16.0,3,1.0,0,0.0,Hibernating or Lost,0.5338464198620827,train
13381,Champions,United Kingdom,2.966741573033708,0.6235955056179775,14.396067415730338,154,0.06460674157303371,706,0.2,Champions,0.9837839865153755,train
13382,Loyal Customers,United Kingdom,2.4241860465116276,0.46511627906976744,10.034883720930232,74,0.0,451,0.0,Loyal Customers,0.8514693798878483,train
13383,Hibernating or Lost,United Kingdom,1.06,1.0,288.0,1,0.0,0,0.0,Hibernating or Lost,0.6625839037072621,train
13384,Champions,United Kingdom,3.131515151515152,0.6136363636363636,15.68939393939394,192,0.07954545454545454,469,0.26666666666666666,Champions,0.7823380937597688,train
13385,At Risk,United Kingdom,4.533142857142857,0.34285714285714286,8.028571428571428,35,0.0,0,0.0,At Risk,0.8607784496184314,train
13386,At Risk,United Kingdom,2.2948387096774194,0.7741935483870968,16.580645161290324,24,0.0,22,0.0,At Risk,0.7754822360979571,train
13387,Hibernating or Lost,United Kingdom,1.9234246575342466,0.0273972602739726,1.7123287671232876,71,0.0,0,0.0,At Risk,0.6439543522648258,test
13388,Loyal Customers,United Kingdom,4.143913043478261,0.37681159420289856,10.159420289855072,68,0.5072463768115942,472,0.25,Loyal Customers,0.8596087865199582,train
13389,Loyal Customers,United Kingdom,3.844901960784314,0.35294117647058826,8.411764705882353,50,0.0,221,0.0,Loyal Customers,0.8946968414577486,train
13390,At Risk,United Kingdom,3.060769230769231,0.6153846153846154,17.23076923076923,13,0.0,0,0.0,Hibernating or Lost,0.49531214555001774,train
13391,At Risk,United Kingdom,14.95,0.0,4.0,1,0.0,0,0.0,Hibernating or Lost,0.8053437570891684,train
13392,Hibernating or Lost,United Kingdom,1.44625,0.75,10.25,8,1.0,0,0.0,At Risk,0.5175554567972127,train
13393,Loyal Customers,United Kingdom,4.150579710144927,0.3188405797101449,9.594202898550725,53,0.0,148,0.3333333333333333,At Risk,0.48789066787070196,train
13394,Champions,United Kingdom,2.1490464547677264,0.5525672371638142,13.09046454767726,254,0.20048899755501223,736,0.20833333333333334,Champions,0.9758437505640594,train
13395,Loyal Customers,United Kingdom,1.9066666666666667,0.5802469135802469,20.493827160493826,77,0.0,236,0.0,Loyal Customers,0.8675653219986909,test
13396,Loyal Customers,United Kingdom,3.8948837209302325,0.6511627906976745,13.953488372093023,42,0.0,290,0.5,Loyal Customers,0.8797055585423487,train
13397,Champions,United Kingdom,4.585730337078652,0.3258426966292135,15.01123595505618,68,0.02247191011235955,616,0.23076923076923078,Champions,0.7674647300110972,train
13398,At Risk,United Kingdom,4.044102564102564,0.358974358974359,8.743589743589743,37,0.0,256,0.0,Loyal Customers,0.7940006714673897,train
13399,At Risk,United Kingdom,3.61,0.0,8.0,10,0.0,54,0.0,Hibernating or Lost,0.5927947763044744,train
13400,Hibernating or Lost,United Kingdom,1.9695652173913043,0.5652173913043478,12.347826086956522,23,0.0,0,0.5,At Risk,0.8163211480642952,train
13402,Loyal Customers,United Kingdom,2.430625,0.6458333333333334,11.53125,55,0.0,437,0.0,Loyal Customers,0.8588609862987221,train
13403,Loyal Customers,United Kingdom,3.644444444444444,0.5555555555555556,12.666666666666666,9,0.0,705,0.0,Champions,0.6252116892490408,test
13404,Loyal Customers,United Kingdom,2.900909090909091,0.5454545454545454,10.090909090909092,11,0.0,211,0.0,Loyal Customers,0.7202093779750905,train
13405,Loyal Customers,United Kingdom,4.9342093023255815,0.3488372093023256,19.88372093023256,33,0.11627906976744186,650,0.3333333333333333,Champions,0.5186977805597038,train
13406,At Risk,United Kingdom,2.4655555555555555,0.8888888888888888,32.44444444444444,7,0.0,204,0.3333333333333333,At Risk,0.6690963625778594,train
13407,At Risk,United Kingdom,2.5101176470588236,0.7529411764705882,19.88235294117647,85,0.0,83,0.5,Loyal Customers,0.5599075715179924,train
13408,Champions,United Kingdom,2.5021571428571425,0.8928571428571429,35.11785714285714,321,0.16785714285714284,733,0.21481481481481482,Champions,0.9869159201401321,train
13410,Champions,United Kingdom,2.425,0.84,24.88,25,0.16,707,0.25,Champions,0.6262741487990494,test
13411,At Risk,United Kingdom,3.263888888888889,0.0,4.0,17,0.0,0,0.0,Hibernating or Lost,0.7305408822328047,train
13412,At Risk,United Kingdom,4.819117647058824,0.23529411764705882,5.176470588235294,33,0.0,0,0.0,At Risk,0.8033995112237373,test
13413,At Risk,United Kingdom,1.8832558139534885,0.13953488372093023,10.581395348837209,38,0.06976744186046512,47,0.25,At Risk,0.8380687881594736,train
13414,Loyal Customers,United Kingdom,2.014,0.7090909090909091,49.127272727272725,48,0.09090909090909091,469,0.14285714285714285,Loyal Customers,0.8704724511414116,train
13415,At Risk,United Kingdom,2.494230769230769,0.10576923076923077,4.826923076923077,85,0.0,255,0.2,Loyal Customers,0.892106178311767,train
13416,Loyal Customers,United Kingdom,4.888461538461539,0.34615384615384615,8.0,16,0.0,692,0.0,Loyal Customers,0.4621204036617547,train
13417,Champions,United Kingdom,4.697272727272727,0.23376623376623376,6.909090909090909,57,0.0,664,0.14285714285714285,Champions,0.6298972710469025,train
13418,Champions,United Kingdom,2.8972113676731794,0.4991119005328597,13.509769094138543,328,0.02664298401420959,716,0.16216216216216217,Champions,0.9825654733277243,test
13419,At Risk,United Kingdom,1.011875,0.875,17.1875,16,0.0,0,0.0,Hibernating or Lost,0.6625839037072621,train
13420,At Risk,United Kingdom,3.5425,0.625,12.625,8,0.0,20,0.5,At Risk,0.8008255209014732,train
13421,Champions,United Kingdom,2.291360294117647,0.24632352941176472,8.897058823529411,174,0.4117647058823529,622,0.2727272727272727,Champions,0.9838941817548533,test
13422,Loyal Customers,United Kingdom,3.0306299212598424,0.5118110236220472,10.440944881889763,127,0.0,0,0.5,Champions,0.5721168171103751,train
13423,Hibernating or Lost,United Kingdom,2.2316666666666665,0.75,11.75,12,0.0,0,0.0,Hibernating or Lost,0.5750626267462317,train
13424,At Risk,United Kingdom,1.672,0.7,13.225,40,0.0,0,0.5,At Risk,0.8389054355732848,train
13425,Loyal Customers,United Kingdom,2.5629213483146067,0.46629213483146065,13.382022471910112,124,0.29775280898876405,471,0.375,Champions,0.7942722572980542,train
13426,Champions,United Kingdom,2.0299708454810497,0.7813411078717201,14.192419825072886,162,0.11370262390670553,729,0.08333333333333333,Champions,0.9759037735330374,test
13427,Champions,United Kingdom,1.705576923076923,0.8269230769230769,16.923076923076923,35,0.28846153846153844,702,0.0,Loyal Customers,0.5085402530091717,train
13428,Loyal Customers,United Kingdom,1.848888888888889,0.027777777777777776,2.5416666666666665,122,0.0,504,0.0,Loyal Customers,0.5111718900434721,train
13429,Champions,United Kingdom,1.2207462686567165,0.7910447761194029,20.746268656716417,55,0.3582089552238806,64,0.0,Loyal Customers,0.5707788490634499,test
13430,Loyal Customers,United Kingdom,1.6575510204081632,0.7755102040816326,15.326530612244898,48,0.0,67,0.5,At Risk,0.5060970110873891,train
13431,Champions,United Kingdom,3.5859689922480618,0.40310077519379844,12.170542635658915,113,0.0,592,0.1111111111111111,Champions,0.981259281452183,test
13432,At Risk,United Kingdom,2.2845045045045045,0.009009009009009009,1.954954954954955,98,0.0,40,0.0,At Risk,0.6439543522648258,train
13433,At Risk,United Kingdom,4.62375,0.4166666666666667,7.916666666666667,22,0.0,195,0.2,At Risk,0.8512045679765924,test
13434,Loyal Customers,United Kingdom,1.984,0.9142857142857143,24.685714285714287,17,0.3142857142857143,581,0.0,Champions,0.6067566085676112,test
13435,Champions,United Kingdom,2.754605263157895,0.4868421052631579,18.361842105263158,96,0.4868421052631579,494,0.18181818181818182,Loyal Customers,0.8071928001533467,test
13436,At Risk,United Kingdom,5.829999999999999,0.16666666666666666,6.333333333333333,12,0.0,0,0.0,At Risk,0.4984835712030462,train
13437,Champions,United Kingdom,4.8889820359281435,0.2874251497005988,7.682634730538922,143,0.0,175,0.0,Loyal Customers,0.3847616602176753,train
13438,Hibernating or Lost,United Kingdom,4.65,0.0,10.0,1,0.0,0,0.0,Hibernating or Lost,0.6241679571767937,train
13439,Loyal Customers,United Kingdom,2.068263473053892,0.11377245508982035,5.700598802395209,132,0.0,270,0.0,Champions,0.5053745466390387,train
13440,Loyal Customers,United Kingdom,3.2228813559322034,0.4406779661016949,9.711864406779661,49,0.0,28,0.3,Loyal Customers,0.6074326597460005,train
13441,Loyal Customers,United Kingdom,2.3960526315789474,0.7105263157894737,13.68421052631579,33,0.0,339,0.0,Loyal Customers,0.8617708085265714,train
13442,At Risk,United Kingdom,7.01,0.05263157894736842,3.026315789473684,33,0.0,70,0.0,At Risk,0.6790364749681377,train
13443,Loyal Customers,United Kingdom,2.8413235294117647,0.10294117647058823,3.965686274509804,176,0.08823529411764706,228,0.14285714285714285,Champions,0.5998457545140751,train
13444,At Risk,United Kingdom,2.3448275862068964,0.05172413793103448,5.810344827586207,51,0.0,131,0.0,At Risk,0.6005453189263532,train
13445,Hibernating or Lost,United Kingdom,1.9700000000000002,0.7142857142857143,28.285714285714285,7,0.0,0,0.0,Hibernating or Lost,0.6625839037072621,train
13446,Loyal Customers,United Kingdom,2.701927083333333,0.46875,12.515625,113,0.17708333333333334,233,0.3888888888888889,Champions,0.7942722572980542,train
13447,Loyal Customers,United Kingdom,3.139830508474576,0.4576271186440678,9.898305084745763,55,0.3728813559322034,12,0.25,Loyal Customers,0.7937507172712633,train
13448,Champions,United Kingdom,3.7181899641577063,0.25448028673835127,7.89247311827957,321,0.12365591397849462,717,0.3157894736842105,Champions,0.9800666513585105,test
13449,At Risk,United Kingdom,1.924736842105263,0.631578947368421,11.68421052631579,19,0.0,0,0.0,At Risk,0.8233358072462033,train
13450,Champions,United Kingdom,1.5012925170068028,0.8231292517006803,29.374149659863946,57,0.24489795918367346,576,0.07142857142857142,Champions,0.7406977785194158,test
13451,Champions,United Kingdom,2.0636948176583494,0.09980806142034548,5.0556621880998085,561,0.5566218809980806,601,0.15384615384615385,Champions,0.9588644593642219,test
13452,At Risk,United Kingdom,208.3166666666667,0.0,2.0,2,0.0,213,0.0,At Risk,0.5070415825578277,train
13453,At Risk,United Kingdom,3.7692500000000004,0.375,8.525,33,0.0,236,0.4,Loyal Customers,0.8991779816537561,test
13454,Hibernating or Lost,United Kingdom,1.4865217391304346,0.30434782608695654,8.608695652173912,23,0.0,0,0.0,At Risk,0.8369925355788373,train
13455,Champions,United Kingdom,4.563680555555555,0.2708333333333333,6.840277777777778,79,0.3055555555555556,706,0.45454545454545453,Champions,0.7165964622055635,train
13456,Champions,United Kingdom,3.458730158730159,0.5396825396825397,12.142857142857142,43,0.0,189,0.14285714285714285,At Risk,0.8368435692463948,train
13457,At Risk,United Kingdom,1.5599999999999998,0.3333333333333333,10.666666666666666,9,0.0,48,0.5,At Risk,0.7724042583027836,train
13458,Champions,United Kingdom,2.5380206185567014,0.6164948453608248,13.938144329896907,290,0.0,381,0.3333333333333333,Champions,0.7528787946406003,train
13459,At Risk,United Kingdom,2.282191780821918,0.5753424657534246,13.506849315068493,57,0.0,57,0.0,At Risk,0.6087421704377465,test
13460,At Risk,United Kingdom,1.06,0.8235294117647058,16.823529411764707,16,0.0,20,0.0,Hibernating or Lost,0.6625839037072621,train
13461,Champions,United Kingdom,1.811774193548387,0.9193548387096774,50.516129032258064,30,0.08064516129032258,558,0.25,Champions,0.5074491796822121,test
13462,Loyal Customers,United Kingdom,2.520845070422535,0.4788732394366197,9.816901408450704,64,0.0,473,0.16666666666666666,Loyal Customers,0.8514693798878483,test
13464,Champions,United Kingdom,3.7382119205298014,0.4503311258278146,9.536423841059603,128,0.0,559,0.14285714285714285,Champions,0.981259281452183,test
13465,At Risk,United Kingdom,2.315588235294118,0.7058823529411765,17.176470588235293,34,1.0,139,0.0,At Risk,0.6431227722515215,train
13466,Loyal Customers,United Kingdom,2.745090909090909,0.509090909090909,12.0,49,0.2909090909090909,444,0.2857142857142857,Loyal Customers,0.8078439907422824,test
13467,Loyal Customers,United Kingdom,2.731818181818182,0.16161616161616163,5.898989898989899,89,0.0,25,0.0,At Risk,0.5703677493858214,train
13468,Champions,United Kingdom,4.169395604395604,0.32005494505494503,8.0,290,0.0260989010989011,734,0.1724137931034483,Champions,0.9655486081780054,train
13469,Hibernating or Lost,United Kingdom,2.6999999999999997,0.0,8.666666666666666,6,0.0,0,0.0,Hibernating or Lost,0.7025009347304892,train
13470,At Risk,United Kingdom,1.65,0.0,10.0,7,0.0,15,0.0,Hibernating or Lost,0.6844497618104414,train
13471,Champions,United Kingdom,2.5075384615384615,0.16538461538461538,6.115384615384615,214,0.8538461538461538,46,0.0,Champions,0.4981503663819874,train
13472,At Risk,United Kingdom,2.626785714285714,0.5714285714285714,11.071428571428571,24,0.0,91,0.0,At Risk,0.8021283796886285,train
13473,Champions,United Kingdom,4.2584285714285715,0.5142857142857142,14.285714285714286,65,0.0,663,0.2,Champions,0.746840226620947,train
13474,At Risk,United Kingdom,2.8195384615384618,0.03076923076923077,2.5692307692307694,116,0.9692307692307692,258,0.0,Champions,0.6352384448555851,train
13475,Loyal Customers,United Kingdom,2.8886046511627907,0.6511627906976745,11.767441860465116,64,0.0,107,0.0,At Risk,0.5313261023221421,train
13476,Loyal Customers,United Kingdom,6.992830188679245,0.2358490566037736,6.726415094339623,86,0.0,466,0.2857142857142857,Loyal Customers,0.892988418677923,train
13477,Champions,United Kingdom,2.5108860759493674,0.5759493670886076,13.259493670886076,112,0.05063291139240506,646,0.15384615384615385,Champions,0.9825654733277243,train
13478,Loyal Customers,United Kingdom,3.8902400000000004,0.376,9.512,114,0.2,207,0.2857142857142857,Champions,0.5052731718434182,train
13479,Loyal Customers,United Kingdom,2.7658490566037734,0.5660377358490566,13.50943396226415,45,0.0,276,0.42857142857142855,Loyal Customers,0.8255364234234961,train
13480,At Risk,United Kingdom,3.5897560975609757,0.3902439024390244,8.829268292682928,40,0.0,262,0.0,Loyal Customers,0.857351724932802,train
13481,Champions,United Kingdom,2.9721875,0.33035714285714285,9.174107142857142,162,0.0,689,0.21428571428571427,Champions,0.9746517878282736,train
13482,At Risk,United Kingdom,2.719,0.45,9.35,20,0.0,395,0.0,Loyal Customers,0.8660639436363557,train
13483,At Risk,United Kingdom,1.0559999999999998,0.8,16.0,10,0.0,0,0.0,Hibernating or Lost,0.6625839037072621,train
13484,At Risk,United Kingdom,5.074358974358974,0.15384615384615385,5.743589743589744,38,0.5128205128205128,398,0.25,Loyal Customers,0.9355702495399447,train
13485,Champions,United Kingdom,3.4290506329113923,0.5,11.379746835443038,131,0.056962025316455694,503,0.26666666666666666,Champions,0.7563025540221495,train
13486,Loyal Customers,United Kingdom,2.9099999999999997,0.43478260869565216,9.695652173913043,69,0.0,76,0.0,At Risk,0.47609359423201725,train
13487,Loyal Customers,United Kingdom,4.52265306122449,0.3469387755102041,7.387755102040816,31,0.12244897959183673,677,0.0,Loyal Customers,0.6139238542644256,train
13488,Champions,United Kingdom,3.4798480662983424,0.4516574585635359,10.899171270718233,370,0.04143646408839779,666,0.20689655172413793,Champions,0.981259281452183,train
13489,Loyal Customers,United Kingdom,1.417142857142857,0.8571428571428571,40.0,11,0.0,189,0.0,Hibernating or Lost,0.6625839037072621,train
13490,Hibernating or Lost,United Kingdom,9.40625,0.125,3.125,8,0.0,0,0.0,Hibernating or Lost,0.8053437570891684,test
13491,Champions,United Kingdom,3.563544776119403,0.417910447761194,8.899253731343284,144,0.06343283582089553,681,0.0,Champions,0.9777998272405093,train
13492,Loyal Customers,Switzerland,4.5016,0.16,8.16,38,0.0,78,0.0,At Risk,0.7425955311558793,train
13493,At Risk,Switzerland,12.89625,0.5,47.5,6,0.0,11,0.0,At Risk,0.5635914209358855,train
13494,At Risk,United Kingdom,3.665,0.2222222222222222,9.0,18,0.0,0,0.0,At Risk,0.5947845570931846,train
13495,Champions,United Kingdom,2.2404761904761905,0.8503401360544217,18.19047619047619,59,0.0,724,0.23076923076923078,Champions,0.7594687145263168,train
13496,Loyal Customers,United Kingdom,3.108285714285714,0.6,9.742857142857142,28,0.0,349,0.3333333333333333,Loyal Customers,0.8947151356952735,train
13497,Loyal Customers,United Kingdom,3.1534328358208956,0.43283582089552236,8.64179104477612,52,0.0,386,0.14285714285714285,Loyal Customers,0.8729612708501394,train
13498,Hibernating or Lost,United Kingdom,2.2652941176470587,0.6470588235294118,21.294117647058822,17,0.0,0,0.0,Hibernating or Lost,0.6625839037072621,train
13499,Champions,United Kingdom,2.131666666666667,0.7380952380952381,32.5,31,0.0,252,0.2857142857142857,Loyal Customers,0.872381791674813,test
13500,Champions,United Kingdom,3.5580000000000003,0.47058823529411764,9.858823529411765,77,0.0,378,0.2,Loyal Customers,0.8583389205544516,train
13501,Loyal Customers,Switzerland,3.688157894736842,0.47368421052631576,10.991228070175438,90,0.0,282,0.4,Loyal Customers,0.9335555425729274,train
13502,Loyal Customers,United Kingdom,2.376060606060606,0.6666666666666666,14.848484848484848,28,0.0,531,0.16666666666666666,Champions,0.5637379403477663,train
13503,Loyal Customers,United Kingdom,3.0985858585858583,0.1717171717171717,5.646464646464646,158,0.0,589,0.5,Champions,0.9800666513585105,train
13504,At Risk,United Kingdom,3.7018181818181817,0.36363636363636365,8.090909090909092,22,0.0,0,0.0,At Risk,0.8596366604048866,train
13505,Champions,Switzerland,3.2970232558139534,0.4790697674418605,11.56279069767442,182,0.12558139534883722,159,0.5,Loyal Customers,0.6178867299213597,train
13506,Loyal Customers,United Kingdom,2.7416326530612247,0.5306122448979592,11.979591836734693,55,0.6122448979591837,144,0.375,Loyal Customers,0.7994063332102939,train
13507,Champions,United Kingdom,3.3541975308641976,0.4506172839506173,9.858024691358025,146,0.5061728395061729,142,0.0,Champions,0.5639339240828997,train
13508,At Risk,United Kingdom,3.840357142857143,0.14285714285714285,6.428571428571429,27,1.0,399,0.0,Loyal Customers,0.9243243451415237,train
13509,Champions,United Kingdom,1.3526530612244898,0.8367346938775511,24.775510204081634,27,0.0,498,0.0,Loyal Customers,0.8036177146847769,train
13510,Champions,United Kingdom,3.132975778546713,0.370242214532872,10.53287197231834,176,0.1453287197231834,717,0.35294117647058826,Champions,0.9852790493222477,train
13511,Hibernating or Lost,United Kingdom,12.998000000000001,0.4,12.0,5,0.0,0,0.5,At Risk,0.8012170964235474,train
13512,Loyal Customers,United Kingdom,3.12025641025641,0.5128205128205128,10.743589743589743,31,0.0,322,0.0,Loyal Customers,0.8701937413527897,train
13513,At Risk,United Kingdom,2.8415,0.3,9.1,32,0.0,528,0.25,Champions,0.51478355406252,train
13514,Loyal Customers,United Kingdom,4.897619047619047,0.5714285714285714,13.714285714285714,15,0.23809523809523808,608,0.0,Champions,0.5950078433517367,train
13515,Loyal Customers,United Kingdom,2.605526315789474,0.4473684210526316,10.776315789473685,64,0.17105263157894737,571,0.0,Champions,0.7989414551368489,train
13516,Champions,United Kingdom,3.5737704918032787,0.4262295081967213,18.262295081967213,55,0.0,396,0.0,Loyal Customers,0.8289565169288982,test
13517,Loyal Customers,United Kingdom,2.921631205673759,0.44680851063829785,9.709219858156029,125,0.0,120,0.4,Champions,0.5944561549178681,train
13518,At Risk,United Kingdom,2.7518421052631576,0.42105263157894735,10.31578947368421,36,0.0,0,0.0,At Risk,0.8021283796886285,train
13519,At Risk,United Kingdom,4.357368421052632,0.3157894736842105,7.0,19,0.0,364,0.3333333333333333,Loyal Customers,0.8742024095326586,train
13520,Champions,Switzerland,4.4598048780487805,0.6926829268292682,16.04390243902439,81,0.12195121951219512,663,0.26666666666666666,Champions,0.5585749167442042,test
13521,Loyal Customers,United Kingdom,1.8141743119266056,0.0,1.688073394495413,313,0.29128440366972475,8,0.0,Loyal Customers,0.5261593429904574,train
13522,At Risk,United Kingdom,3.2700000000000005,0.4,8.8,5,0.0,0,0.0,At Risk,0.5888990040447544,train
13523,Champions,United Kingdom,5.596450216450216,0.38961038961038963,10.19047619047619,177,0.20346320346320346,369,0.14285714285714285,Champions,0.6716936408641635,test
13524,Loyal Customers,United Kingdom,3.4651851851851854,0.5185185185185185,12.0,17,0.37037037037037035,179,0.0,At Risk,0.6816655448243694,train
13525,Loyal Customers,United Kingdom,3.901666666666667,0.8333333333333334,65.66666666666667,5,0.0,233,0.0,Loyal Customers,0.5567442438951978,test
13526,At Risk,United Kingdom,1.0329545454545455,0.7727272727272727,43.43181818181818,29,0.0,0,0.5,At Risk,0.833833798195812,train
13527,Champions,United Kingdom,3.003194748358862,0.12691466083150985,6.043763676148797,266,0.7614879649890591,653,0.14285714285714285,Champions,0.974707890819141,train
13529,At Risk,United Kingdom,5.598666666666667,0.06666666666666667,4.933333333333334,15,0.0,125,0.0,Hibernating or Lost,0.8053437570891684,train
13530,At Risk,United Kingdom,2.0072222222222225,0.8333333333333334,15.11111111111111,18,0.0,0,0.0,Hibernating or Lost,0.6625839037072621,train
13531,Loyal Customers,United Kingdom,4.580888888888889,0.13333333333333333,6.666666666666667,44,0.0,531,0.0,Loyal Customers,0.6375315105214912,train
13532,At Risk,United Kingdom,2.223181818181818,0.030303030303030304,1.9545454545454546,66,1.0,0,0.0,Loyal Customers,0.4680598979416356,train
13533,At Risk,United Kingdom,1.9332894736842106,0.0,2.6842105263157894,61,0.0,84,0.0,At Risk,0.6439543522648258,train
13534,Champions,United Kingdom,2.7865561224489794,0.23214285714285715,9.869897959183673,163,0.0,517,0.4166666666666667,Champions,0.9843500982069006,train
13535,Hibernating or Lost,United Kingdom,8.95,0.0,10.0,1,0.0,0,0.0,Hibernating or Lost,0.6241679571767937,train
13536,Champions,United Kingdom,3.2182681564245814,0.30726256983240224,11.932960893854748,91,0.7039106145251397,74,0.0,Loyal Customers,0.6889198326809883,train
13537,At Risk,United Kingdom,3.2404761904761905,0.3333333333333333,8.023809523809524,38,0.38095238095238093,26,0.0,At Risk,0.7143513126705628,train
13538,Champions,United Kingdom,4.318611111111111,0.14583333333333334,6.6875,105,0.04861111111111111,632,0.0,Champions,0.9655486081780054,train
13539,Loyal Customers,United Kingdom,4.071162790697675,0.2558139534883721,8.255813953488373,69,0.0,504,0.2222222222222222,Loyal Customers,0.892988418677923,test
13540,At Risk,United Kingdom,5.5475,0.125,5.90625,26,0.375,188,0.0,At Risk,0.7579214836498707,train
13541,At Risk,United Kingdom,3.502,1.0,27.9,10,0.0,143,0.3333333333333333,At Risk,0.7550083009812483,train
13542,Champions,United Kingdom,5.530504451038576,0.01483679525222552,2.4183976261127595,98,0.5667655786350149,352,0.05555555555555555,Loyal Customers,0.9206943930211208,train
13543,At Risk,United Kingdom,4.599787234042553,0.06382978723404255,7.0,37,0.0,52,0.0,At Risk,0.7825402931728277,train
13544,Loyal Customers,United Kingdom,2.5967441860465117,0.0,1.3875968992248062,219,0.2558139534883721,605,0.14285714285714285,Champions,0.9740655364669074,train
13545,At Risk,United Kingdom,2.506140350877193,0.03508771929824561,4.508771929824562,54,1.0,153,0.3333333333333333,Loyal Customers,0.7477747403421859,train
13546,Champions,United Kingdom,2.2550980392156865,0.026143790849673203,3.849673202614379,95,0.24836601307189543,411,0.0,Loyal Customers,0.9263000626073268,train
13547,Hibernating or Lost,United Kingdom,2.8987234042553194,0.0425531914893617,1.7446808510638299,44,0.0,0,0.0,At Risk,0.6490496539052968,train
13548,Loyal Customers,United Kingdom,2.764812834224599,0.0481283422459893,3.021390374331551,169,0.6631016042780749,375,0.0,Champions,0.6352384448555851,train
13549,Champions,United Kingdom,3.176949152542373,0.4406779661016949,9.389830508474576,44,0.1864406779661017,361,0.1111111111111111,Loyal Customers,0.9243920125198176,test
13550,At Risk,United Kingdom,1.6754545454545455,0.4090909090909091,10.318181818181818,40,1.0,0,0.0,At Risk,0.7092830695530791,train
13551,At Risk,United Kingdom,7.390000000000001,0.2,7.2,5,0.0,346,0.0,Loyal Customers,0.5445186017836483,train
13552,Champions,United Kingdom,3.641971153846154,0.5865384615384616,12.759615384615385,162,0.0,592,0.3125,Champions,0.9838870473855282,train
13553,At Risk,United Kingdom,3.5175531914893616,0.0425531914893617,2.1914893617021276,85,0.0,0,0.0,At Risk,0.6313688337125513,train
13554,Loyal Customers,United Kingdom,4.0432160804020105,0.06030150753768844,2.919597989949749,156,0.03015075376884422,66,0.3,Loyal Customers,0.4419700552615333,train
13555,Champions,United Kingdom,2.7210073710073712,0.4103194103194103,11.85995085995086,264,0.23587223587223588,615,0.1875,Champions,0.984865917299532,test
13556,At Risk,United Kingdom,2.0655555555555556,0.7777777777777778,14.88888888888889,8,0.0,6,0.0,Hibernating or Lost,0.6625839037072621,train
13557,Champions,United Kingdom,2.0661666666666667,0.6166666666666667,13.322222222222223,126,0.1,702,0.1875,Champions,0.9695910852987902,train
13558,Loyal Customers,United Kingdom,2.2094857142857145,0.017142857142857144,1.9657142857142857,123,0.7257142857142858,62,0.0,Loyal Customers,0.5261593429904574,test
13559,At Risk,United Kingdom,2.75,1.0,180.0,1,0.0,30,0.0,Hibernating or Lost,0.6138854892987397,train
13560,At Risk,United Kingdom,2.9854545454545454,0.0,1.9393939393939394,32,0.0,0,0.0,At Risk,0.7386192680994106,test
13561,Loyal Customers,United Kingdom,2.334978540772532,0.11158798283261803,4.875536480686695,131,0.776824034334764,433,0.0,Champions,0.6352384448555851,train
13562,Champions,United Kingdom,4.246581632653061,0.17346938775510204,8.178571428571429,88,0.0,612,0.0,Champions,0.6298972710469025,train
13563,Loyal Customers,United Kingdom,8.512857142857143,0.061224489795918366,4.26530612244898,49,0.0,55,0.0,At Risk,0.6745487483719981,test
13564,Champions,United Kingdom,3.5243351691581433,0.17938630999213218,7.278520849724626,484,0.22816679779701024,593,0.3148148148148148,Champions,0.9826879894781075,train
13565,Loyal Customers,United Kingdom,1.9356666666666666,0.06666666666666667,4.333333333333333,45,1.0,391,0.0,Loyal Customers,0.9263000626073268,test
13566,Loyal Customers,United Kingdom,1.782914438502674,0.034759358288770054,3.3850267379679146,263,0.6684491978609626,598,0.0,Champions,0.9588644593642219,train
13567,Loyal Customers,United Kingdom,2.5794581280788176,0.07881773399014778,3.1773399014778323,180,0.0,113,0.2,Loyal Customers,0.3942893623348598,train
13568,At Risk,United Kingdom,3.001136363636364,0.0,1.5909090909090908,41,1.0,0,0.0,At Risk,0.6949360266619181,test
13569,Loyal Customers,United Kingdom,2.75303738317757,0.004672897196261682,1.8785046728971964,140,0.0,411,0.0,Champions,0.5998457545140751,train
13570,At Risk,United Kingdom,2.102592592592593,0.2222222222222222,5.962962962962963,27,1.0,0,0.0,At Risk,0.760524953338149,train
13571,Champions,United Kingdom,1.9149112426035504,0.0650887573964497,4.729289940828402,263,0.28254437869822485,718,0.0,Champions,0.9588644593642219,train
13572,At Risk,United Kingdom,4.502424242424243,0.5454545454545454,16.181818181818183,32,0.0,0,0.0,At Risk,0.8353854655630091,train
13573,Loyal Customers,United Kingdom,2.963820224719101,0.14606741573033707,7.415730337078652,73,0.0,586,0.0,Champions,0.7006175932698865,train
13574,At Risk,United Kingdom,2.0834951456310677,0.08737864077669903,3.0679611650485437,84,1.0,0,0.0,Loyal Customers,0.4680598979416356,train
13575,Loyal Customers,United Kingdom,2.1478260869565218,0.43478260869565216,9.76086956521739,41,0.0,152,0.0,At Risk,0.8373151763866855,test
13576,Champions,United Kingdom,3.517562724014337,0.5017921146953405,16.537634408602152,145,0.04659498207885305,721,0.125,Champions,0.98518792681502,train
13577,Champions,United Kingdom,3.273690476190476,0.21428571428571427,9.886904761904763,102,0.0,699,0.21428571428571427,Champions,0.9785923498334637,train
13578,Hibernating or Lost,United Kingdom,1.97,0.3333333333333333,14.11111111111111,9,0.0,0,0.0,Hibernating or Lost,0.5785444611389599,train
13579,Champions,United Kingdom,3.6738888888888885,0.28888888888888886,8.488888888888889,72,0.2,644,0.16666666666666666,Champions,0.7305682095249739,train
13580,Hibernating or Lost,United Kingdom,9.23,0.4,9.0,5,0.0,0,0.0,Hibernating or Lost,0.4959737363081736,train
13581,At Risk,United Kingdom,2.8239393939393937,0.030303030303030304,3.606060606060606,32,0.0,104,0.0,At Risk,0.6490496539052968,train
13582,At Risk,United Kingdom,2.862727272727273,0.6363636363636364,9.636363636363637,10,0.0,227,0.0,Loyal Customers,0.6838608719941975,test
13583,Loyal Customers,United Kingdom,2.382510416666667,0.4583333333333333,11.427083333333334,93,0.0,523,0.0,Champions,0.774545527743185,train
13584,At Risk,United Kingdom,2.4139759036144577,0.0963855421686747,4.373493975903615,74,0.2891566265060241,369,0.4,Loyal Customers,0.877263076698941,test
13585,At Risk,United Kingdom,1.5061538461538462,0.8205128205128205,35.53846153846154,29,0.46153846153846156,207,0.25,At Risk,0.6328724731545365,train
13586,Hibernating or Lost,United Kingdom,3.8590476190476193,0.047619047619047616,1.8571428571428572,20,0.0,0,0.0,At Risk,0.6790364749681377,test
13587,Loyal Customers,United Kingdom,3.8729999999999998,0.5,22.133333333333333,27,0.3333333333333333,599,0.3333333333333333,Champions,0.5916556413995703,test
13588,Champions,United Kingdom,1.376494252873563,0.8103448275862069,14.977011494252874,131,0.0,239,0.3076923076923077,Champions,0.7056546389124437,test
13589,Champions,United Kingdom,7.078269230769231,0.17307692307692307,5.634615384615385,48,0.38461538461538464,719,0.0,Champions,0.6415622844985029,train
13590,Champions,United Kingdom,2.334,0.3902439024390244,12.86829268292683,255,0.2,726,0.14285714285714285,Champions,0.984865917299532,train
13591,Loyal Customers,United Kingdom,4.2522772277227725,0.31683168316831684,8.415841584158416,89,0.0,660,0.125,Champions,0.6298972710469025,train
13592,Loyal Customers,United Kingdom,6.26,0.0625,5.25,15,0.375,228,0.0,Loyal Customers,0.7523883856775915,test
13593,Champions,United Kingdom,3.9069268292682926,0.13414634146341464,5.341463414634147,212,0.26097560975609757,538,0.125,Champions,0.9621997230560563,train
13594,Loyal Customers,United Kingdom,2.4978787878787876,0.42424242424242425,12.0,31,0.0,432,0.3333333333333333,Loyal Customers,0.9012952256697686,train
13595,At Risk,United Kingdom,3.0595394736842105,0.03289473684210526,2.3223684210526314,114,0.2894736842105263,129,0.0,Loyal Customers,0.48891135866633423,test
13596,Loyal Customers,United Kingdom,2.282951807228916,0.060240963855421686,2.4457831325301207,133,1.0,7,0.0,Loyal Customers,0.5261593429904574,train
13597,At Risk,United Kingdom,2.2300000000000004,0.5882352941176471,13.588235294117647,17,0.0,2,0.3333333333333333,At Risk,0.71639827875997,train
13598,Loyal Customers,United Kingdom,2.8674747474747475,0.09090909090909091,4.05050505050505,78,0.8080808080808081,604,0.16666666666666666,Champions,0.6962315855974162,train
13599,Champions,United Kingdom,2.574634146341463,0.5853658536585366,15.839024390243903,235,0.0,737,0.36538461538461536,Champions,0.9881638809913595,train
13600,At Risk,United Kingdom,2.796829268292683,0.34146341463414637,14.609756097560975,35,0.0,321,0.0,Loyal Customers,0.8549542599946282,train
13601,Loyal Customers,United Kingdom,2.1774871794871795,0.11282051282051282,4.984615384615385,160,0.0,501,0.0,Loyal Customers,0.5111718900434721,train
13602,Loyal Customers,United Kingdom,2.895172413793104,0.39655172413793105,9.275862068965518,49,0.0,495,0.0,Loyal Customers,0.8675729728358257,train
13603,At Risk,United Kingdom,2.111851851851852,0.2222222222222222,6.074074074074074,27,1.0,0,0.0,At Risk,0.760524953338149,train
13604,At Risk,United Kingdom,5.5147619047619045,0.42857142857142855,11.523809523809524,21,0.0,0,0.5,At Risk,0.8247040482208206,test
13605,At Risk,United Kingdom,1.9281132075471699,0.22641509433962265,8.018867924528301,50,0.0,184,0.0,At Risk,0.6855707981666673,test
13606,At Risk,United Kingdom,2.2688372093023257,0.20930232558139536,6.488372093023256,40,0.8604651162790697,282,0.0,Loyal Customers,0.9184067715483872,train
13607,Loyal Customers,United Kingdom,3.3286885245901643,0.08196721311475409,3.8360655737704916,110,0.8032786885245902,362,0.3333333333333333,Champions,0.6742229691889624,train
13608,Hibernating or Lost,United Kingdom,2.220833333333333,0.027777777777777776,3.138888888888889,31,0.0,0,0.0,At Risk,0.622888518232414,train
13609,Hibernating or Lost,United Kingdom,13.192857142857141,0.0,2.7142857142857144,7,1.0,0,0.0,Hibernating or Lost,0.7107953943248793,test
13610,Champions,United Kingdom,3.137235576923077,0.026442307692307692,2.1850961538461537,309,0.5432692307692307,691,0.17647058823529413,Champions,0.9721425832198033,train
13611,Champions,United Kingdom,2.6641484716157207,0.32751091703056767,8.74235807860262,170,0.18340611353711792,647,0.2857142857142857,Champions,0.9838941817548533,train
13612,At Risk,United Kingdom,3.3996,0.38,8.88,50,0.0,0,0.5,Loyal Customers,0.5648063316687558,train
13613,Loyal Customers,United Kingdom,3.9720338983050847,0.2711864406779661,7.5423728813559325,50,0.0,207,0.0,At Risk,0.6984043884516892,train
13614,Champions,United Kingdom,3.957158671586716,0.05166051660516605,3.055350553505535,227,0.22509225092250923,527,0.0,Champions,0.9621997230560563,train
13615,Champions,United Kingdom,4.600926430517711,0.34332425068119893,7.929155313351498,259,0.0653950953678474,361,0.3333333333333333,Champions,0.6238399859074022,test
13616,At Risk,United Kingdom,2.9864864864864864,0.10810810810810811,4.72972972972973,31,0.5945945945945946,122,0.0,At Risk,0.6949360266619181,train
13617,Champions,United Kingdom,3.474859813084112,0.11214953271028037,5.542056074766355,48,0.5981308411214953,454,0.1111111111111111,Loyal Customers,0.9026307242250012,train
13618,At Risk,United Kingdom,1.0353846153846153,0.6923076923076923,18.923076923076923,13,1.0,0,0.0,Hibernating or Lost,0.5338464198620827,train
13619,At Risk,United Kingdom,3.163061224489796,0.0,1.7142857142857142,39,0.5306122448979592,129,0.0,At Risk,0.6949360266619181,test
13620,Hibernating or Lost,United Kingdom,2.504,0.4,14.8,5,0.0,0,0.0,Hibernating or Lost,0.5286258793910906,train
13621,At Risk,United Kingdom,1.1289473684210527,0.7368421052631579,18.05263157894737,19,0.0,0,0.0,At Risk,0.7850858886768727,train
13622,At Risk,United Kingdom,3.4603125,0.59375,11.84375,32,0.0,0,0.5,At Risk,0.7944880376073643,train
13623,Champions,United Kingdom,3.408287671232877,0.05821917808219178,3.5034246575342465,211,0.03424657534246575,706,0.3333333333333333,Champions,0.9747582747155219,train
13624,At Risk,United Kingdom,2.7877272727272726,0.4090909090909091,37.27272727272727,22,0.0,0,0.5,At Risk,0.7342444599402386,test
13625,Hibernating or Lost,United Kingdom,5.414761904761905,0.38095238095238093,6.857142857142857,21,0.0,0,0.0,At Risk,0.8512045679765924,train
13626,At Risk,United Kingdom,3.7274999999999996,0.4090909090909091,9.045454545454545,44,0.0,126,0.3333333333333333,At Risk,0.7926822479081909,test
13627,Loyal Customers,United Kingdom,3.004263565891473,0.5736434108527132,12.651162790697674,118,0.16279069767441862,581,0.3,Champions,0.9852790493222477,test
13628,Hibernating or Lost,United Kingdom,4.135625,0.375,6.625,16,0.0,0,0.0,Hibernating or Lost,0.4959737363081736,train
13629,Champions,United Kingdom,2.1180459770114943,0.8850574712643678,88.75862068965517,28,0.06896551724137931,642,0.0,Loyal Customers,0.5329303934415414,test
13630,Champions,United Kingdom,2.003098591549296,0.5633802816901409,19.591549295774648,51,0.323943661971831,280,0.36363636363636365,Loyal Customers,0.840653712191189,train
13631,Champions,United Kingdom,6.16090909090909,0.7272727272727273,42.45454545454545,6,0.09090909090909091,167,0.08333333333333333,Hibernating or Lost,0.6005744235979578,train
13632,Champions,United Kingdom,3.349683257918552,0.27601809954751133,7.416289592760181,166,0.2986425339366516,586,0.2,Champions,0.9779856337643557,train
13634,Champions,United Kingdom,3.6050444444444443,0.09333333333333334,4.657777777777778,269,0.6733333333333333,664,0.058823529411764705,Champions,0.9721425832198033,train
13635,Champions,United Kingdom,2.294074074074074,0.6481481481481481,11.62962962962963,135,0.0,671,0.3333333333333333,Champions,0.9850119461560302,train
13636,Loyal Customers,United Kingdom,3.785396825396825,0.38095238095238093,9.396825396825397,57,0.1746031746031746,248,0.16666666666666666,Loyal Customers,0.8695874510887149,train
13637,Loyal Customers,United Kingdom,2.365841584158416,0.039603960396039604,4.0495049504950495,79,0.2871287128712871,174,0.0,Loyal Customers,0.5967589475498478,train
13638,At Risk,United Kingdom,2.9925,0.5,11.625,8,0.0,0,0.0,At Risk,0.6489482792953484,test
13639,Loyal Customers,United Kingdom,1.5964406779661016,0.6610169491525424,16.89830508474576,49,0.0,362,0.0,Loyal Customers,0.8704724511414116,test
13640,At Risk,United Kingdom,3.75,1.0,27.0,4,0.0,0,0.0,Hibernating or Lost,0.49531214555001774,test
13641,Loyal Customers,United Kingdom,3.4640909090909093,0.5,24.954545454545453,41,0.3409090909090909,93,0.2857142857142857,Loyal Customers,0.49394306980202296,test
13642,Loyal Customers,United Kingdom,2.9023684210526315,0.03508771929824561,2.219298245614035,93,1.0,217,0.2,Loyal Customers,0.8973604003191129,train
13643,Champions,United Kingdom,3.8054901960784315,0.23529411764705882,8.843137254901961,71,0.0,700,0.3333333333333333,Champions,0.7499127273829141,train
13644,Champions,United Kingdom,3.043013698630137,0.6027397260273972,14.157534246575343,144,0.0,89,0.2,Champions,0.48234728661698806,train
13645,At Risk,United Kingdom,3.3699999999999997,0.8,31.6,5,0.0,0,0.0,Hibernating or Lost,0.49531214555001774,train
13646,At Risk,United Kingdom,4.406034482758621,0.0,1.3620689655172413,58,0.0,0,0.3333333333333333,At Risk,0.6040665160829832,train
13647,Champions,United Kingdom,3.2889285714285714,0.3357142857142857,12.878571428571428,98,0.12142857142857143,593,0.1111111111111111,Champions,0.7357540809716737,train
13648,Loyal Customers,United Kingdom,2.9039622641509433,0.37735849056603776,9.056603773584905,95,0.20754716981132076,337,0.2727272727272727,Loyal Customers,0.8327065809407216,train
13649,Loyal Customers,United Kingdom,3.6346825396825397,0.2222222222222222,6.849206349206349,97,0.3492063492063492,270,0.0,Loyal Customers,0.8828756443111901,train
13650,Champions,United Kingdom,3.1804651162790694,0.48255813953488375,10.151162790697674,127,0.0,666,0.375,Champions,0.9852790493222477,train
13651,At Risk,United Kingdom,7.628571428571428,0.21428571428571427,4.428571428571429,14,0.0,346,0.25,Loyal Customers,0.6900946293900346,test
13652,Champions,United Kingdom,2.777421383647799,0.4339622641509434,9.874213836477987,116,0.0,606,0.0,Champions,0.9825654733277243,train
13653,Hibernating or Lost,United Kingdom,2.783333333333333,0.2222222222222222,8.0,9,0.0,0,0.0,Hibernating or Lost,0.5068579629241098,train
13654,Champions,United Kingdom,2.2920364741641337,0.5835866261398176,14.474164133738602,262,0.44072948328267475,694,0.0,Champions,0.9869159201401321,test
13655,Loyal Customers,United Kingdom,3.363949579831933,0.35294117647058826,10.294117647058824,103,0.0,477,0.25,Champions,0.7303732460562085,train
13656,Loyal Customers,United Kingdom,2.231494252873563,0.26436781609195403,9.908045977011493,81,0.0,430,0.42857142857142855,Loyal Customers,0.8890953393098583,train
13657,Loyal Customers,United Kingdom,2.993125,0.5625,13.0625,16,0.5625,190,0.0,At Risk,0.6816655448243694,train
13658,Champions,United Kingdom,4.255189873417722,0.3080168776371308,9.160337552742616,164,0.0759493670886076,662,0.3076923076923077,Champions,0.9728698621407936,train
13659,Champions,United Kingdom,3.9183272727272724,0.43636363636363634,9.232727272727272,224,0.22545454545454546,455,0.29411764705882354,Champions,0.6876203728700977,train
13660,Hibernating or Lost,United Kingdom,5.004146341463414,0.0975609756097561,3.341463414634146,39,0.0,0,0.5,At Risk,0.8306671323565687,train
13661,Hibernating or Lost,United Kingdom,4.0452941176470585,0.35294117647058826,6.9411764705882355,17,0.0,0,0.0,At Risk,0.4984835712030462,test
13662,Champions,United Kingdom,3.9476642335766425,0.31386861313868614,8.605839416058394,126,0.0,572,0.35294117647058826,Champions,0.9728698621407936,train
13663,Loyal Customers,United Kingdom,3.833131313131313,0.37373737373737376,9.02020202020202,87,0.12121212121212122,467,0.16666666666666666,Loyal Customers,0.8729612708501394,train
13665,At Risk,United Kingdom,2.0283018867924527,0.5094339622641509,15.584905660377359,97,0.0,117,0.0,At Risk,0.6116996063221417,train
13666,Loyal Customers,United Kingdom,3.9026315789473687,0.05263157894736842,2.8421052631578947,19,0.0,675,0.0,Loyal Customers,0.6551863928908079,train
13667,At Risk,United Kingdom,2.4348275862068967,0.0,1.7701149425287357,82,0.0,0,0.0,At Risk,0.5782410539002637,train
13668,Champions,United Kingdom,3.4136883116883117,0.15974025974025974,7.964935064935065,411,0.3025974025974026,725,0.2553191489361702,Champions,0.9826879894781075,train
13669,Loyal Customers,United Kingdom,2.2150000000000003,0.7857142857142857,28.071428571428573,13,0.0,356,0.0,Loyal Customers,0.5664796629088443,train
13670,At Risk,United Kingdom,1.8768,0.6,11.28,25,1.0,0,0.0,At Risk,0.7355503591633592,train
13671,Hibernating or Lost,United Kingdom,1.9210526315789473,0.0,1.4078947368421053,61,0.0,0,0.0,At Risk,0.6439543522648258,train
13672,At Risk,United Kingdom,3.7594444444444446,0.2222222222222222,7.666666666666667,13,0.0,429,0.5714285714285714,Loyal Customers,0.7601361291896117,train
13673,Loyal Customers,United Kingdom,3.301846153846154,0.0,1.8307692307692307,47,0.0,13,0.0,At Risk,0.6313688337125513,train
13674,Hibernating or Lost,United Kingdom,4.1778571428571425,0.2857142857142857,7.285714285714286,14,1.0,0,0.5,At Risk,0.7710357199493337,train
13675,At Risk,United Kingdom,1.9028,0.72,13.2,25,0.0,133,0.0,At Risk,0.8233358072462033,train
13676,At Risk,United Kingdom,3.8346153846153848,0.3076923076923077,8.0,13,0.0,80,0.3333333333333333,At Risk,0.8154363279823286,train
13677,At Risk,United Kingdom,3.5048598130841118,0.06542056074766354,2.0373831775700935,98,0.42990654205607476,115,0.0,Loyal Customers,0.5798402326660045,train
13678,At Risk,United Kingdom,0.39375,1.0,57.75,16,0.0,0,0.0,Hibernating or Lost,0.6625839037072621,train
13679,At Risk,United Kingdom,2.9604000000000004,0.0,2.04,44,0.0,241,0.0,Loyal Customers,0.8147575780237977,train
13680,Champions,United Kingdom,2.694478527607362,0.1794478527607362,8.05521472392638,354,0.0,733,0.07692307692307693,Champions,0.9764092050776733,train
13681,Loyal Customers,United Kingdom,2.902456140350877,0.10526315789473684,6.315789473684211,37,0.5964912280701754,137,0.0,At Risk,0.6788745220459035,train
13682,At Risk,United Kingdom,7.083333333333333,0.0,3.3333333333333335,3,1.0,0,0.0,Hibernating or Lost,0.7107953943248793,train
13683,Hibernating or Lost,United Kingdom,1.73,1.0,18.0,10,0.0,0,0.0,Hibernating or Lost,0.6625839037072621,train
13684,Loyal Customers,United Kingdom,2.238256880733945,0.009174311926605505,2.1559633027522938,81,0.908256880733945,335,0.3333333333333333,Loyal Customers,0.9166692901120218,test
13685,Champions,United Kingdom,0.7007692307692308,0.28205128205128205,129.64102564102564,29,0.0,57,0.0,At Risk,0.8212071185728523,test
13686,At Risk,United Kingdom,1.483235294117647,0.3235294117647059,11.117647058823529,27,0.0,218,0.0,Loyal Customers,0.827419526307521,train
13687,At Risk,United Kingdom,0.15133333333333335,1.0,1937.0444444444445,45,0.0,0,0.0,At Risk,0.6502418834660041,test
13688,At Risk,United Kingdom,4.55,0.4,26.0,5,1.0,0,0.0,At Risk,0.5657645963584932,train
13689,Loyal Customers,United Kingdom,1.7166666666666666,0.8888888888888888,80.22222222222223,6,0.0,381,0.0,Loyal Customers,0.5664796629088443,test
13690,At Risk,United Kingdom,5.972222222222222,0.3333333333333333,7.444444444444445,9,0.0,0,0.0,At Risk,0.4984835712030462,train
13691,Hibernating or Lost,United Kingdom,2.1038888888888887,0.05555555555555555,2.685185185185185,54,0.0,0,0.0,At Risk,0.6439543522648258,test
13692,Champions,United Kingdom,2.3693750000000002,0.9166666666666666,21.885416666666668,83,0.3229166666666667,395,0.375,Loyal Customers,0.7836410819836015,train
13693,Loyal Customers,United Kingdom,4.17877358490566,0.36792452830188677,8.30188679245283,78,0.29245283018867924,358,0.3076923076923077,Loyal Customers,0.8909098317487241,train
13694,Champions,United Kingdom,1.6653245901639344,0.9849180327868853,124.0688524590164,896,0.026885245901639345,731,0.12804878048780488,Champions,0.9759037735330374,test
13695,Champions,United Kingdom,2.5589583333333334,0.6666666666666666,18.65625,47,0.052083333333333336,546,0.0,Champions,0.7990968564501582,test
13696,At Risk,United Kingdom,4.635833333333333,0.8333333333333334,23.0,24,0.0,244,0.25,Loyal Customers,0.8663519014157035,train
13697,At Risk,United Kingdom,1.3933333333333333,0.8333333333333334,14.75,12,0.0,0,0.0,Hibernating or Lost,0.6625839037072621,train
13698,At Risk,United Kingdom,3.4579999999999997,0.075,5.775,31,0.0,85,0.0,At Risk,0.8143841720636293,train
13699,At Risk,United Kingdom,5.695945945945946,0.24324324324324326,5.918918918918919,33,0.0,395,0.3333333333333333,Loyal Customers,0.8742024095326586,train
13700,Champions,United Kingdom,1.5490946502057614,0.4444444444444444,11.559670781893004,163,0.3292181069958848,644,0.07142857142857142,Champions,0.9758437505640594,train
13701,Hibernating or Lost,United Kingdom,2.272222222222222,0.4444444444444444,8.88888888888889,9,1.0,0,0.5,At Risk,0.724556035555256,train
13702,Hibernating or Lost,United Kingdom,2.378,0.6,14.8,5,0.0,0,0.0,Hibernating or Lost,0.6138854892987397,train
13703,At Risk,United Kingdom,3.4299999999999997,0.05405405405405406,3.4594594594594597,36,0.0,96,0.3333333333333333,At Risk,0.8173939309402574,train
13704,Champions,United Kingdom,3.328805970149254,0.44776119402985076,11.425373134328359,111,0.08208955223880597,83,0.1,Champions,0.4706378126235272,train
13705,Champions,United Kingdom,6.004642857142857,0.6785714285714286,12.011904761904763,55,0.0,616,0.0,Champions,0.6790903995418529,train
13706,At Risk,United Kingdom,4.399210526315789,0.47368421052631576,7.921052631578948,38,0.0,324,0.0,Loyal Customers,0.8148298790975255,train
13707,Loyal Customers,United Kingdom,2.9416774193548387,0.535483870967742,14.258064516129032,142,0.0,269,0.0,Champions,0.7681564420583257,train
13708,At Risk,United Kingdom,2.057450980392157,0.13725490196078433,6.0,49,1.0,0,0.0,Loyal Customers,0.5633237638321114,train
13709,Champions,United Kingdom,3.566936274509804,0.4362745098039216,10.122549019607844,296,0.0661764705882353,693,0.18181818181818182,Champions,0.981259281452183,train
13710,Loyal Customers,United Kingdom,1.648,1.0,22.4,13,0.0,580,0.0,Champions,0.5440678580703685,test
13711,Loyal Customers,United Kingdom,4.236630434782609,0.25,8.902173913043478,80,0.043478260869565216,505,0.4,Champions,0.6859952626420271,train
13712,At Risk,United Kingdom,2.7815151515151517,0.6060606060606061,34.18181818181818,32,0.0,364,0.0,Loyal Customers,0.8468870886107716,train
13713,At Risk,United Kingdom,2.8513414634146343,0.012195121951219513,3.4878048780487805,70,0.0,174,0.0,At Risk,0.5782410539002637,train
13714,Hibernating or Lost,United Kingdom,3.635,0.0,1.6666666666666667,30,0.0,0,0.0,At Risk,0.7386192680994106,train
13715,Champions,United Kingdom,2.3529213483146068,0.30711610486891383,9.239700374531836,277,0.14606741573033707,357,0.19047619047619047,Champions,0.6566684130847887,train
13716,At Risk,United Kingdom,1.4195238095238094,0.23809523809523808,6.571428571428571,21,0.0,0,0.0,At Risk,0.8369925355788373,train
13717,Champions,United Kingdom,2.3220161290322583,0.6370967741935484,17.29032258064516,110,0.0,453,0.2727272727272727,Champions,0.7946485460204435,train
13718,At Risk,United Kingdom,5.529166666666666,0.3333333333333333,14.416666666666666,9,0.0,49,0.0,Hibernating or Lost,0.5124673228441428,train
13719,Champions,United Kingdom,3.115019920318725,0.22709163346613545,6.370517928286852,194,0.10756972111553785,556,0.0,Champions,0.9746517878282736,train
13720,Loyal Customers,United Kingdom,3.17906976744186,0.5116279069767442,11.651162790697674,42,0.0,138,0.0,At Risk,0.8368435692463948,train
13721,Loyal Customers,United Kingdom,2.276904761904762,0.7142857142857143,12.19047619047619,41,0.0,358,0.0,Loyal Customers,0.8172136850955773,train
13722,Champions,United Kingdom,3.3255026455026453,0.5767195767195767,16.185185185185187,137,0.20634920634920634,514,0.09090909090909091,Champions,0.9871491542307161,train
13723,Loyal Customers,United Kingdom,3.3547457627118646,0.3559322033898305,10.661016949152541,51,0.0,394,0.0,Loyal Customers,0.870210746237306,train
13724,Hibernating or Lost,United Kingdom,2.1471428571428572,0.023809523809523808,3.0952380952380953,39,0.0,0,0.0,At Risk,0.622888518232414,test
13725,Champions,United Kingdom,4.336057692307692,0.2403846153846154,7.75,95,0.10576923076923077,258,0.2727272727272727,Loyal Customers,0.892988418677923,train
13726,Loyal Customers,United Kingdom,1.0761904761904761,0.8571428571428571,25.095238095238095,39,0.0,61,0.0,At Risk,0.7850858886768727,train
13727,Champions,United Kingdom,5.9122619047619045,0.10714285714285714,4.404761904761905,74,0.16666666666666666,701,0.1111111111111111,Champions,0.6081222136413248,train
13728,Champions,United Kingdom,4.976463414634146,0.32926829268292684,7.737804878048781,75,0.0,693,0.0,Champions,0.6298972710469025,train
13729,At Risk,United Kingdom,3.6030769230769235,0.41025641025641024,10.743589743589743,36,0.5128205128205128,248,0.4,Loyal Customers,0.9210557436456619,train
13730,At Risk,United Kingdom,3.238139534883721,0.5581395348837209,11.348837209302326,38,0.0,25,0.0,At Risk,0.8368435692463948,train
13731,At Risk,United Kingdom,4.2894736842105265,0.2894736842105263,7.315789473684211,36,0.0,27,0.0,At Risk,0.8607784496184314,train
13732,At Risk,United Kingdom,1.58,0.6666666666666666,15.090909090909092,33,0.0,0,0.0,At Risk,0.7850858886768727,train
13733,At Risk,United Kingdom,2.8179310344827586,0.41379310344827586,11.551724137931034,28,0.0,324,0.3333333333333333,Loyal Customers,0.9012952256697686,train
13734,Loyal Customers,United Kingdom,7.515357142857143,0.17857142857142858,10.821428571428571,24,0.0,94,0.3333333333333333,At Risk,0.846130613744137,test
13735,Champions,United Kingdom,3.387454268292683,0.17835365853658536,6.338414634146342,362,0.12652439024390244,701,0.4090909090909091,Champions,0.9800666513585105,train
13736,Champions,United Kingdom,2.5005924596050266,0.02154398563734291,2.786355475763016,325,0.7127468581687613,728,0.4166666666666667,Champions,0.9795888182470818,test
13737,At Risk,United Kingdom,3.848666666666667,0.1,4.166666666666667,29,0.0,0,0.0,At Risk,0.6790364749681377,test
13738,At Risk,United Kingdom,2.615217391304348,0.03260869565217391,2.608695652173913,88,0.0,0,0.0,At Risk,0.5782410539002637,train
13739,Loyal Customers,United Kingdom,4.416666666666667,0.5,12.666666666666666,6,0.0,509,0.0,Champions,0.5381876613699446,test
13740,Loyal Customers,United Kingdom,3.364315789473684,0.47368421052631576,10.43157894736842,83,0.0,496,0.0,Loyal Customers,0.8583389205544516,train
13741,Loyal Customers,United Kingdom,5.225588235294118,0.2647058823529412,6.411764705882353,34,0.0,145,0.25,At Risk,0.8657381856703236,train
13742,Champions,United Kingdom,4.103551401869159,0.08099688473520249,3.501557632398754,200,0.5825545171339563,303,0.14285714285714285,Champions,0.5409613870919555,train
13743,Champions,United Kingdom,1.1202439024390243,1.0,43.31707317073171,8,0.0,256,0.125,Loyal Customers,0.5664796629088443,train
13744,Loyal Customers,United Kingdom,1.7072222222222222,0.7777777777777778,17.34722222222222,54,0.7361111111111112,197,0.0,Loyal Customers,0.5707788490634499,train
13745,At Risk,United Kingdom,0.8919642857142858,0.9642857142857143,20.464285714285715,46,0.0,383,0.5,Loyal Customers,0.8597796442720461,train
13746,Hibernating or Lost,United Kingdom,3.4633333333333334,0.5555555555555556,9.222222222222221,9,0.0,0,0.0,At Risk,0.5888990040447544,test
13747,At Risk,United Kingdom,5.566666666666666,0.5,11.333333333333334,4,0.0,51,0.0,At Risk,0.5615387263657337,train
13748,Loyal Customers,United Kingdom,3.158813559322034,0.7457627118644068,18.779661016949152,40,0.0,642,0.0,Champions,0.5446525159049881,train
13750,Champions,United Kingdom,4.0636,0.4,18.266666666666666,51,0.2,563,0.15384615384615385,Champions,0.7737614747056438,train
13751,At Risk,United Kingdom,3.5300000000000002,0.2222222222222222,16.88888888888889,9,0.0,0,0.0,At Risk,0.5735462686717431,test
13752,Loyal Customers,United Kingdom,3.4687368421052636,0.3684210526315789,10.6,75,0.37894736842105264,403,0.0,Loyal Customers,0.8502768628697008,train
13753,Loyal Customers,United Kingdom,1.8841249999999998,0.7875,18.125,64,0.0,449,0.0,Loyal Customers,0.8704724511414116,test
13754,At Risk,United Kingdom,2.8047619047619046,0.6190476190476191,15.0,16,0.0,285,0.0,Loyal Customers,0.6625890821436974,train
13755,Champions,United Kingdom,3.0728947368421053,0.08187134502923976,3.695906432748538,232,0.0,59,0.1,Loyal Customers,0.3921816908164315,train
13756,Champions,United Kingdom,2.8261494252873565,0.46551724137931033,15.635057471264368,142,0.0,722,0.08,Champions,0.9862242843067787,train
13757,Hibernating or Lost,United Kingdom,3.47125,0.25,6.75,8,0.0,0,0.0,At Risk,0.5947845570931846,train
13758,Champions,United Kingdom,3.3658252427184463,0.5307443365695793,16.401294498381876,213,0.255663430420712,727,0.21052631578947367,Champions,0.9871491542307161,train
13759,Loyal Customers,United Kingdom,3.3627999999999996,0.48,11.48,24,0.04,37,0.0,At Risk,0.8368435692463948,train
13760,Loyal Customers,United Kingdom,2.701596638655462,0.17647058823529413,5.235294117647059,95,0.6554621848739496,539,0.16666666666666666,Champions,0.7254834447270126,train
13761,Loyal Customers,United Kingdom,2.8597540983606557,0.4098360655737705,8.844262295081966,118,0.3442622950819672,606,0.0,Champions,0.9820645778565467,train
13762,Loyal Customers,United Kingdom,1.2048571428571428,0.9714285714285714,74.51428571428572,23,0.5428571428571428,479,0.16666666666666666,Loyal Customers,0.909134874552218,train
13763,Loyal Customers,United Kingdom,2.4706,0.98,64.48,50,0.0,371,0.5,Loyal Customers,0.8023675291202824,test
13764,Champions,United Kingdom,2.5968351063829784,0.11436170212765957,5.582446808510638,295,0.26595744680851063,571,0.0,Champions,0.9740655364669074,test
13765,At Risk,United Kingdom,3.981235294117647,0.4117647058823529,17.470588235294116,17,0.0,0,0.0,Hibernating or Lost,0.5157906567635884,train
13766,Hibernating or Lost,United Kingdom,2.0741176470588236,0.17647058823529413,8.058823529411764,16,1.0,0,0.0,At Risk,0.5364968607421062,train
13767,Champions,United Kingdom,3.715245283018868,0.48930817610062893,19.163522012578618,117,0.1371069182389937,736,0.23958333333333334,Champions,0.9883755335020277,train
13768,At Risk,United Kingdom,3.4466666666666668,0.48484848484848486,11.303030303030303,30,0.3333333333333333,4,0.75,Loyal Customers,0.5123476888463216,train
13769,Champions,United Kingdom,3.4359298245614034,0.34385964912280703,9.031578947368422,121,0.0,721,0.3103448275862069,Champions,0.9800666513585105,train
13770,At Risk,United Kingdom,3.45125,0.22916666666666666,9.75,48,0.0,308,0.0,Loyal Customers,0.870210746237306,train
13771,Champions,United Kingdom,2.846990740740741,0.5925925925925926,14.537037037037036,182,0.0,588,0.1,Champions,0.984917761558242,test
13772,Champions,United Kingdom,2.9108,0.02434782608695652,2.5321739130434784,394,0.24521739130434783,620,0.1111111111111111,Champions,0.9740655364669074,train
13773,At Risk,United Kingdom,2.6378947368421053,0.42105263157894735,9.157894736842104,19,0.0,263,0.0,Loyal Customers,0.8660639436363557,train
13774,At Risk,United Kingdom,3.290909090909091,0.36363636363636365,8.727272727272727,22,0.0,0,0.0,At Risk,0.8596366604048866,train
13775,At Risk,United Kingdom,3.125079365079365,0.23809523809523808,7.222222222222222,63,0.0,0,0.0,At Risk,0.6070465126912832,train
13776,At Risk,United Kingdom,311.99,0.0,1.0,1,0.0,0,0.75,Hibernating or Lost,0.5072537080810667,train
13777,Champions,United Kingdom,2.2554987212276214,0.9309462915601023,68.39386189258312,44,0.0792838874680307,737,0.1643835616438356,Loyal Customers,0.5329303934415414,train
13778,Loyal Customers,United Kingdom,3.8563636363636364,0.36363636363636365,11.613636363636363,33,0.7045454545454546,462,0.2,Loyal Customers,0.920207770356721,train
13779,Hibernating or Lost,United Kingdom,4.027777777777778,0.037037037037037035,1.962962962962963,27,0.0,0,0.0,At Risk,0.6790364749681377,train
13780,Loyal Customers,United Kingdom,2.543,0.07,4.81,90,0.0,399,0.0,Loyal Customers,0.892106178311767,train
13781,At Risk,United Kingdom,3.8387719298245613,0.14035087719298245,5.2631578947368425,56,0.2982456140350877,470,0.25,Loyal Customers,0.8701663934460564,train
13782,Champions,United Kingdom,3.7419262295081968,0.05737704918032787,2.6598360655737703,187,0.9631147540983607,720,0.07142857142857142,Champions,0.9721425832198033,test
13783,Loyal Customers,United Kingdom,0.5589999999999999,1.0,343.7,4,0.0,185,0.0,Hibernating or Lost,0.6625839037072621,test
13784,Champions,United Kingdom,3.1525581395348836,0.813953488372093,65.74418604651163,13,0.046511627906976744,440,0.06666666666666667,Loyal Customers,0.6423924882473523,train
13785,At Risk,United Kingdom,5.6306666666666665,0.1,5.033333333333333,26,0.16666666666666666,31,0.0,At Risk,0.699121992610056,train
13786,Loyal Customers,United Kingdom,2.547177419354839,0.5725806451612904,13.32258064516129,80,0.5645161290322581,368,0.25,Loyal Customers,0.8078439907422824,train
13787,Loyal Customers,United Kingdom,2.947441860465116,0.45348837209302323,11.604651162790697,71,0.27906976744186046,619,0.3333333333333333,Champions,0.8354834872927449,train
13788,Hibernating or Lost,United Kingdom,3.75,0.0,1.0,1,0.0,0,0.0,Hibernating or Lost,0.7305408822328047,train
13789,Hibernating or Lost,United Kingdom,1.0355555555555556,0.8333333333333334,14.333333333333334,18,0.0,0,0.0,Hibernating or Lost,0.6625839037072621,train
13790,Loyal Customers,United Kingdom,0.7717777777777777,0.8444444444444444,16.622222222222224,45,0.0,0,0.0,At Risk,0.6502418834660041,train
13791,Loyal Customers,United Kingdom,1.2463636363636363,1.0,109.0909090909091,7,0.0,40,0.3333333333333333,At Risk,0.6450182397136387,train
13792,Loyal Customers,United Kingdom,4.067391304347826,0.30434782608695654,6.782608695652174,23,0.0,356,0.0,Loyal Customers,0.7940006714673897,train
13793,Hibernating or Lost,United Kingdom,1.9357142857142857,0.14285714285714285,7.428571428571429,7,0.0,0,0.0,Hibernating or Lost,0.5589618482557781,train
13794,Hibernating or Lost,United Kingdom,3.6655555555555557,0.3333333333333333,7.0,9,0.0,0,0.0,At Risk,0.5947845570931846,train
13795,At Risk,United Kingdom,1.8262068965517242,0.8275862068965517,43.10344827586207,23,0.3103448275862069,249,0.0,Loyal Customers,0.909134874552218,test
13796,Hibernating or Lost,United Kingdom,2.2977272727272724,0.4090909090909091,9.909090909090908,22,0.0,0,0.0,At Risk,0.8021283796886285,train
13797,At Risk,United Kingdom,3.7025641025641027,0.3974358974358974,7.346153846153846,71,0.0,210,0.25,Loyal Customers,0.5648063316687558,train
13798,Champions,United Kingdom,2.2962603878116346,0.8656509695290858,66.96260387811634,168,0.26177285318559557,729,0.12,Champions,0.9869159201401321,train
13799,Champions,United Kingdom,2.5949056603773584,0.6509433962264151,14.518867924528301,64,0.04716981132075472,527,0.3076923076923077,Champions,0.8358912364500819,train
13800,Loyal Customers,United Kingdom,2.672876712328767,0.5616438356164384,12.205479452054794,73,0.0,427,0.0,Loyal Customers,0.8514693798878483,train
13801,At Risk,United Kingdom,3.9543478260869565,0.30434782608695654,7.304347826086956,23,0.0,0,0.0,At Risk,0.8607784496184314,train
13802,Champions,United Kingdom,2.885066964285714,0.6294642857142857,31.537946428571427,212,0.18080357142857142,523,0.20833333333333334,Champions,0.9869159201401321,train
13803,Loyal Customers,United Kingdom,2.7432051282051284,0.46153846153846156,10.653846153846153,73,0.0,363,0.25,Loyal Customers,0.8255364234234961,train
13804,Champions,United Kingdom,2.9862721893491124,0.514792899408284,10.846153846153847,149,0.0650887573964497,406,0.0,Champions,0.7078234355232489,train
13805,Loyal Customers,United Kingdom,0.5930769230769231,1.0,146.15384615384616,10,0.0,76,0.0,Hibernating or Lost,0.6625839037072621,test
13806,At Risk,United Kingdom,5.233,0.2,5.6,10,0.0,0,0.0,Hibernating or Lost,0.643709969611338,test
13807,At Risk,United Kingdom,6.5875,0.1875,4.75,24,0.0,368,0.25,Loyal Customers,0.8714217746165273,train
13808,Champions,United Kingdom,3.7531578947368422,0.5131578947368421,10.289473684210526,70,0.5263157894736842,91,0.0,Loyal Customers,0.7119358352075399,train
13809,At Risk,Other,5.9879999999999995,0.12,11.24,23,0.36,155,0.0,At Risk,0.8113405535987726,train
13810,Loyal Customers,Germany,21.278000000000002,0.5142857142857142,8.914285714285715,32,0.0,27,0.25,At Risk,0.7685031995453703,train
13811,At Risk,Germany,26.25,0.0,5.230769230769231,7,0.0,55,0.25,At Risk,0.7471313363496014,train
13812,Loyal Customers,Germany,3.586111111111111,0.3611111111111111,9.25,33,0.0,63,0.0,At Risk,0.8312287474131173,train
13813,Champions,Germany,4.052517482517483,0.2937062937062937,9.034965034965035,84,0.1958041958041958,694,0.3333333333333333,Champions,0.6951424461565541,train
13814,Loyal Customers,Germany,3.1218987341772153,0.6962025316455697,15.367088607594937,56,0.0,434,0.4,Loyal Customers,0.8305369766486713,train
13815,Champions,Germany,2.7044101123595503,0.47752808988764045,15.115168539325843,203,0.0,643,0.2,Champions,0.9847474807712306,train
13816,Loyal Customers,Germany,4.742142857142857,0.4642857142857143,9.607142857142858,25,0.0,40,0.5,At Risk,0.727412101022331,train
13817,Loyal Customers,Germany,3.219583333333333,0.3333333333333333,8.791666666666666,20,0.0,322,0.0,Loyal Customers,0.9011080536866859,train
13818,Hibernating or Lost,United Kingdom,1.3439999999999999,0.4,12.0,5,0.0,0,0.0,At Risk,0.4967706698319442,train
13819,Loyal Customers,United Kingdom,2.096930693069307,0.5643564356435643,22.861386138613863,47,0.0,436,0.14285714285714285,Loyal Customers,0.8675653219986909,train
13820,At Risk,United Kingdom,2.8554444444444447,0.011111111111111112,3.188888888888889,68,0.5444444444444444,262,0.4,Loyal Customers,0.877263076698941,test
13821,Loyal Customers,United Kingdom,3.5632057416267946,0.0,2.311004784688995,158,0.0,559,0.14285714285714285,Champions,0.9679373006859754,train
13822,Loyal Customers,United Kingdom,1.7905208333333331,0.15625,6.364583333333333,90,1.0,34,0.0,Loyal Customers,0.5633237638321114,train
13823,Champions,United Kingdom,4.701165644171779,0.4171779141104294,9.595092024539877,108,0.0,705,0.125,Champions,0.9744760886192599,train
13824,Champions,United Kingdom,2.8638,0.45,14.42,59,0.05,604,0.14285714285714285,Champions,0.813553925890134,test
13825,At Risk,United Kingdom,2.7575,0.1,4.55,38,0.45,108,0.0,At Risk,0.6311892606008653,train
13826,At Risk,United Kingdom,5.7299999999999995,0.2,8.2,10,0.0,0,0.5,At Risk,0.7763403132456486,train
13827,Loyal Customers,United Kingdom,3.7441935483870967,0.010752688172043012,1.5161290322580645,83,0.0,85,0.0,At Risk,0.6313688337125513,test
13828,At Risk,United Kingdom,1.9046666666666667,0.4,20.733333333333334,15,0.0,0,0.0,Hibernating or Lost,0.5817565378872296,train
13829,Hibernating or Lost,United Kingdom,8.5,1.0,12.0,1,0.0,0,0.5,At Risk,0.7619601006625075,train
13830,Hibernating or Lost,United Kingdom,7.177272727272728,0.18181818181818182,4.2727272727272725,11,0.0,0,0.5,At Risk,0.6665546487152877,train
13831,Champions,United Kingdom,4.492406417112299,0.28342245989304815,13.67379679144385,121,0.19786096256684493,713,0.1,Champions,0.974696326014535,train
13832,Loyal Customers,United Kingdom,2.6050877192982456,0.22807017543859648,7.4035087719298245,54,0.05263157894736842,403,0.3333333333333333,Loyal Customers,0.8618303506271418,train
13833,At Risk,United Kingdom,4.607555555555556,0.15555555555555556,5.4222222222222225,43,1.0,244,0.0,Loyal Customers,0.9135580453111495,test
13834,At Risk,United Kingdom,5.724375,0.125,13.8125,15,0.0,92,0.3333333333333333,At Risk,0.6825794054010865,train
13835,Champions,United Kingdom,3.7553521126760563,0.29577464788732394,7.323943661971831,60,0.29577464788732394,620,0.125,Champions,0.7305682095249739,train
13836,At Risk,United Kingdom,4.034193548387097,0.41935483870967744,8.806451612903226,29,0.0,15,0.3333333333333333,At Risk,0.8477102616006096,train
13837,At Risk,United Kingdom,2.1978947368421053,0.3157894736842105,9.631578947368421,17,0.0,105,0.0,At Risk,0.502078794807007,test
13838,Champions,United Kingdom,3.1240466101694913,0.019067796610169493,1.6822033898305084,328,1.0,573,0.0,Champions,0.9721425832198033,train
13839,Hibernating or Lost,United Kingdom,5.635714285714286,0.0,3.5714285714285716,7,0.0,0,0.0,Hibernating or Lost,0.8053437570891684,train
13840,At Risk,United Kingdom,2.8745000000000003,0.3,8.95,40,0.0,0,0.0,At Risk,0.8208232558852596,train
13841,At Risk,United Kingdom,0.85,1.0,100.0,1,0.0,0,0.0,Hibernating or Lost,0.6625839037072621,train
13842,Champions,United Kingdom,4.139183098591549,0.39436619718309857,8.109859154929577,214,0.059154929577464786,602,0.05263157894736842,Champions,0.9697973294441601,train
13843,Hibernating or Lost,United Kingdom,3.9166666666666665,0.5,8.055555555555555,18,0.0,0,0.0,Hibernating or Lost,0.4959737363081736,test
13844,Loyal Customers,United Kingdom,2.4605,0.5,9.8,20,0.0,0,0.0,At Risk,0.8021283796886285,train
13845,At Risk,United Kingdom,1.9544444444444444,0.8888888888888888,20.22222222222222,9,0.0,0,0.0,Hibernating or Lost,0.6625839037072621,test
13846,Champions,United Kingdom,3.1560493827160494,0.4074074074074074,8.703703703703704,81,0.0,375,0.2,Loyal Customers,0.8729612708501394,train
13847,Hibernating or Lost,United Kingdom,5.931052631578948,0.15789473684210525,5.052631578947368,19,1.0,0,0.0,At Risk,0.7531072186457669,train
13848,Champions,United Kingdom,0.3845454545454546,1.0,927.2727272727273,3,0.09090909090909091,637,0.0,Champions,0.5440678580703685,train
13849,Champions,United Kingdom,3.655363636363636,0.37727272727272726,8.559090909090909,189,0.13636363636363635,572,0.16666666666666666,Champions,0.9777998272405093,test
13850,At Risk,United Kingdom,2.4186021505376343,0.3763440860215054,10.150537634408602,93,0.0,0,0.5,Loyal Customers,0.629030051403094,train
13851,Champions,United Kingdom,2.665357142857143,0.5928571428571429,18.035714285714285,111,0.0,584,0.1111111111111111,Champions,0.984917761558242,test
13852,Hibernating or Lost,United Kingdom,3.7409090909090907,0.36363636363636365,7.7272727272727275,11,0.0,0,0.5,At Risk,0.8154363279823286,train
13853,Loyal Customers,United Kingdom,4.546086956521739,0.6956521739130435,13.565217391304348,23,0.0,0,0.5,At Risk,0.8484977141120719,train
13854,Champions,United Kingdom,4.376574585635359,0.712707182320442,20.497237569060772,61,0.08287292817679558,691,0.13333333333333333,Champions,0.7287753732365004,train
13855,Loyal Customers,United Kingdom,3.1505479452054796,0.2602739726027397,7.876712328767123,64,0.0,230,0.2,Loyal Customers,0.8823249656131642,train
13856,Loyal Customers,United Kingdom,3.580925925925926,0.42592592592592593,20.462962962962962,33,0.1111111111111111,450,0.26666666666666666,Loyal Customers,0.8845827867305939,train
13857,Loyal Customers,United Kingdom,2.147578125,0.203125,6.109375,99,0.2109375,177,0.14285714285714285,Loyal Customers,0.5633237638321114,test
13858,At Risk,United Kingdom,4.335454545454545,0.36363636363636365,6.818181818181818,11,0.0,0,0.0,At Risk,0.4984835712030462,train
13859,At Risk,United Kingdom,4.354444444444444,0.05555555555555555,4.638888888888889,34,0.0,203,0.0,At Risk,0.6790364749681377,test
13860,Champions,United Kingdom,3.514605263157895,0.2631578947368421,7.776315789473684,58,0.0,85,0.16666666666666666,At Risk,0.6070465126912832,train
13861,At Risk,United Kingdom,2.770952380952381,0.5714285714285714,10.714285714285714,21,0.47619047619047616,101,0.3333333333333333,Loyal Customers,0.5407655782814726,train
13862,Champions,United Kingdom,1.7403749999999998,0.60625,12.04375,113,0.125,371,0.18181818181818182,Champions,0.5950779169790685,train
13863,Loyal Customers,United Kingdom,4.389571428571428,0.2571428571428571,7.9,59,0.2571428571428571,345,0.3333333333333333,Loyal Customers,0.8909098317487241,test
13864,At Risk,United Kingdom,3.45,1.0,192.0,1,0.0,0,0.0,Hibernating or Lost,0.49531214555001774,test
13865,Loyal Customers,United Kingdom,3.902333333333333,0.26666666666666666,6.8,26,0.0,231,0.0,Loyal Customers,0.7940006714673897,train
13866,At Risk,United Kingdom,3.375714285714286,0.42857142857142855,8.142857142857142,7,0.0,0,0.0,At Risk,0.5888990040447544,train
13867,Loyal Customers,United Kingdom,3.9440983606557376,0.4262295081967213,8.40983606557377,51,0.0,186,0.0,At Risk,0.664130641289642,train
13868,Champions,United Kingdom,1.8542424242424242,0.6060606060606061,59.515151515151516,32,0.0,31,0.0,At Risk,0.7850858886768727,train
13869,Champions,United Kingdom,2.987453488372093,0.10232558139534884,5.067441860465117,502,0.3767441860465116,567,0.0,Champions,0.9721425832198033,train
13870,Champions,United Kingdom,2.4407053941908714,0.6348547717842323,14.311203319502075,159,0.0954356846473029,667,0.16666666666666666,Champions,0.984917761558242,train
13871,Champions,United Kingdom,3.691791044776119,0.3034825870646766,8.711442786069652,183,0.10696517412935323,696,0.19047619047619047,Champions,0.9746517878282736,train
13872,At Risk,United Kingdom,4.236666666666667,0.19298245614035087,5.947368421052632,51,0.0,198,0.5,At Risk,0.5447313685685866,train
13873,Loyal Customers,United Kingdom,4.6055,0.26666666666666666,7.866666666666666,55,0.3333333333333333,526,0.1111111111111111,Champions,0.6640751011780958,train
13874,Loyal Customers,United Kingdom,3.7728985507246375,0.4492753623188406,12.521739130434783,46,0.0,314,0.3,Loyal Customers,0.834887252573607,train
13875,Champions,United Kingdom,3.3492962962962967,0.44074074074074077,11.377777777777778,159,0.0962962962962963,668,0.0,Champions,0.981259281452183,train
13876,At Risk,United Kingdom,5.114285714285714,0.14285714285714285,5.142857142857143,7,0.0,0,0.0,Hibernating or Lost,0.643709969611338,train
13877,Loyal Customers,United Kingdom,2.4439130434782608,0.6956521739130435,20.782608695652176,23,0.0,603,0.4,Champions,0.6262741487990494,train
13878,Champions,United Kingdom,4.4264485981308415,0.2803738317757009,8.962616822429906,93,0.3364485981308411,549,0.0,Champions,0.6640751011780958,train
13879,At Risk,United Kingdom,3.2724,0.24,8.16,25,0.0,0,0.0,At Risk,0.8596366604048866,train
13880,Champions,United Kingdom,2.530131004366812,0.6069868995633187,11.305676855895197,148,0.06986899563318777,540,0.0,Champions,0.9809190454734944,train
13881,Champions,United Kingdom,2.7852516411378554,0.8358862144420132,65.12035010940919,182,0.0,641,0.1568627450980392,Champions,0.984917761558242,train
13882,Champions,United Kingdom,3.381846153846154,0.6,14.661538461538461,54,0.0,61,0.16666666666666666,At Risk,0.5742561967070892,train
13883,Champions,United Kingdom,3.2068354430379746,0.43670886075949367,11.341772151898734,200,0.2088607594936709,720,0.4230769230769231,Champions,0.9872210678299232,train
13884,Champions,United Kingdom,3.435631578947368,0.11578947368421053,4.1947368421052635,108,0.45789473684210524,462,0.2857142857142857,Champions,0.6742229691889624,train
13885,At Risk,United Kingdom,3.960714285714286,0.21428571428571427,6.5,28,0.0,11,0.0,At Risk,0.8607784496184314,train
13886,At Risk,United Kingdom,3.805,0.5,7.875,16,0.0,0,0.0,At Risk,0.5888990040447544,train
13887,At Risk,United Kingdom,3.8542105263157898,0.3157894736842105,7.7368421052631575,19,0.0,0,0.0,At Risk,0.8607784496184314,train
13888,Loyal Customers,United Kingdom,4.044184782608696,0.16304347826086957,4.907608695652174,124,0.32065217391304346,455,0.0,Champions,0.5762021985420058,train
13889,Loyal Customers,United Kingdom,2.927951807228916,0.4939759036144578,11.795180722891565,57,0.0,593,0.25,Champions,0.8146951866859856,train
13890,Champions,United Kingdom,3.236300578034682,0.3930635838150289,8.046242774566474,100,0.07514450867052024,732,0.36363636363636365,Champions,0.7745358619944057,train
13891,At Risk,United Kingdom,2.5675,0.14,4.79,97,0.0,203,0.0,At Risk,0.5708271197161457,train
13892,Loyal Customers,United Kingdom,0.9688888888888889,0.8888888888888888,86.80555555555556,33,0.027777777777777776,549,0.0,Loyal Customers,0.5329303934415414,train
13893,At Risk,United Kingdom,6.199999999999999,0.19047619047619047,9.047619047619047,21,0.0,0,0.0,At Risk,0.8607784496184314,train
13894,Loyal Customers,United Kingdom,2.6707407407407406,0.48148148148148145,13.11111111111111,25,0.0,286,0.4,Loyal Customers,0.9012952256697686,train
13895,Champions,United Kingdom,3.813333333333333,0.478494623655914,11.075268817204302,154,0.0,708,0.25,Champions,0.9852790493222477,train
13896,At Risk,United Kingdom,3.2452380952380957,0.09523809523809523,7.095238095238095,21,0.0,0,0.0,At Risk,0.8143841720636293,test
13897,Loyal Customers,United Kingdom,2.2340677966101694,0.6440677966101694,13.898305084745763,58,0.3898305084745763,627,0.0,Champions,0.6921937120369541,train
13898,At Risk,United Kingdom,2.03,0.6956521739130435,11.826086956521738,43,0.7391304347826086,85,0.0,At Risk,0.7355503591633592,train
13899,Loyal Customers,United Kingdom,3.0310526315789477,0.3157894736842105,8.210526315789474,19,0.0,258,0.0,Loyal Customers,0.8446380762770813,train
13900,Loyal Customers,United Kingdom,2.912,0.4421052631578947,9.873684210526315,80,0.0,441,0.14285714285714285,Loyal Customers,0.8514693798878483,test
13901,Champions,United Kingdom,3.7046129032258066,0.4806451612903226,10.787096774193548,280,0.0,631,0.25,Champions,0.9852790493222477,test
13902,Loyal Customers,Other,0.826984126984127,0.9682539682539683,3501.5873015873017,58,0.0,92,0.375,At Risk,0.5495316637026321,train
13903,Hibernating or Lost,United Kingdom,3.18,0.3,10.3,10,0.0,0,0.0,At Risk,0.6554986189036304,train
13904,At Risk,United Kingdom,1.323846153846154,0.7307692307692307,12.76923076923077,24,0.0,257,0.0,Loyal Customers,0.8172136850955773,train
13905,Hibernating or Lost,United Kingdom,4.833333333333333,0.4166666666666667,11.25,12,0.0,0,0.6666666666666666,At Risk,0.8012170964235474,train
13906,Hibernating or Lost,United Kingdom,0.42,1.0,100.0,1,0.0,0,0.0,Hibernating or Lost,0.6625839037072621,train
13907,Hibernating or Lost,United Kingdom,2.1125,1.0,17.0,4,1.0,0,0.0,Hibernating or Lost,0.5338464198620827,train
13908,Champions,United Kingdom,2.867540983606557,0.45081967213114754,12.114754098360656,104,0.0,196,0.2,Champions,0.4970346174176846,train
13909,At Risk,United Kingdom,3.5058974358974355,0.20512820512820512,7.743589743589744,35,0.0,98,0.0,At Risk,0.8596366604048866,train
13911,Champions,United Kingdom,2.2723949579831935,0.5672268907563025,18.852941176470587,178,0.15126050420168066,590,0.09090909090909091,Champions,0.9779790862569014,train
13912,Hibernating or Lost,United Kingdom,4.95,0.0,4.142857142857143,7,0.0,0,0.0,Hibernating or Lost,0.8053437570891684,test
13913,Hibernating or Lost,United Kingdom,10.13,0.0,3.3333333333333335,3,0.0,0,0.0,Hibernating or Lost,0.8053437570891684,train
13914,Loyal Customers,United Kingdom,2.5521212121212122,0.5151515151515151,11.515151515151516,28,0.0,24,0.3333333333333333,At Risk,0.7294524478311958,train
13915,Hibernating or Lost,United Kingdom,2.95,0.5,12.0,2,0.0,0,0.5,At Risk,0.7633919045519497,train
13916,Loyal Customers,United Kingdom,5.166486486486487,0.4189189189189189,9.094594594594595,72,0.0,211,0.2,Loyal Customers,0.8901433037565497,train
13917,At Risk,United Kingdom,2.022222222222222,0.7222222222222222,12.666666666666666,16,0.0,141,0.0,Hibernating or Lost,0.5750626267462317,test
13918,Loyal Customers,United Kingdom,2.1853333333333333,0.8333333333333334,38.0,30,0.0,203,0.0,At Risk,0.7850858886768727,train
13919,Loyal Customers,Other,2.8954545454545455,0.6493506493506493,14.714285714285714,65,0.0,481,0.2,Loyal Customers,0.8302126187014099,train
13920,Loyal Customers,United Kingdom,2.55453488372093,0.6162790697674418,20.6046511627907,81,0.0,130,0.2,At Risk,0.5346079062853114,train
13921,At Risk,United Kingdom,5.389772727272727,0.11363636363636363,4.7727272727272725,36,0.0,319,0.2,Loyal Customers,0.7492841312829094,train
13922,At Risk,United Kingdom,3.0589999999999997,0.5333333333333333,15.566666666666666,30,0.43333333333333335,115,0.4,Loyal Customers,0.49394306980202296,train
13923,At Risk,United Kingdom,2.9745,0.7,9.25,20,0.0,0,0.0,At Risk,0.843914413874281,train
13924,Champions,United Kingdom,2.6076068376068373,0.49572649572649574,13.461538461538462,90,0.0,70,0.45454545454545453,Loyal Customers,0.629030051403094,train
13925,Loyal Customers,United Kingdom,5.914390243902439,0.2926829268292683,8.073170731707316,28,0.0,42,0.3333333333333333,At Risk,0.8657381856703236,train
13926,At Risk,United Kingdom,6.533636363636364,0.45454545454545453,9.454545454545455,11,0.0,0,0.0,Hibernating or Lost,0.4959737363081736,test
13927,Loyal Customers,United Kingdom,2.6780487804878046,0.43902439024390244,11.292682926829269,37,0.0,362,0.3333333333333333,Loyal Customers,0.9012952256697686,train
13928,Loyal Customers,United Kingdom,5.767407407407408,0.18518518518518517,4.777777777777778,23,0.0,122,0.0,At Risk,0.8033995112237373,train
13929,Champions,United Kingdom,3.612280701754386,0.7894736842105263,27.473684210526315,38,0.0,525,0.21428571428571427,Champions,0.5446525159049881,train
13930,At Risk,United Kingdom,1.6405882352941177,0.7647058823529411,16.11764705882353,15,0.0,78,0.0,Hibernating or Lost,0.6625839037072621,train
13931,Champions,United Kingdom,2.376531365313653,0.4280442804428044,12.870848708487085,205,0.0,640,0.08333333333333333,Champions,0.9825654733277243,train
13932,At Risk,United Kingdom,6.103125,0.125,4.5,16,0.0,0,0.0,Hibernating or Lost,0.8053437570891684,train
13933,At Risk,United Kingdom,3.460434782608696,0.4782608695652174,8.91304347826087,23,0.0,39,0.0,At Risk,0.8456920669792868,train
13934,At Risk,United Kingdom,3.1870967741935483,0.6774193548387096,12.580645161290322,31,0.0,0,0.0,At Risk,0.8444445681876142,train
13935,Loyal Customers,United Kingdom,3.93925,0.7375,28.15,67,0.0,55,0.0,At Risk,0.6655637235353196,train
13936,Loyal Customers,United Kingdom,2.2974576271186438,0.6610169491525424,11.203389830508474,56,0.0,234,0.25,Loyal Customers,0.8366284506349865,train
13937,At Risk,United Kingdom,2.4622222222222225,0.5370370370370371,10.87037037037037,54,0.0,233,0.3333333333333333,Loyal Customers,0.8255364234234961,train
13938,At Risk,United Kingdom,1.012857142857143,0.2857142857142857,10.0,7,0.0,0,0.0,At Risk,0.502078794807007,train
13939,Champions,United Kingdom,1.7882727272727272,0.6636363636363637,14.618181818181819,91,0.0,589,0.3,Champions,0.7594687145263168,train
13940,Loyal Customers,United Kingdom,3.121428571428571,0.5102040816326531,10.53061224489796,39,0.0,126,0.0,At Risk,0.8368435692463948,train
13941,Champions,United Kingdom,3.268857142857143,0.8761904761904762,51.67619047619048,42,0.23809523809523808,701,0.11764705882352941,Champions,0.5855976598596897,train
13942,Hibernating or Lost,United Kingdom,0.32,1.0,1000.0,1,0.0,0,0.0,Hibernating or Lost,0.6625839037072621,train
13943,Hibernating or Lost,United Kingdom,4.405333333333333,0.2,6.266666666666667,15,0.0,0,0.0,At Risk,0.4984835712030462,train
13944,Hibernating or Lost,United Kingdom,1.8194285714285714,0.02857142857142857,4.371428571428571,35,0.0,0,0.0,At Risk,0.622888518232414,train
13945,At Risk,United Kingdom,3.369607843137255,0.45098039215686275,8.098039215686274,49,0.0,85,0.0,At Risk,0.5661490446217736,train
13946,Loyal Customers,United Kingdom,1.9380357142857143,0.44642857142857145,50.839285714285715,49,0.3392857142857143,656,0.14285714285714285,Champions,0.7579858190138364,test
13947,At Risk,United Kingdom,2.93,0.6,8.8,5,0.0,0,0.0,Hibernating or Lost,0.5953587357670068,train
13948,Loyal Customers,United Kingdom,3.518333333333333,0.4583333333333333,10.333333333333334,23,0.3333333333333333,374,0.2,Loyal Customers,0.9224450613117298,train
13949,Champions,United Kingdom,1.456625,0.70625,15.4625,124,0.1125,91,0.0,Loyal Customers,0.35606353707572336,train
13950,Loyal Customers,United Kingdom,4.589714285714285,0.42857142857142855,9.228571428571428,33,0.0,235,0.2,Loyal Customers,0.8148298790975255,train
13951,At Risk,United Kingdom,3.4892307692307694,0.41025641025641024,11.76923076923077,38,0.5128205128205128,118,0.0,At Risk,0.6382670476633457,train
13952,Champions,United Kingdom,3.733963325183374,0.5012224938875306,14.54034229828851,238,0.08312958435207823,505,0.17647058823529413,Champions,0.98518792681502,test
13953,Champions,United Kingdom,2.0844,0.72,208.96,8,0.0,721,0.0,Champions,0.5440678580703685,test
13954,Loyal Customers,United Kingdom,5.4508,0.24,6.0,24,0.0,69,0.3333333333333333,At Risk,0.8657381856703236,train
13955,At Risk,United Kingdom,2.9443678160919537,0.09195402298850575,3.1494252873563218,82,0.0,220,0.0,Loyal Customers,0.892106178311767,test
13956,Champions,United Kingdom,3.4226973684210527,0.05921052631578947,3.2302631578947367,123,1.0,266,0.0,Champions,0.6179814692796378,train
13957,At Risk,United Kingdom,5.2407407407407405,0.25925925925925924,5.814814814814815,21,0.3333333333333333,240,0.0,Loyal Customers,0.9144185077397005,train
13958,Loyal Customers,United Kingdom,4.151277533039647,0.3788546255506608,9.973568281938325,172,0.21585903083700442,354,0.3333333333333333,Champions,0.723500162087518,test
13959,Loyal Customers,United Kingdom,2.393312883435583,0.07975460122699386,4.294478527607362,120,0.09815950920245399,431,0.0,Champions,0.5998457545140751,train
13960,Loyal Customers,United Kingdom,2.105,0.5833333333333334,11.833333333333334,11,0.0,50,0.0,Hibernating or Lost,0.5750626267462317,train
13961,At Risk,United Kingdom,3.2605263157894733,0.631578947368421,11.894736842105264,19,0.0,0,0.5,At Risk,0.7944880376073643,train
13962,Loyal Customers,United Kingdom,5.915652173913044,0.21739130434782608,6.956521739130435,23,0.0,413,0.0,Loyal Customers,0.7940006714673897,train
13963,Champions,United Kingdom,3.5500000000000003,0.37790697674418605,11.982558139534884,129,0.09302325581395349,288,0.05555555555555555,Champions,0.7078234355232489,train
13964,At Risk,United Kingdom,2.8825000000000003,0.5,9.5,22,0.0,43,0.3333333333333333,At Risk,0.7656913129644451,train
13965,At Risk,United Kingdom,3.52125,0.75,17.708333333333332,23,0.0,226,0.4,Loyal Customers,0.8793773074628685,train
13966,At Risk,United Kingdom,1.5531818181818182,0.6818181818181818,35.09090909090909,21,0.0,0,0.0,At Risk,0.7850858886768727,train
13967,At Risk,United Kingdom,4.683333333333333,0.3333333333333333,11.0,4,0.3333333333333333,250,0.0,Loyal Customers,0.8112653739164126,test
13968,Hibernating or Lost,United Kingdom,1.00125,0.875,21.75,8,0.0,0,0.0,Hibernating or Lost,0.6625839037072621,test
13969,Champions,United Kingdom,2.701464737793852,0.09855334538878843,6.163652802893309,472,0.0,617,0.10256410256410256,Champions,0.9728947055945288,train
13970,At Risk,United Kingdom,3.256153846153846,0.5384615384615384,36.07692307692308,10,0.0,51,0.0,At Risk,0.5673859894319551,test
13971,Champions,United Kingdom,2.3678823529411765,0.4823529411764706,12.094117647058823,184,0.06274509803921569,664,0.2222222222222222,Champions,0.9863078406293203,test
13972,At Risk,United Kingdom,2.546,0.4,12.466666666666667,15,0.6,131,0.0,At Risk,0.594697225057052,test
13973,At Risk,United Kingdom,3.7563636363636363,0.36363636363636365,9.909090909090908,11,0.0,0,0.0,At Risk,0.6554986189036304,train
13974,Loyal Customers,United Kingdom,2.6895348837209303,0.37209302325581395,8.279069767441861,43,0.0,532,0.5,Champions,0.5490857562942686,train
13975,Champions,United Kingdom,2.0037367021276595,0.10372340425531915,5.2313829787234045,434,0.014627659574468085,644,0.14285714285714285,Champions,0.9527062675286382,test
13976,Loyal Customers,United Kingdom,4.6571428571428575,0.32142857142857145,8.071428571428571,49,0.0,461,0.0,Loyal Customers,0.8946968414577486,train
13977,At Risk,United Kingdom,2.512307692307692,0.7692307692307693,23.307692307692307,13,1.0,0,0.0,Hibernating or Lost,0.47160462427924404,train
13978,Loyal Customers,United Kingdom,1.2106666666666668,0.6,21.0,14,0.0,30,0.0,Hibernating or Lost,0.6625839037072621,train
13979,Champions,United Kingdom,2.5536206896551725,0.1921182266009852,5.655172413793103,356,0.3497536945812808,663,0.36363636363636365,Champions,0.9838941817548533,train
13980,Loyal Customers,United Kingdom,3.630923076923077,0.2153846153846154,7.338461538461538,57,0.7538461538461538,595,0.4444444444444444,Champions,0.7761128375786557,test
13981,Hibernating or Lost,United Kingdom,3.3954545454545455,0.36363636363636365,10.636363636363637,22,0.0,0,0.5,At Risk,0.7865132143523109,train
13982,Champions,United Kingdom,2.278695652173913,0.3794466403162055,10.814229249011857,123,0.0,649,0.3076923076923077,Champions,0.9781224605723451,train
13983,Champions,United Kingdom,3.5592961876832847,0.40762463343108507,12.190615835777127,238,0.017595307917888565,700,0.3,Champions,0.9852790493222477,train
13984,Champions,United Kingdom,1.972258064516129,0.3655913978494624,15.279569892473118,53,0.24731182795698925,706,0.07692307692307693,Champions,0.7322018972281699,train
13985,Champions,United Kingdom,2.482604166666667,0.3229166666666667,10.283333333333333,149,0.041666666666666664,664,0.08333333333333333,Champions,0.9800812196187014,train
13986,At Risk,United Kingdom,1.8615384615384616,0.6153846153846154,33.07692307692308,12,0.0,0,0.0,Hibernating or Lost,0.6625839037072621,train
13987,At Risk,United Kingdom,1.9202173913043479,0.34782608695652173,10.695652173913043,46,0.0,21,0.0,At Risk,0.6465775964661576,train
13988,Champions,United Kingdom,2.9868474576271185,0.4576271186440678,11.474576271186441,218,0.23728813559322035,605,0.2727272727272727,Champions,0.9872210678299232,train
13989,Loyal Customers,United Kingdom,1.8384883720930232,0.7674418604651163,25.662790697674417,61,0.0,497,0.0,Loyal Customers,0.8704724511414116,test
13990,At Risk,United Kingdom,2.66,0.4375,11.875,16,0.0,0,0.0,At Risk,0.5378948354889166,train
13991,Loyal Customers,United Kingdom,1.4925000000000002,0.3333333333333333,11.880952380952381,58,0.7142857142857143,131,0.14285714285714285,Loyal Customers,0.6132085735339724,test
13992,At Risk,United Kingdom,1.95,0.6363636363636364,14.0,10,0.0,432,0.0,Loyal Customers,0.5852220913662528,train
13993,Champions,United Kingdom,4.889540229885058,0.34099616858237547,8.18007662835249,110,0.20689655172413793,693,0.20833333333333334,Champions,0.9700671787935642,train
13994,Champions,United Kingdom,3.8118064516129033,0.22580645161290322,6.064516129032258,122,0.0,144,0.0,Loyal Customers,0.4003527912310709,train
13995,Champions,United Kingdom,2.395434782608696,0.4434782608695652,10.256521739130434,146,0.05652173913043478,706,0.2222222222222222,Champions,0.9863078406293203,train
13996,At Risk,United Kingdom,3.6136363636363638,0.6666666666666666,18.575757575757574,29,0.0,13,0.0,At Risk,0.8264427958453531,train
13997,At Risk,United Kingdom,4.429130434782609,0.06521739130434782,3.1739130434782608,36,0.0,31,0.0,At Risk,0.6790364749681377,train
13998,At Risk,United Kingdom,4.801612903225807,0.2903225806451613,6.580645161290323,30,0.5161290322580645,129,0.0,At Risk,0.7763338967350972,train
13999,Champions,United Kingdom,2.576502145922747,0.3669527896995708,10.821888412017167,174,0.06437768240343347,724,0.19444444444444445,Champions,0.9800812196187014,train
14000,Loyal Customers,United Kingdom,2.0512244897959184,0.8979591836734694,37.51020408163265,28,0.0,526,0.375,Champions,0.5074491796822121,train
14001,Champions,United Kingdom,3.359017857142857,0.5892857142857143,16.723214285714285,60,0.0,447,0.1,Loyal Customers,0.8371584094135806,train
14002,At Risk,United Kingdom,2.411489361702128,0.7021276595744681,18.659574468085108,47,0.0,22,0.0,At Risk,0.5346079062853114,test
14003,Hibernating or Lost,United Kingdom,2.946875,0.25,9.3125,16,0.0,0,0.0,Hibernating or Lost,0.5068579629241098,train
14004,Champions,United Kingdom,3.1029045643153523,0.5726141078838174,14.21161825726141,127,0.11618257261410789,392,0.0,Champions,0.7546971893638806,train
14005,Champions,United Kingdom,2.205238095238095,0.8452380952380952,29.5,53,0.35714285714285715,206,0.0,Loyal Customers,0.5707788490634499,train
14006,Loyal Customers,United Kingdom,1.8636363636363635,0.5454545454545454,28.324675324675326,55,0.0,536,0.0,Champions,0.7298755729657285,train
14007,Hibernating or Lost,United Kingdom,6.358,0.0,3.2,5,0.0,0,0.0,Hibernating or Lost,0.8053437570891684,train
14008,At Risk,United Kingdom,2.13,0.4375,10.1875,32,1.0,0,0.5,At Risk,0.5692895505234888,train
14009,Loyal Customers,United Kingdom,2.2901351351351353,0.33783783783783783,12.85135135135135,71,0.0,264,0.25,Loyal Customers,0.8427175739115824,train
14010,At Risk,United Kingdom,2.9145833333333333,0.16666666666666666,7.375,20,1.0,0,0.3333333333333333,At Risk,0.5299748897640435,train
14011,At Risk,United Kingdom,1.283125,0.8125,20.125,32,0.6875,127,0.3333333333333333,At Risk,0.6328724731545365,train
14012,At Risk,United Kingdom,2.8318181818181816,0.5454545454545454,14.545454545454545,11,0.0,0,0.0,Hibernating or Lost,0.5286258793910906,test
14013,Loyal Customers,United Kingdom,2.7166176470588232,0.4411764705882353,11.397058823529411,56,0.38235294117647056,513,0.16666666666666666,Champions,0.7989414551368489,test
14014,Loyal Customers,United Kingdom,2.0944736842105263,0.7894736842105263,26.36842105263158,76,0.32894736842105265,499,0.0,Loyal Customers,0.8756077574025906,train
14015,Loyal Customers,United Kingdom,3.107,0.6,18.9,20,0.0,0,0.0,At Risk,0.8264427958453531,train
14016,Champions,Other,3.5088839285714286,0.5200892857142857,12.772321428571429,354,0.11607142857142858,538,0.15384615384615385,Champions,0.980863245297216,train
14017,Hibernating or Lost,United Kingdom,4.653571428571429,0.14285714285714285,5.214285714285714,14,0.0,0,0.0,Hibernating or Lost,0.643709969611338,train
14018,At Risk,United Kingdom,2.6284615384615386,0.6923076923076923,17.23076923076923,13,0.0,0,0.0,Hibernating or Lost,0.6138854892987397,train
14019,Loyal Customers,United Kingdom,2.4148484848484846,0.6212121212121212,15.712121212121213,37,0.3787878787878788,91,0.25,At Risk,0.5021274585575815,train
14020,Champions,United Kingdom,3.7047222222222222,0.4444444444444444,9.0,63,0.0,512,0.2,Champions,0.7284305270877194,train
14021,Loyal Customers,United Kingdom,3.8238888888888884,0.4222222222222222,9.755555555555556,84,0.0,437,0.0,Loyal Customers,0.8583389205544516,train
14022,At Risk,United Kingdom,1.7827659574468087,0.7872340425531915,14.48936170212766,45,0.0,261,0.0,Loyal Customers,0.8704724511414116,train
14023,Loyal Customers,United Kingdom,2.870967741935484,0.45161290322580644,11.129032258064516,30,0.5161290322580645,242,0.0,Loyal Customers,0.9214819539591825,train
14024,At Risk,United Kingdom,4.7620588235294115,0.20588235294117646,7.0,33,0.9117647058823529,269,0.0,Loyal Customers,0.9144185077397005,train
14025,Loyal Customers,United Kingdom,4.155656565656566,0.6666666666666666,19.333333333333332,60,0.0,119,0.2,At Risk,0.6655637235353196,test
14026,At Risk,United Kingdom,2.3936,0.42,8.54,43,0.0,154,0.0,At Risk,0.8059974635658709,train
14027,At Risk,United Kingdom,2.143333333333333,0.8333333333333334,10.333333333333334,6,0.0,0,0.0,Hibernating or Lost,0.5750626267462317,train
14028,Loyal Customers,United Kingdom,1.45,1.0,796.6666666666666,3,0.0,0,0.4,At Risk,0.6450182397136387,train
14029,Loyal Customers,United Kingdom,4.366,0.4666666666666667,13.2,15,0.0,80,0.0,At Risk,0.5615387263657337,train
14030,Champions,United Kingdom,3.9499999999999997,0.1674364896073903,5.023094688221709,591,0.16166281755196305,710,0.09090909090909091,Champions,0.9620848721022943,train
14031,Champions,United Kingdom,4.381792573623559,0.4327784891165173,18.574903969270167,280,0.0,729,0.2,Champions,0.9797964374374841,train
14032,Champions,United Kingdom,2.1717213114754097,0.6967213114754098,16.049180327868854,79,0.06147540983606557,723,0.36,Champions,0.7594687145263168,test
14033,Hibernating or Lost,United Kingdom,0.19,1.0,576.0,1,0.0,0,0.0,Hibernating or Lost,0.6625839037072621,train
14034,Loyal Customers,United Kingdom,2.354494382022472,0.11235955056179775,4.752808988764045,82,0.0,135,0.25,Loyal Customers,0.4827922346839709,train
14035,Champions,United Kingdom,2.9291390728476823,0.32450331125827814,9.397350993377483,70,0.18543046357615894,583,0.18181818181818182,Champions,0.7448086779745412,train
14036,At Risk,United Kingdom,4.371842105263158,0.34210526315789475,7.052631578947368,38,0.0,0,0.0,At Risk,0.8607784496184314,train
14037,Loyal Customers,United Kingdom,2.313684210526316,0.08771929824561403,5.175438596491228,96,0.06140350877192982,556,0.14285714285714285,Champions,0.6640405193033903,test
14038,Champions,United Kingdom,2.317639751552795,0.3105590062111801,10.608695652173912,99,0.2484472049689441,595,0.375,Champions,0.8159869320112958,train
14039,At Risk,United Kingdom,2.9450000000000003,0.3,19.2,10,0.6,542,0.0,Champions,0.7083214710106205,train
14040,Champions,United Kingdom,3.761297229219144,0.13224181360201512,6.352644836272041,335,0.36649874055415615,698,0.16666666666666666,Champions,0.974707890819141,train
14041,At Risk,United Kingdom,1.870952380952381,0.14285714285714285,4.476190476190476,21,0.0,0,0.0,At Risk,0.766762494178712,train
14042,At Risk,United Kingdom,3.74,0.3333333333333333,8.571428571428571,21,0.0,0,0.0,At Risk,0.8596366604048866,train
14043,At Risk,United Kingdom,2.6290476190476193,0.047619047619047616,3.642857142857143,37,0.0,238,0.3333333333333333,Loyal Customers,0.891307885604428,train
14044,Champions,United Kingdom,2.5000117508813164,0.012925969447708578,2.4982373678025853,533,0.8143360752056404,657,0.09090909090909091,Champions,0.9740655364669074,train
14045,Champions,United Kingdom,3.5107894736842105,0.9736842105263158,120.71052631578948,16,0.0,591,0.15789473684210525,Champions,0.6530029652793402,train
14046,At Risk,United Kingdom,0.5407142857142857,0.8571428571428571,32.857142857142854,14,0.0,0,0.0,Hibernating or Lost,0.6625839037072621,train
14047,Champions,United Kingdom,4.129573170731708,0.32926829268292684,10.054878048780488,91,0.13414634146341464,668,0.2631578947368421,Champions,0.7221073311850376,train
14048,At Risk,United Kingdom,2.5860283687943264,0.03546099290780142,3.3120567375886525,126,0.0,77,0.25,Loyal Customers,0.4316283406813136,train
14049,Champions,United Kingdom,2.9277520814061053,0.26549491211840887,7.963922294172063,573,0.0,600,0.2777777777777778,Champions,0.9814535213134379,test
14050,Loyal Customers,United Kingdom,1.5387037037037037,0.7407407407407407,12.75925925925926,49,0.0,74,0.0,At Risk,0.6529577984464682,test
14051,Champions,United Kingdom,4.3423652694610775,0.7514970059880239,17.805389221556887,82,0.09281437125748503,735,0.11904761904761904,Champions,0.7287753732365004,train
14052,Loyal Customers,United Kingdom,3.0212,0.008,1.496,115,1.0,371,0.0,Champions,0.6179814692796378,train
14053,Loyal Customers,United Kingdom,1.3533333333333333,0.7777777777777778,54.44444444444444,3,0.7777777777777778,362,0.0,Loyal Customers,0.7909641171120253,train
14054,At Risk,United Kingdom,1.5133333333333334,0.16666666666666666,10.333333333333334,6,0.0,0,0.0,At Risk,0.502078794807007,train
14055,Loyal Customers,United Kingdom,4.233333333333333,0.36363636363636365,21.818181818181817,33,0.0,616,0.0,Loyal Customers,0.5230862632828671,test
14056,Champions,United Kingdom,2.8268083182640145,0.07866184448462929,3.863471971066908,320,0.0,282,0.20689655172413793,Champions,0.5998457545140751,train
14057,Champions,United Kingdom,2.0358590308370044,0.3986784140969163,14.284140969162996,244,0.07048458149779736,712,0.043478260869565216,Champions,0.9779790862569014,train
14058,At Risk,United Kingdom,3.595,0.3333333333333333,8.791666666666666,23,0.7916666666666666,67,0.0,At Risk,0.7143513126705628,train
14059,At Risk,United Kingdom,2.3125,0.75,16.0,8,0.0,0,0.0,Hibernating or Lost,0.6138854892987397,train
14060,Champions,United Kingdom,1.5266296296296296,0.8592592592592593,30.07037037037037,100,0.04814814814814815,634,0.0625,Champions,0.7110812118740526,test
14061,At Risk,United Kingdom,8.654736842105264,0.21052631578947367,7.0,17,0.0,230,0.0,Loyal Customers,0.5445186017836483,test
14062,Champions,United Kingdom,2.958542274052478,0.7201166180758017,37.31486880466473,141,0.0,719,0.1111111111111111,Champions,0.9837839865153755,test
14063,Loyal Customers,United Kingdom,336.08875,0.9,96.25,30,0.0,293,0.3076923076923077,Loyal Customers,0.8663519014157035,test
14064,Champions,United Kingdom,1.4997540983606557,0.3729508196721312,16.299180327868854,131,0.10245901639344263,657,0.2857142857142857,Champions,0.9826975003231146,train
14065,At Risk,United Kingdom,3.67530612244898,0.5306122448979592,11.877551020408163,42,0.0,42,0.25,At Risk,0.7574184472245591,train
14066,At Risk,United Kingdom,4.364285714285715,0.14285714285714285,6.428571428571429,7,0.0,0,0.0,At Risk,0.4984835712030462,train
14067,Loyal Customers,United Kingdom,2.8625,0.19230769230769232,6.9423076923076925,51,0.4807692307692308,32,0.0,Loyal Customers,0.6714114671246636,train
14068,Loyal Customers,United Kingdom,4.537477477477478,0.11711711711711711,4.621621621621622,93,0.7387387387387387,357,0.2,Loyal Customers,0.9206943930211208,train
14069,At Risk,United Kingdom,4.189761904761904,0.0,1.4047619047619047,37,0.0,46,0.0,At Risk,0.6790364749681377,train
14070,Hibernating or Lost,United Kingdom,4.767857142857143,0.0,2.0476190476190474,40,1.0,0,0.0,At Risk,0.699121992610056,test
14071,Champions,United Kingdom,2.4038271604938273,0.05864197530864197,3.0709876543209877,271,0.3395061728395062,261,0.1111111111111111,Champions,0.6352384448555851,train
14072,At Risk,United Kingdom,6.4263157894736835,0.0,3.4210526315789473,19,0.0,0,0.0,At Risk,0.6790364749681377,train
14073,At Risk,United Kingdom,2.1415384615384614,0.46153846153846156,10.0,13,0.0,0,0.5,At Risk,0.7643080063113724,train
14074,Hibernating or Lost,United Kingdom,0.9833333333333334,1.0,38.0,6,0.0,0,0.0,Hibernating or Lost,0.6625839037072621,train
14075,Champions,United Kingdom,2.2765432098765435,0.7777777777777778,18.444444444444443,59,0.20987654320987653,536,0.0,Champions,0.7406977785194158,train
14076,At Risk,United Kingdom,2.009130434782609,0.021739130434782608,1.7608695652173914,43,0.0,0,0.0,At Risk,0.622888518232414,train
14077,Loyal Customers,United Kingdom,2.6030357142857143,0.14285714285714285,6.714285714285714,43,0.03571428571428571,354,0.0,Loyal Customers,0.8553785901726202,test
14078,Loyal Customers,United Kingdom,2.756748466257669,0.11042944785276074,3.791411042944785,107,0.4539877300613497,519,0.0,Champions,0.9740655364669074,train
14079,At Risk,United Kingdom,21.76230769230769,0.6923076923076923,23.23076923076923,13,0.9230769230769231,557,0.0,Champions,0.6272001076544433,train
14080,Loyal Customers,United Kingdom,7.993855421686747,0.0963855421686747,3.2289156626506026,74,0.0963855421686747,704,0.16666666666666666,Champions,0.571350833347413,train
14081,Champions,United Kingdom,2.709564755838641,0.10828025477707007,3.940552016985138,465,0.1464968152866242,426,0.375,Champions,0.6580586672494315,test
14082,At Risk,United Kingdom,2.2866153846153847,0.03076923076923077,3.7846153846153845,48,0.0,27,0.0,At Risk,0.5782410539002637,train
14083,Champions,United Kingdom,2.8237254901960784,0.09019607843137255,3.788235294117647,169,0.0,717,0.0,Champions,0.9701483488954694,test
14084,Hibernating or Lost,United Kingdom,0.8885714285714286,0.7142857142857143,43.714285714285715,7,0.0,0,0.0,Hibernating or Lost,0.6625839037072621,test
14085,Champions,United Kingdom,2.7370599250936327,0.1404494382022472,6.146067415730337,479,0.0,729,0.029411764705882353,Champions,0.9764092050776733,train
14086,Hibernating or Lost,United Kingdom,39.95,0.0,1.0,1,0.0,0,0.0,Hibernating or Lost,0.8053437570891684,train
14087,Loyal Customers,United Kingdom,1.9508597285067872,0.07239819004524888,3.2895927601809953,175,0.3936651583710407,732,0.4,Champions,0.967524875363863,train
14088,Champions,United Kingdom,5.821480938416422,0.6759530791788856,22.39882697947214,436,0.14076246334310852,410,0.2,Champions,0.6706942802558351,train
14089,At Risk,United Kingdom,2.207142857142857,0.2857142857142857,9.571428571428571,13,0.0,0,0.0,At Risk,0.502078794807007,train
14090,At Risk,United Kingdom,1.06,1.0,72.0,1,0.0,0,0.0,Hibernating or Lost,0.6625839037072621,test
14091,Loyal Customers,United Kingdom,3.141538461538462,1.0,255.07692307692307,13,0.3076923076923077,44,0.0,At Risk,0.5738627720252253,train
14092,Champions,United Kingdom,3.025576407506702,0.48257372654155495,9.667560321715818,169,0.15281501340482573,715,0.1111111111111111,Champions,0.981259281452183,test
14093,Loyal Customers,United Kingdom,1.4897142857142855,0.02857142857142857,3.8666666666666667,95,1.0,0,0.0,Loyal Customers,0.4680598979416356,test
14094,Hibernating or Lost,United Kingdom,2.6795744680851064,0.0851063829787234,3.765957446808511,41,1.0,0,0.5,At Risk,0.5836654030809836,train
14095,Hibernating or Lost,United Kingdom,2.95,0.0,1.0,1,0.0,0,0.0,Hibernating or Lost,0.8147627841867663,train
14096,Champions,United Kingdom,6.5217080806104475,0.03756603404421835,3.1993738994325964,1119,0.0,97,0.5,Loyal Customers,0.4419700552615333,train
14097,At Risk,United Kingdom,2.175,0.35,8.8,39,0.675,164,0.0,At Risk,0.760524953338149,train
14098,At Risk,United Kingdom,1.7047619047619047,0.14285714285714285,4.9523809523809526,21,0.0,0,0.0,At Risk,0.766762494178712,train
14099,Champions,United Kingdom,2.5505714285714283,0.2419047619047619,6.9904761904761905,273,0.0,713,0.09090909090909091,Champions,0.9764092050776733,train
14100,At Risk,United Kingdom,3.388461538461539,0.0,2.4615384615384617,24,0.0,0,0.0,At Risk,0.7386192680994106,train
14101,Champions,United Kingdom,1.6129999999999998,0.9777777777777777,117.13333333333334,19,0.2222222222222222,547,0.07142857142857142,Loyal Customers,0.5085402530091717,train
14102,Champions,United Kingdom,2.0744303797468353,0.4936708860759494,12.164556962025317,35,0.06329113924050633,39,0.375,At Risk,0.8163211480642952,train
14104,Loyal Customers,United Kingdom,3.1555244755244756,0.1048951048951049,3.5594405594405596,117,0.0,405,0.0,Champions,0.5817880101099283,test
14105,Loyal Customers,United Kingdom,2.781469534050179,0.5770609318996416,12.666666666666666,200,0.3906810035842294,482,0.4444444444444444,Champions,0.7942722572980542,test
14106,Hibernating or Lost,United Kingdom,8.95,1.0,24.0,1,0.0,0,0.0,Hibernating or Lost,0.6005744235979578,train
14107,Champions,United Kingdom,2.748771186440678,0.5508474576271186,14.783898305084746,102,0.2923728813559322,678,0.15384615384615385,Champions,0.9880484876560749,train
14108,Loyal Customers,United Kingdom,2.8148076923076926,0.5576923076923077,12.692307692307692,49,0.0,707,0.2,Champions,0.774545527743185,train
14109,At Risk,United Kingdom,2.466666666666667,0.5555555555555556,9.777777777777779,9,0.0,0,0.5,At Risk,0.7633919045519497,train
14110,Champions,United Kingdom,2.712280701754386,0.44611528822055135,14.598997493734336,177,0.12280701754385964,735,0.05714285714285714,Champions,0.9862242843067787,test
14111,Loyal Customers,United Kingdom,3.6799999999999997,0.7,45.8,10,0.0,227,0.2,Loyal Customers,0.6423924882473523,test
14112,Champions,United Kingdom,2.413374233128834,0.26993865030674846,10.855828220858896,199,0.13496932515337423,631,0.5185185185185185,Champions,0.9843500982069006,train
14113,Champions,United Kingdom,2.6719672131147543,0.7868852459016393,28.188524590163933,76,0.0,728,0.4838709677419355,Champions,0.8358912364500819,train
14114,Loyal Customers,United Kingdom,3.7590540540540545,0.4189189189189189,8.783783783783784,72,0.13513513513513514,332,0.0,Loyal Customers,0.8729612708501394,train
14115,At Risk,United Kingdom,2.1922727272727274,0.6818181818181818,23.136363636363637,22,0.0,165,0.0,At Risk,0.7850858886768727,train
14116,Champions,United Kingdom,3.251666666666667,0.4444444444444444,9.819444444444445,61,0.1111111111111111,101,0.0,At Risk,0.5118624674150901,train
14117,At Risk,United Kingdom,1.25,1.0,24.0,3,0.0,0,0.0,Hibernating or Lost,0.6625839037072621,test
14118,At Risk,United Kingdom,5.22,0.06666666666666667,6.466666666666667,15,0.0,0,0.0,Hibernating or Lost,0.6896963609762642,train
14119,At Risk,United Kingdom,3.2954545454545454,0.5454545454545454,16.09090909090909,11,0.0,342,0.3333333333333333,Loyal Customers,0.7654138292799143,train
14121,Champions,United Kingdom,2.2942138364779874,0.5974842767295597,13.09433962264151,148,0.0,56,0.3333333333333333,Champions,0.5628677336343818,train
14122,At Risk,United Kingdom,4.86,0.38461538461538464,8.76923076923077,12,0.0,331,0.4,Loyal Customers,0.723745412067364,train
14123,At Risk,United Kingdom,3.2745833333333336,0.4583333333333333,9.75,24,1.0,0,0.0,At Risk,0.6382670476633457,train
14124,At Risk,United Kingdom,0.358,1.0,323.6,4,0.0,0,0.0,Hibernating or Lost,0.6625839037072621,train
14125,Champions,United Kingdom,3.1613173652694613,0.4491017964071856,9.820359281437126,159,0.0,67,0.0,Champions,0.4706378126235272,train
14126,Champions,United Kingdom,2.8111627906976744,0.5348837209302325,20.627906976744185,37,0.0,436,0.2,Loyal Customers,0.8612316378406829,train
14127,Loyal Customers,United Kingdom,4.071196581196581,0.2564102564102564,7.076923076923077,96,0.452991452991453,302,0.0,Loyal Customers,0.9071818563169189,train
14128,Loyal Customers,United Kingdom,1.8618461538461537,0.6307692307692307,12.523076923076923,50,0.2923076923076923,490,0.25,Loyal Customers,0.8789265493724953,train
14129,Champions,United Kingdom,2.4286238532110094,0.7155963302752294,12.972477064220184,40,0.2018348623853211,577,0.0,Champions,0.5452295476518886,test
14130,Loyal Customers,United Kingdom,2.267276785714286,0.11160714285714286,5.53125,189,0.0,408,0.0,Loyal Customers,0.5111718900434721,test
14131,Hibernating or Lost,United Kingdom,2.105192307692308,0.0,2.269230769230769,45,0.0,0,0.0,At Risk,0.6439543522648258,train
14132,Champions,United Kingdom,1.71775,0.71,16.84,100,0.0,181,0.08333333333333333,At Risk,0.6502418834660041,train
14133,Loyal Customers,United Kingdom,6.498888888888889,0.5555555555555556,11.055555555555555,33,0.2222222222222222,603,0.3333333333333333,Champions,0.5329007246981354,train
14134,Loyal Customers,United Kingdom,3.354111111111111,0.9277777777777778,32.3,130,0.016666666666666666,347,0.0,Champions,0.7370417010839084,train
14135,Champions,United Kingdom,2.1332421875,0.703125,36.54296875,138,0.0703125,736,0.04,Champions,0.9759037735330374,test
14136,Loyal Customers,United Kingdom,2.8432075471698113,0.44339622641509435,10.830188679245284,86,0.0,331,0.2857142857142857,Loyal Customers,0.8255364234234961,train
14137,Hibernating or Lost,United Kingdom,0.8772727272727273,1.0,42.0,11,0.0,0,0.5,At Risk,0.6450182397136387,train
14138,Loyal Customers,United Kingdom,2.3117021276595744,0.6382978723404256,12.97872340425532,40,0.0,62,0.0,At Risk,0.8035679349329616,train
14139,Loyal Customers,United Kingdom,1.9739130434782608,0.7536231884057971,15.202898550724637,48,0.0,496,0.0,Loyal Customers,0.8704724511414116,train
14140,Loyal Customers,United Kingdom,1.823939393939394,0.6212121212121212,12.287878787878787,60,0.0,27,0.3333333333333333,At Risk,0.49625976007836137,train
14141,Champions,United Kingdom,3.5195,0.45,8.875,27,0.0,102,0.3333333333333333,At Risk,0.7926822479081909,train
14142,Loyal Customers,United Kingdom,2.1903030303030304,0.6363636363636364,12.590909090909092,42,0.0,273,0.5,Loyal Customers,0.8850051851691695,train
14143,At Risk,United Kingdom,5.485714285714286,0.14285714285714285,4.285714285714286,7,0.0,0,0.0,Hibernating or Lost,0.643709969611338,test
14144,Hibernating or Lost,United Kingdom,2.55,1.0,12.0,1,0.0,0,0.0,Hibernating or Lost,0.5226520580879255,train
14145,Champions,United Kingdom,4.782,0.96,66.2,11,0.24,564,0.125,Champions,0.6272001076544433,test
14146,Champions,United Kingdom,2.8588377192982457,0.5263157894736842,12.675438596491228,337,0.17324561403508773,686,0.07692307692307693,Champions,0.984865917299532,test
14147,Champions,United Kingdom,3.206,0.7666666666666667,33.166666666666664,24,0.06666666666666667,562,0.25,Champions,0.6084981061413299,test
14148,At Risk,United Kingdom,3.1541176470588237,0.5882352941176471,13.117647058823529,15,0.0,180,0.0,At Risk,0.577171417163366,test
14149,At Risk,United Kingdom,2.9699999999999998,0.25,7.785714285714286,28,0.0,0,0.6666666666666666,At Risk,0.817850804346037,test
14150,Loyal Customers,United Kingdom,1.6823076923076923,0.8461538461538461,19.076923076923077,23,0.0,324,0.0,Loyal Customers,0.8036177146847769,train
14151,At Risk,United Kingdom,2.928181818181818,0.4318181818181818,9.204545454545455,44,0.0,43,0.3333333333333333,At Risk,0.7656913129644451,test
14152,Champions,United Kingdom,1.48,0.6090225563909775,13.864661654135338,104,0.15037593984962405,583,0.2222222222222222,Champions,0.9760680536504416,train
14153,Hibernating or Lost,United Kingdom,0.9076470588235294,0.9411764705882353,18.352941176470587,17,0.0,0,0.0,Hibernating or Lost,0.6625839037072621,train
14154,Champions,United Kingdom,3.868253424657534,0.523972602739726,11.034246575342467,236,0.0,456,0.2,Champions,0.6379832117589825,train
14155,At Risk,United Kingdom,5.45,0.0,4.166666666666667,6,0.0,0,0.0,Hibernating or Lost,0.8053437570891684,train
14156,Champions,Other,5.9420825098814225,0.5247035573122529,41.00592885375494,1446,0.06818181818181818,728,0.22772277227722773,Champions,0.9837968409747541,train
14157,Champions,United Kingdom,2.5306741573033706,0.21348314606741572,6.067415730337078,75,0.5393258426966292,626,0.16666666666666666,Champions,0.7448086779745412,train
14158,At Risk,United Kingdom,1.5365853658536586,0.7073170731707317,19.048780487804876,41,1.0,0,0.0,At Risk,0.7229983112036833,train
14159,Champions,United Kingdom,1.582203842049093,0.04215581643543223,3.5181430096051227,706,0.2657417289220918,717,0.2,Champions,0.9588644593642219,train
14160,Loyal Customers,United Kingdom,2.5198130841121498,0.8411214953271028,43.5607476635514,80,0.514018691588785,88,0.0,Loyal Customers,0.6664661137000032,train
14161,Champions,United Kingdom,2.774483870967742,0.0967741935483871,5.235483870967742,202,1.0,510,0.0,Champions,0.9740655364669074,train
14162,At Risk,United Kingdom,3.8892,0.16,5.68,25,1.0,118,0.0,At Risk,0.7763338967350972,train
14163,Champions,United Kingdom,4.4399999999999995,0.5,16.379310344827587,42,0.29310344827586204,374,0.0,Loyal Customers,0.9105476985333683,train
14164,Loyal Customers,United Kingdom,1.5541379310344827,1.0,35.62068965517241,28,0.0,10,0.0,At Risk,0.7850858886768727,train
14165,At Risk,United Kingdom,3.2376,0.0,2.16,23,0.0,0,0.0,At Risk,0.7386192680994106,train
14166,At Risk,United Kingdom,3.2867924528301886,0.0,1.5849056603773586,39,0.0,121,0.0,At Risk,0.7386192680994106,train
14167,Champions,United Kingdom,4.064628099173554,0.008264462809917356,2.8925619834710745,48,0.0,641,0.0,Champions,0.571350833347413,train
14168,At Risk,United Kingdom,3.0233333333333334,0.2,9.8,11,0.0,143,0.3333333333333333,At Risk,0.8325165703697535,train
14169,At Risk,United Kingdom,3.8905970149253735,0.05970149253731343,3.1044776119402986,50,0.0,13,0.0,At Risk,0.6745487483719981,train
14170,At Risk,United Kingdom,2.336969696969697,0.01818181818181818,1.7575757575757576,123,0.0,19,0.0,Loyal Customers,0.3942893623348598,train
14171,At Risk,United Kingdom,2.92109375,0.046875,3.296875,61,0.0,632,0.0,Champions,0.6640405193033903,train
14172,At Risk,United Kingdom,5.396111111111111,0.018518518518518517,1.6296296296296295,38,0.35185185185185186,37,0.25,At Risk,0.7032830288650421,train
14173,Loyal Customers,United Kingdom,4.466969696969697,0.15151515151515152,5.878787878787879,30,0.0,719,0.14285714285714285,Loyal Customers,0.6139238542644256,train
14174,At Risk,United Kingdom,1.9373076923076922,0.0,3.6153846153846154,26,1.0,0,0.0,At Risk,0.6592528257403111,train
14175,Champions,United Kingdom,4.29595166163142,0.4350453172205438,9.090634441087614,237,0.13293051359516617,568,0.5294117647058824,Champions,0.9762319963989892,test
14176,Loyal Customers,United Kingdom,3.62804347826087,0.30434782608695654,7.086956521739131,33,0.0,83,0.16666666666666666,At Risk,0.8596366604048866,train
14177,Champions,United Kingdom,4.0150476190476185,0.15714285714285714,4.9904761904761905,141,0.004761904761904762,565,0.07142857142857142,Champions,0.9620848721022943,train
14178,Champions,United Kingdom,1.7031192660550458,0.09480122324159021,4.602446483180428,191,0.15902140672782875,173,0.0,At Risk,0.4176832484611063,train
14179,Loyal Customers,United Kingdom,2.813575757575758,0.012121212121212121,2.0,135,0.24242424242424243,11,0.0,Loyal Customers,0.4790925992139787,train
14180,Champions,United Kingdom,10.202591362126245,0.023255813953488372,2.916943521594684,125,0.04318936877076412,537,0.21428571428571427,Champions,0.9565138246732336,train
14181,At Risk,United Kingdom,2.6546296296296297,0.018518518518518517,2.259259259259259,48,0.0,151,0.0,At Risk,0.5782410539002637,test
14182,At Risk,United Kingdom,4.9318,0.06,3.48,42,0.0,152,0.2,At Risk,0.6790364749681377,train
14183,At Risk,United Kingdom,5.392,0.0,1.7428571428571429,27,1.0,69,0.0,At Risk,0.699121992610056,train
14184,At Risk,United Kingdom,5.418333333333333,0.20833333333333334,5.291666666666667,24,0.0,0,0.0,At Risk,0.8033995112237373,train
14185,At Risk,United Kingdom,59.73333333333333,0.0,2.0,3,0.0,0,0.0,Hibernating or Lost,0.8053437570891684,train
14186,Loyal Customers,United Kingdom,1.4717307692307693,0.5961538461538461,14.903846153846153,75,0.0,217,0.0,Loyal Customers,0.8704724511414116,train
14187,Hibernating or Lost,United Kingdom,4.8,0.375,6.25,8,0.0,0,0.0,Hibernating or Lost,0.4959737363081736,train
14188,Loyal Customers,United Kingdom,1.975076923076923,0.8,17.876923076923077,34,0.0,279,0.4,Loyal Customers,0.872381791674813,train
14189,Champions,United Kingdom,2.4607594936708863,0.629746835443038,14.70253164556962,199,0.06329113924050633,386,0.36,Champions,0.7946485460204435,test
14190,Hibernating or Lost,United Kingdom,39.95,0.0,2.0,1,0.0,0,0.0,Hibernating or Lost,0.8053437570891684,train
14191,Champions,United Kingdom,2.0149433962264154,0.43018867924528303,14.052830188679245,147,0.0,726,0.11764705882352941,Champions,0.9779790862569014,train
14192,Hibernating or Lost,United Kingdom,1.6742857142857144,0.7857142857142857,15.571428571428571,14,0.0,0,0.0,Hibernating or Lost,0.6625839037072621,train
14193,Loyal Customers,United Kingdom,2.67125,0.453125,10.203125,49,0.0,328,0.0,Loyal Customers,0.8514693798878483,train
14194,Champions,United Kingdom,3.242142857142857,0.3918067226890756,10.543067226890756,432,0.1407563025210084,697,0.3333333333333333,Champions,0.9852790493222477,test
14195,Loyal Customers,United Kingdom,3.4625,0.875,134.0,10,0.25,432,0.4,Loyal Customers,0.8319126409955382,train
14196,At Risk,United Kingdom,3.265,0.6666666666666666,23.666666666666668,6,0.0,0,0.0,Hibernating or Lost,0.49531214555001774,train
14197,At Risk,United Kingdom,4.675,0.25,7.15,20,0.0,0,0.0,At Risk,0.8607784496184314,train
14198,Champions,United Kingdom,5.273186813186813,0.1978021978021978,6.846153846153846,58,0.0989010989010989,685,0.3076923076923077,Champions,0.6859952626420271,train
14199,Loyal Customers,United Kingdom,4.938888888888889,0.7222222222222222,14.11111111111111,15,0.2777777777777778,312,0.3333333333333333,Loyal Customers,0.8352843738526972,train
14200,At Risk,United Kingdom,3.9642857142857144,0.09523809523809523,6.666666666666667,21,0.0,0,0.0,At Risk,0.7825402931728277,train
14201,Champions,United Kingdom,2.8018181818181818,0.38181818181818183,14.654545454545454,47,0.10909090909090909,528,0.16666666666666666,Champions,0.813553925890134,train
14202,At Risk,United Kingdom,8.454482758620689,0.2413793103448276,5.724137931034483,27,0.0,243,0.0,Loyal Customers,0.7940006714673897,train
14203,Hibernating or Lost,United Kingdom,5.39625,0.125,5.0,16,1.0,0,0.0,Hibernating or Lost,0.7107953943248793,train
14204,Champions,United Kingdom,2.6926293103448278,0.008620689655172414,2.1206896551724137,186,0.0,735,0.0,Champions,0.9701483488954694,train
14205,Champions,United Kingdom,3.7777235772357725,0.4878048780487805,10.910569105691057,79,0.3252032520325203,625,0.25,Champions,0.8251335320447848,train
14206,Loyal Customers,United Kingdom,2.2621126760563377,0.6197183098591549,13.098591549295774,62,0.0,163,0.4,At Risk,0.49625976007836137,train
14207,Hibernating or Lost,United Kingdom,4.45,1.0,18.0,2,0.0,0,0.0,Hibernating or Lost,0.6005744235979578,train
14208,Loyal Customers,United Kingdom,2.7111428571428573,0.5714285714285714,15.114285714285714,34,0.7142857142857143,456,0.0,Loyal Customers,0.9063113584428588,train
14209,Champions,United Kingdom,5.158441558441558,0.29004329004329005,7.528138528138528,133,0.04329004329004329,675,0.21052631578947367,Champions,0.9655486081780054,train
14210,Champions,United Kingdom,3.5606382978723405,0.2978723404255319,7.914893617021277,143,0.05167173252279635,597,0.23809523809523808,Champions,0.9800666513585105,train
14211,Champions,United Kingdom,2.7282916666666663,0.37916666666666665,10.729166666666666,155,0.14583333333333334,677,0.3076923076923077,Champions,0.9863078406293203,train
14212,Loyal Customers,United Kingdom,1.5495238095238095,1.0,97.42857142857143,18,0.42857142857142855,356,0.0,Loyal Customers,0.7909641171120253,train
14213,At Risk,United Kingdom,4.89,1.0,48.8,5,1.0,0,0.5,At Risk,0.7153836024311114,test
14214,Loyal Customers,United Kingdom,2.3407462686567166,0.4925373134328358,11.208955223880597,64,0.0,246,0.2857142857142857,Loyal Customers,0.8255364234234961,train
14215,Champions,United Kingdom,2.8066145833333334,0.5416666666666666,11.901041666666666,167,0.0,720,0.1,Champions,0.9825654733277243,train
14216,Champions,United Kingdom,4.729610389610389,0.36363636363636365,9.246753246753247,65,0.0,410,0.16666666666666666,Loyal Customers,0.8946968414577486,train
14217,Champions,United Kingdom,5.62939226519337,0.26519337016574585,6.939226519337017,122,0.09392265193370165,525,0.30303030303030304,Champions,0.9728698621407936,train
14218,At Risk,United Kingdom,1.4400000000000002,0.5,13.333333333333334,12,0.0,0,0.0,At Risk,0.4967706698319442,train
14219,Loyal Customers,United Kingdom,3.8904651162790698,0.3023255813953488,8.44186046511628,39,0.0,489,0.0,Loyal Customers,0.7940006714673897,train
14220,Loyal Customers,United Kingdom,3.896578947368421,0.5,12.31578947368421,26,0.0,321,0.0,Loyal Customers,0.8379301960185245,test
14221,Champions,United Kingdom,3.33014409221902,0.484149855907781,10.97406340057637,166,0.138328530259366,569,0.10526315789473684,Champions,0.981259281452183,train
14222,At Risk,United Kingdom,1.706829268292683,0.6585365853658537,14.804878048780488,41,0.0,0,0.0,At Risk,0.7850858886768727,train
14223,Loyal Customers,United Kingdom,3.8998333333333335,0.4166666666666667,9.75,50,0.3,171,0.25,Loyal Customers,0.7599800127767383,train
14224,Loyal Customers,United Kingdom,4.082647058823529,0.08403361344537816,3.6260504201680672,189,0.7815126050420168,433,0.0,Champions,0.5409613870919555,train
14225,Loyal Customers,United Kingdom,2.8849425287356323,0.5057471264367817,13.425287356321839,70,0.0,261,0.2,Loyal Customers,0.8514693798878483,train
14226,Champions,United Kingdom,2.734897959183673,0.6632653061224489,17.612244897959183,89,0.0,412,0.3333333333333333,Loyal Customers,0.8023675291202824,train
14227,Champions,United Kingdom,2.606498673740053,0.3819628647214854,10.73740053050398,246,0.03978779840848806,643,0.3181818181818182,Champions,0.9863078406293203,train
14228,At Risk,United Kingdom,4.74921052631579,0.23684210526315788,6.842105263157895,38,0.0,108,0.0,At Risk,0.8607784496184314,train
14229,Champions,United Kingdom,3.9316666666666666,0.4861111111111111,12.972222222222221,41,0.0,419,0.36363636363636365,Loyal Customers,0.8925090118998822,train
14230,At Risk,United Kingdom,5.499393939393939,0.2727272727272727,7.454545454545454,27,0.0,112,0.0,At Risk,0.8607784496184314,train
14231,Loyal Customers,United Kingdom,3.223333333333333,0.391304347826087,8.840579710144928,66,0.0,267,0.3333333333333333,Loyal Customers,0.8550257888401521,test
14232,Loyal Customers,United Kingdom,1.8238260869565217,0.7130434782608696,16.878260869565217,81,0.40869565217391307,221,0.375,Loyal Customers,0.8516622004223964,train
14233,Champions,United Kingdom,3.1119178082191783,0.5753424657534246,17.273972602739725,42,0.0,594,0.3,Champions,0.6308628483762422,train
14234,Loyal Customers,United Kingdom,1.591069182389937,0.24528301886792453,6.056603773584905,122,0.0,35,0.0,Loyal Customers,0.39715692325349855,train
14235,Champions,United Kingdom,2.141756756756757,0.6824324324324325,20.364864864864863,107,0.0472972972972973,544,0.1,Champions,0.9759037735330374,train
14236,Loyal Customers,United Kingdom,2.9098,0.7,16.24,39,0.0,424,0.2857142857142857,Loyal Customers,0.8809606571608392,train
14237,At Risk,United Kingdom,5.145142857142857,0.34285714285714286,7.885714285714286,26,0.0,217,0.3333333333333333,Loyal Customers,0.8742024095326586,train
14238,At Risk,United Kingdom,3.303076923076923,0.5384615384615384,14.538461538461538,13,0.15384615384615385,408,0.0,Loyal Customers,0.681567820577668,test
14239,Champions,United Kingdom,3.709,0.2904761904761905,8.233333333333333,97,0.06190476190476191,691,0.125,Champions,0.7006175932698865,test
14240,Loyal Customers,United Kingdom,3.184754098360656,0.5901639344262295,10.737704918032787,46,0.0,393,0.0,Loyal Customers,0.864710300774505,train
14241,At Risk,United Kingdom,1.8375000000000001,0.8333333333333334,20.166666666666668,12,0.0,512,0.0,Champions,0.5440678580703685,train
14242,At Risk,United Kingdom,3.720625,0.375,7.6875,13,0.0,91,0.0,At Risk,0.5888990040447544,train
14243,Champions,United Kingdom,3.712021563342318,0.3881401617250674,9.93800539083558,235,0.09973045822102426,467,0.2608695652173913,Champions,0.7563025540221495,train
14244,At Risk,United Kingdom,1.2475,0.875,50.875,16,0.0,0,0.5,At Risk,0.6450182397136387,train
14245,Loyal Customers,United Kingdom,3.1289814814814814,0.39814814814814814,9.037037037037036,107,0.0,43,0.6,Champions,0.5198021785080195,train
14246,Loyal Customers,United Kingdom,2.9734666666666665,0.38666666666666666,10.72,57,0.3333333333333333,135,0.0,Loyal Customers,0.7119358352075399,test
14247,Loyal Customers,United Kingdom,3.895555555555555,0.042735042735042736,3.264957264957265,82,1.0,273,0.16666666666666666,Loyal Customers,0.9206943930211208,test
14248,Loyal Customers,United Kingdom,2.538085106382979,0.5957446808510638,14.72340425531915,41,0.0,197,0.0,At Risk,0.7754822360979571,test
14249,Loyal Customers,United Kingdom,4.007426116838488,0.3230240549828179,8.54639175257732,178,0.5189003436426117,268,0.0,Champions,0.600276192454193,train
14250,Loyal Customers,United Kingdom,2.487207207207207,0.5045045045045045,10.81081081081081,94,0.6666666666666666,82,0.0,Loyal Customers,0.726815527710273,test
14251,Champions,United Kingdom,2.0692307692307694,0.9102564102564102,21.46153846153846,37,0.0,55,0.0,At Risk,0.7850858886768727,train
14252,At Risk,United Kingdom,12.633,0.5,11.1,10,0.0,0,0.0,At Risk,0.5615387263657337,train
14253,At Risk,United Kingdom,5.895833333333333,0.3333333333333333,7.333333333333333,11,0.0,129,0.0,At Risk,0.4984835712030462,train
14254,At Risk,United Kingdom,2.477826086956522,0.5217391304347826,11.434782608695652,23,1.0,0,0.0,At Risk,0.6022814389492007,train
14255,At Risk,United Kingdom,1000.63,0.0,1.0,1,0.0,0,0.75,Hibernating or Lost,0.5072537080810667,train
14256,Loyal Customers,United Kingdom,4.04544776119403,0.2537313432835821,8.738805970149254,100,0.0,434,0.4444444444444444,Loyal Customers,0.892988418677923,train
14257,Champions,United Kingdom,2.372583333333333,0.6041666666666666,13.883333333333333,167,0.029166666666666667,584,0.1,Champions,0.9809190454734944,train
14258,Champions,United Kingdom,3.996133333333333,0.86,58.29333333333334,97,0.07333333333333333,726,0.21875,Champions,0.7287753732365004,test
14259,At Risk,United Kingdom,2.83,0.6,13.6,5,0.0,0,0.0,Hibernating or Lost,0.5226520580879255,test
14260,At Risk,United Kingdom,3.0609803921568624,0.5490196078431373,10.666666666666666,50,0.0,77,0.0,At Risk,0.5118624674150901,train
14261,Loyal Customers,United Kingdom,5.064038461538461,0.34615384615384615,7.8076923076923075,52,0.0,27,0.0,At Risk,0.6984043884516892,train
14262,Champions,United Kingdom,2.090699300699301,0.5244755244755245,11.503496503496503,87,0.0,232,0.0,Loyal Customers,0.8895545673836586,train
14263,Hibernating or Lost,United Kingdom,2.35875,0.625,10.6875,16,0.0,0,0.0,Hibernating or Lost,0.5226520580879255,train
14264,Loyal Customers,United Kingdom,5.675569620253165,0.27848101265822783,7.0,59,0.22784810126582278,456,0.25,Loyal Customers,0.8909098317487241,train
14265,Loyal Customers,Other,4.774556962025317,0.31645569620253167,9.050632911392405,74,0.0,502,0.0,Loyal Customers,0.8907930599232217,train
14266,Hibernating or Lost,United Kingdom,1.69,1.0,24.0,1,0.0,0,0.0,Hibernating or Lost,0.6625839037072621,train
14267,Loyal Customers,United Kingdom,4.3910909090909085,0.38181818181818183,9.636363636363637,25,0.0,97,0.6666666666666666,At Risk,0.8247040482208206,test
14268,At Risk,United Kingdom,3.4342105263157894,0.21052631578947367,7.7368421052631575,19,0.0,0,0.0,At Risk,0.8596366604048866,train
14269,Hibernating or Lost,United Kingdom,4.935625,0.3125,7.6875,16,1.0,0,0.5,At Risk,0.7710357199493337,test
14270,At Risk,United Kingdom,4.570689655172414,0.2413793103448276,6.793103448275862,29,0.0,0,0.0,At Risk,0.8607784496184314,train
14271,At Risk,United Kingdom,2.4843589743589742,0.15384615384615385,3.8205128205128207,38,0.0,183,0.0,At Risk,0.7664500902730681,train
14272,Loyal Customers,United Kingdom,2.3159375,0.609375,17.140625,62,0.0,508,0.0,Champions,0.7990968564501582,test
14273,Loyal Customers,United Kingdom,2.4848275862068965,0.13793103448275862,9.10344827586207,22,0.0,190,0.0,At Risk,0.8208232558852596,train
14274,Hibernating or Lost,United Kingdom,1.6666666666666667,0.6666666666666666,11.866666666666667,15,0.0,0,0.0,Hibernating or Lost,0.5750626267462317,train
14275,Loyal Customers,United Kingdom,1.945217391304348,0.8695652173913043,23.391304347826086,14,0.34782608695652173,211,0.0,Loyal Customers,0.7909641171120253,train
14276,Loyal Customers,United Kingdom,2.109586776859504,0.4793388429752066,11.619834710743802,75,0.19834710743801653,561,0.46153846153846156,Champions,0.7591653587279434,train
14277,Champions,France,3.852094240837696,0.31413612565445026,235.1151832460733,334,0.2513089005235602,710,0.35714285714285715,Champions,0.9872240112237762,train
14278,Hibernating or Lost,United Kingdom,2.613076923076923,0.6153846153846154,10.076923076923077,13,0.0,0,0.0,Hibernating or Lost,0.5226520580879255,train
14279,At Risk,United Kingdom,4.53,0.6666666666666666,15.333333333333334,3,0.0,160,0.0,Hibernating or Lost,0.6005744235979578,train
14280,At Risk,United Kingdom,4.73375,0.375,6.5,8,0.0,0,0.0,Hibernating or Lost,0.4959737363081736,train
14281,Hibernating or Lost,United Kingdom,6.714285714285714,0.2857142857142857,6.428571428571429,7,0.0,0,0.0,At Risk,0.4984835712030462,train
14282,Champions,United Kingdom,1.6078740157480313,0.4645669291338583,21.566929133858267,100,0.05511811023622047,659,0.038461538461538464,Champions,0.7298755729657285,train
14283,At Risk,United Kingdom,1.930487804878049,0.6341463414634146,13.414634146341463,36,0.0,106,0.0,At Risk,0.8233358072462033,train
14284,Loyal Customers,United Kingdom,4.128059701492537,0.29850746268656714,7.611940298507463,59,0.0,622,0.25,Champions,0.6859952626420271,train
14285,Champions,United Kingdom,4.568524590163935,0.6557377049180327,15.639344262295081,48,0.26229508196721313,710,0.1111111111111111,Champions,0.7572363194209906,train
14286,Champions,United Kingdom,1.4286773547094187,0.7595190380761523,17.625250501002004,270,0.17034068136272545,712,0.4166666666666667,Champions,0.9835608252930538,train
14287,Loyal Customers,United Kingdom,1.913333333333333,0.6666666666666666,29.0,9,0.0,190,0.25,At Risk,0.6450182397136387,train
14288,At Risk,United Kingdom,3.00625,0.5625,11.75,16,0.0,0,0.5,At Risk,0.8209144918055121,test
14289,Champions,United Kingdom,5.346382978723404,0.2127659574468085,6.212765957446808,33,0.0,280,0.0,Loyal Customers,0.7940006714673897,train
14290,Champions,United Kingdom,3.7719867549668877,0.3973509933774834,10.596026490066226,120,0.0,720,0.42857142857142855,Champions,0.9852790493222477,train
14291,Champions,United Kingdom,2.3724291497975707,0.5445344129554656,12.441295546558704,241,0.1437246963562753,728,0.08,Champions,0.9825654733277243,train
14292,Champions,United Kingdom,3.0748186528497414,0.6632124352331606,17.76683937823834,120,0.22279792746113988,623,0.4074074074074074,Champions,0.9889562045859519,train
14293,Champions,United Kingdom,2.926268656716418,0.5447761194029851,12.91044776119403,88,0.1791044776119403,726,0.1,Champions,0.7989414551368489,train
14294,At Risk,United Kingdom,3.3465217391304347,0.4782608695652174,8.26086956521739,23,0.0,0,0.0,At Risk,0.8456920669792868,train
14295,Champions,United Kingdom,3.3895833333333334,0.5833333333333334,14.291666666666666,66,0.06944444444444445,691,0.375,Champions,0.8255265268215899,train
14296,At Risk,United Kingdom,3.4496296296296296,0.5185185185185185,11.62962962962963,27,0.0,152,0.3333333333333333,At Risk,0.7574184472245591,train
14297,Champions,United Kingdom,2.3419354838709676,0.6451612903225806,13.951612903225806,48,0.0,257,0.3333333333333333,Loyal Customers,0.8366284506349865,train
14298,Champions,United Kingdom,1.5781983240223463,0.8861731843575419,35.01117318435754,1370,0.0,719,0.023809523809523808,Champions,0.9759037735330374,train
14299,Champions,United Kingdom,2.9690588235294118,0.7411764705882353,24.2,164,0.08235294117647059,729,0.34146341463414637,Champions,0.9872724094880986,train
14300,At Risk,United Kingdom,1.383333333333333,0.3333333333333333,10.666666666666666,3,0.0,0,0.0,At Risk,0.502078794807007,train
14301,Loyal Customers,United Kingdom,2.590188679245283,0.7169811320754716,31.81132075471698,37,0.5471698113207547,549,0.42857142857142855,Champions,0.6613306945292282,train
14302,At Risk,United Kingdom,2.9071428571428575,0.5,10.642857142857142,25,0.0,306,0.0,Loyal Customers,0.8764008263447058,test
14303,At Risk,United Kingdom,1.4704545454545455,0.5454545454545454,9.909090909090908,21,0.0,27,0.0,At Risk,0.8373151763866855,train
14304,Loyal Customers,United Kingdom,3.7186363636363637,0.38636363636363635,8.806818181818182,69,0.19318181818181818,348,0.4,Loyal Customers,0.8423513347685281,train
14305,Loyal Customers,United Kingdom,2.3532380952380954,0.5714285714285714,10.371428571428572,96,0.0,64,0.4,Loyal Customers,0.629030051403094,train
14306,Champions,United Kingdom,3.2969565217391303,0.8043478260869565,44.891304347826086,43,0.21739130434782608,625,0.14285714285714285,Champions,0.5855976598596897,train
14307,Champions,United Kingdom,2.6984193548387094,0.5193548387096775,10.883870967741936,205,0.0,643,0.09090909090909091,Champions,0.9825654733277243,train
14308,At Risk,United Kingdom,573.51,0.0,1.0,1,0.0,0,0.6,Hibernating or Lost,0.5072537080810667,train
14309,Champions,United Kingdom,2.5524867724867724,0.6084656084656085,13.666666666666666,125,0.0,542,0.08333333333333333,Champions,0.9809190454734944,train
14310,At Risk,United Kingdom,2.3181818181818183,0.45454545454545453,10.454545454545455,22,1.0,0,0.0,At Risk,0.6022814389492007,train
14311,At Risk,United Kingdom,4.266129032258065,0.3225806451612903,7.580645161290323,31,0.0,324,0.3333333333333333,Loyal Customers,0.8742024095326586,train
14312,Champions,United Kingdom,4.010888888888889,0.45,10.577777777777778,148,0.0,457,0.0,Champions,0.6379832117589825,train
14314,At Risk,United Kingdom,1.053,1.0,33.2,10,0.0,324,0.3333333333333333,Loyal Customers,0.7073908822930929,train
14315,Champions,United Kingdom,3.6578195488721805,0.37593984962406013,10.105263157894736,83,0.0,589,0.2,Champions,0.7613813838957879,train
14316,Loyal Customers,United Kingdom,0.8483870967741935,0.9032258064516129,144.96774193548387,21,0.0,208,0.16666666666666666,At Risk,0.7850858886768727,train
14317,At Risk,United Kingdom,3.0975,0.5,10.625,24,0.0,0,0.0,At Risk,0.8368435692463948,train
14318,Hibernating or Lost,United Kingdom,1.6377777777777778,0.6666666666666666,16.88888888888889,9,1.0,0,0.0,Hibernating or Lost,0.5338464198620827,train
14319,At Risk,United Kingdom,1.9026923076923077,0.7307692307692307,12.653846153846153,26,0.0,0,0.5,At Risk,0.8389054355732848,train
14320,Loyal Customers,United Kingdom,3.6590123456790122,0.49382716049382713,8.802469135802468,68,0.0,480,0.2857142857142857,Loyal Customers,0.8550257888401521,train
14321,Champions,United Kingdom,1.6817318435754192,0.7486033519553073,18.29608938547486,162,0.0,462,0.125,Champions,0.6510498014533858,train
14322,At Risk,United Kingdom,4.073076923076924,0.5384615384615384,12.153846153846153,10,0.0,230,0.3333333333333333,Loyal Customers,0.751528589678439,train
14323,At Risk,United Kingdom,2.996388888888889,0.5,9.722222222222221,32,0.0,123,0.5,At Risk,0.7574184472245591,train
14324,At Risk,United Kingdom,3.0782926829268296,0.4634146341463415,9.804878048780488,41,0.0,283,0.0,Loyal Customers,0.8701937413527897,train
14325,Hibernating or Lost,United Kingdom,1.1527777777777777,0.8333333333333334,17.77777777777778,18,0.0,0,0.0,Hibernating or Lost,0.6625839037072621,test
14326,Loyal Customers,United Kingdom,3.2049122807017545,0.42105263157894735,10.035087719298245,54,0.0,290,0.25,Loyal Customers,0.834887252573607,train
14327,Loyal Customers,United Kingdom,2.2089622641509434,0.5849056603773585,12.226415094339623,99,0.0,536,0.0,Champions,0.6596646697271851,train
14328,At Risk,United Kingdom,445.05,0.0,1.0,1,0.0,0,0.6666666666666666,Hibernating or Lost,0.5072537080810667,test
14329,Champions,United Kingdom,3.1981735985533453,0.3960216998191682,10.707052441229656,349,0.0,706,0.4642857142857143,Champions,0.9852790493222477,train
14330,Hibernating or Lost,United Kingdom,2.6146153846153846,0.23076923076923078,7.923076923076923,13,0.0,0,0.0,Hibernating or Lost,0.5068579629241098,test
14331,At Risk,United Kingdom,3.019285714285714,0.39285714285714285,9.0,27,0.14285714285714285,10,0.0,At Risk,0.8456920669792868,train
14332,Champions,United Kingdom,2.62984126984127,0.5555555555555556,14.174603174603174,47,0.0,393,0.0,Loyal Customers,0.8205629673835433,test
14333,At Risk,United Kingdom,8.063333333333334,0.06666666666666667,3.8666666666666667,15,0.0,0,0.5,Hibernating or Lost,0.5072537080810667,train
14334,Champions,United Kingdom,3.10937984496124,0.5348837209302325,11.573643410852712,148,0.12403100775193798,551,0.14285714285714285,Champions,0.981259281452183,test
14335,Loyal Customers,Germany,2.2895238095238097,0.14285714285714285,6.015873015873016,55,0.6666666666666666,80,0.0,Loyal Customers,0.7833040483943631,test
14336,Champions,United Kingdom,1.6151111111111112,0.7555555555555555,19.544444444444444,77,0.0,259,0.0,Loyal Customers,0.8704724511414116,train
14338,Loyal Customers,United Kingdom,2.9657999999999998,0.54,12.44,43,0.0,375,0.4,Loyal Customers,0.9006411260464628,train
14339,At Risk,United Kingdom,1.9978260869565219,0.7391304347826086,19.82608695652174,21,0.0,186,0.6,At Risk,0.833833798195812,train
14340,At Risk,United Kingdom,2.9333333333333336,0.6666666666666666,9.666666666666666,6,0.0,0,0.0,Hibernating or Lost,0.5226520580879255,test
14341,Champions,United Kingdom,2.526390977443609,0.32706766917293234,10.597744360902256,185,0.17669172932330826,693,0.1,Champions,0.9827063607332647,test
14342,Champions,United Kingdom,3.1136363636363638,0.5757575757575758,15.787878787878787,27,0.06060606060606061,451,0.3333333333333333,Loyal Customers,0.8845827867305939,train
14343,Loyal Customers,United Kingdom,2.4104201680672266,0.02100840336134454,2.6512605042016806,193,0.09243697478991597,268,0.0,Champions,0.5998457545140751,train
14344,Champions,United Kingdom,3.5830452674897124,0.18930041152263374,6.868312757201646,140,0.0,498,0.0,Champions,0.6397103353526308,train
14345,At Risk,United Kingdom,3.49,0.3333333333333333,8.333333333333334,6,0.0,0,0.0,At Risk,0.5947845570931846,train
14346,Loyal Customers,United Kingdom,3.476232876712329,0.4863013698630137,12.863013698630137,123,0.2602739726027397,376,0.0,Champions,0.7372621612930278,train
14347,Hibernating or Lost,United Kingdom,2.733333333333333,0.3333333333333333,8.0,6,0.0,0,0.0,Hibernating or Lost,0.5068579629241098,train
14348,At Risk,United Kingdom,2.962222222222222,0.5555555555555556,10.166666666666666,18,0.0,0,0.0,At Risk,0.6489482792953484,train
14349,At Risk,United Kingdom,2.3193548387096774,0.03225806451612903,2.774193548387097,31,0.0,0,0.0,At Risk,0.6490496539052968,train
14350,Loyal Customers,United Kingdom,4.105084745762712,0.423728813559322,9.203389830508474,55,0.0,155,0.25,At Risk,0.5015424187841035,test
14351,At Risk,United Kingdom,4.25,1.0,12.0,1,0.0,0,0.0,Hibernating or Lost,0.508902716968125,train
14352,Loyal Customers,United Kingdom,3.8659574468085105,0.5531914893617021,11.446808510638299,44,0.0,116,0.0,At Risk,0.8564446663241873,train
14353,At Risk,United Kingdom,1.666,0.72,13.76,18,0.24,216,0.0,Loyal Customers,0.8085505631578029,test
14354,Loyal Customers,United Kingdom,1.2377777777777779,0.8888888888888888,23.333333333333332,9,0.3333333333333333,24,0.0,Hibernating or Lost,0.5338464198620827,train
14355,Loyal Customers,United Kingdom,2.2785915492957747,0.5492957746478874,9.985915492957746,57,0.0,261,0.0,Loyal Customers,0.8895545673836586,test
14356,Loyal Customers,United Kingdom,3.9027272727272724,0.3333333333333333,8.393939393939394,33,0.0,1,0.5,At Risk,0.8657381856703236,train
14357,At Risk,United Kingdom,1.9502439024390246,0.04878048780487805,3.6097560975609757,39,0.0,0,0.0,At Risk,0.622888518232414,train
14358,At Risk,United Kingdom,1.5916,0.8,13.52,21,0.0,38,0.3333333333333333,At Risk,0.8389054355732848,train
14359,Loyal Customers,United Kingdom,3.922727272727273,0.34545454545454546,6.745454545454545,44,0.14545454545454545,68,0.5,At Risk,0.8657381856703236,train
14360,Loyal Customers,United Kingdom,3.1004237288135594,0.4830508474576271,9.754237288135593,104,0.0,62,0.0,Champions,0.4706378126235272,train
14361,Hibernating or Lost,United Kingdom,2.71,0.7142857142857143,17.928571428571427,14,0.0,0,0.0,Hibernating or Lost,0.6138854892987397,train
14362,At Risk,United Kingdom,2.3285365853658537,0.04878048780487805,2.4390243902439024,37,0.0,0,0.0,At Risk,0.6490496539052968,train
14363,At Risk,United Kingdom,3.4275,0.875,13.125,8,0.0,49,0.0,At Risk,0.577171417163366,train
14364,Champions,United Kingdom,3.0260869565217394,0.6086956521739131,28.507246376811594,61,0.18840579710144928,102,0.0,Loyal Customers,0.6501902371754644,train
14365,At Risk,United Kingdom,1.9623529411764706,0.5098039215686274,10.92156862745098,50,0.0,287,0.0,Loyal Customers,0.8895545673836586,train
14366,Hibernating or Lost,United Kingdom,8.5,1.0,16.0,1,0.0,0,0.0,Hibernating or Lost,0.6005744235979578,train
14367,Champions,United Kingdom,3.1757251908396946,0.21564885496183206,8.469465648854962,270,0.07442748091603053,267,0.15789473684210525,Champions,0.6397103353526308,train
14368,At Risk,United Kingdom,6.125,0.125,4.5,8,0.0,0,0.0,Hibernating or Lost,0.8053437570891684,train
14369,At Risk,United Kingdom,2.9269230769230767,0.5384615384615384,9.807692307692308,24,0.7307692307692307,19,0.0,At Risk,0.6022814389492007,test
14370,Loyal Customers,United Kingdom,6.598636363636363,0.1590909090909091,6.045454545454546,37,0.20454545454545456,226,0.3333333333333333,Loyal Customers,0.9355702495399447,train
14371,At Risk,United Kingdom,3.775,0.25,8.5,4,0.0,0,0.0,At Risk,0.5947845570931846,test
14372,At Risk,United Kingdom,4.201842105263157,0.3157894736842105,9.947368421052632,36,0.0,156,0.3333333333333333,At Risk,0.846130613744137,test
14373,At Risk,United Kingdom,11.625,0.25,4.25,4,0.0,0,0.0,Hibernating or Lost,0.643709969611338,test
14374,Hibernating or Lost,United Kingdom,8.364285714285714,0.0,2.857142857142857,7,0.0,0,0.0,Hibernating or Lost,0.8053437570891684,test
14375,Loyal Customers,United Kingdom,2.7449537037037035,0.046296296296296294,3.050925925925926,176,0.0,355,0.0,Champions,0.5998457545140751,train
14376,Hibernating or Lost,United Kingdom,3.9299999999999997,0.0,2.7777777777777777,17,0.0,0,0.0,Hibernating or Lost,0.8053437570891684,train
14377,At Risk,United Kingdom,9.15,0.5454545454545454,19.90909090909091,11,0.0,70,0.0,Hibernating or Lost,0.5157906567635884,train
14378,Hibernating or Lost,United Kingdom,3.6944444444444446,0.2222222222222222,6.333333333333333,9,1.0,0,0.0,At Risk,0.6628521335734414,train
14379,Loyal Customers,United Kingdom,3.3153488372093025,0.20155038759689922,5.5271317829457365,93,0.0,436,0.0,Loyal Customers,0.8892545966974172,test
14380,Hibernating or Lost,United Kingdom,48.96,0.0,1.0,1,0.0,0,0.5,Hibernating or Lost,0.5072537080810667,test
14381,Loyal Customers,United Kingdom,1.6418421052631578,0.10526315789473684,3.973684210526316,104,0.0,399,0.0,Loyal Customers,0.5111718900434721,test
14382,Loyal Customers,United Kingdom,1.8087086092715232,0.08940397350993377,5.632450331125828,227,1.0,363,0.3333333333333333,Champions,0.5801704562953106,train
14383,Loyal Customers,United Kingdom,3.32593220338983,0.5254237288135594,13.847457627118644,49,0.0,125,0.0,At Risk,0.5118624674150901,train
14384,Hibernating or Lost,United Kingdom,1.95,0.0,10.0,3,0.0,0,0.0,Hibernating or Lost,0.6844497618104414,train
14385,Loyal Customers,United Kingdom,1.6164285714285715,0.35714285714285715,11.357142857142858,13,0.0,14,0.0,At Risk,0.502078794807007,train
14386,At Risk,United Kingdom,3.885714285714286,0.42857142857142855,7.714285714285714,7,0.0,0,0.0,Hibernating or Lost,0.4959737363081736,train
14387,Loyal Customers,United Kingdom,3.382142857142857,0.12142857142857143,5.85,125,0.0,76,0.0,Loyal Customers,0.392049776133325,train
14388,Champions,United Kingdom,2.7224879227053136,0.2898550724637681,10.531400966183575,184,0.04830917874396135,678,0.2,Champions,0.9800812196187014,train
14389,Loyal Customers,United Kingdom,2.052758620689655,0.2988505747126437,15.954022988505747,48,0.0,525,0.5454545454545454,Champions,0.7514034122320508,train
14390,Champions,United Kingdom,3.2814052953156825,0.15071283095723015,5.9266802443991855,197,0.18533604887983707,414,0.2777777777777778,Champions,0.7249033138533625,train
14391,Hibernating or Lost,United Kingdom,0.8071428571428572,1.0,12.0,14,0.0,0,0.0,Hibernating or Lost,0.5750626267462317,train
14392,Hibernating or Lost,United Kingdom,2.7142857142857144,0.42857142857142855,8.142857142857142,14,1.0,0,0.0,At Risk,0.5525590410468182,test
14393,At Risk,United Kingdom,5.390000000000001,0.0,2.6,5,0.0,0,0.0,Hibernating or Lost,0.8053437570891684,test
14394,Hibernating or Lost,United Kingdom,2.6,0.6666666666666666,9.666666666666666,6,0.0,0,0.0,Hibernating or Lost,0.5226520580879255,train
14395,Champions,United Kingdom,2.9220195838433294,0.06854345165238677,4.9840881272949815,320,0.16401468788249693,598,0.16666666666666666,Champions,0.9701483488954694,test
14396,Champions,United Kingdom,2.760824742268041,0.048109965635738834,3.5120274914089347,202,0.47079037800687284,672,0.0,Champions,0.9740655364669074,train
14397,Champions,United Kingdom,2.0789655172413792,0.7816091954022989,21.724137931034484,18,0.11494252873563218,210,0.17391304347826086,Hibernating or Lost,0.6625839037072621,train
14398,At Risk,United Kingdom,3.919433962264151,0.09433962264150944,5.037735849056604,50,0.0,126,0.0,At Risk,0.6745487483719981,test
14399,Loyal Customers,United Kingdom,2.64160621761658,0.09844559585492228,5.015544041450777,119,0.0,280,0.1111111111111111,Champions,0.5998457545140751,train
14400,Loyal Customers,United Kingdom,1.6502739726027398,0.684931506849315,23.36986301369863,71,0.0,482,0.4,Loyal Customers,0.8597796442720461,test
14401,Champions,United Kingdom,1.7773684210526317,0.849624060150376,24.06390977443609,171,0.0,721,0.12,Champions,0.9759037735330374,test
14402,Hibernating or Lost,United Kingdom,1.15,1.0,30.0,8,0.0,0,0.0,Hibernating or Lost,0.6625839037072621,train
14403,Loyal Customers,United Kingdom,5.8796,0.56,29.48,20,0.0,508,0.3333333333333333,Champions,0.553255940037274,train
14404,Champions,United Kingdom,3.246113744075829,0.24170616113744076,7.848341232227488,123,0.6872037914691943,685,0.13333333333333333,Champions,0.9779856337643557,test
14405,Hibernating or Lost,United Kingdom,1.95,1.0,50.0,2,0.0,0,0.0,Hibernating or Lost,0.6625839037072621,train
14406,At Risk,United Kingdom,3.795,0.125,9.625,8,0.0,0,0.0,Hibernating or Lost,0.5204900635560313,test
14407,Loyal Customers,United Kingdom,3.5512328767123287,0.547945205479452,19.383561643835616,67,0.0,169,0.3333333333333333,Loyal Customers,0.5849322387816366,train
14408,Champions,United Kingdom,1.8924806201550388,0.6666666666666666,18.94573643410853,63,0.06976744186046512,721,0.0,Champions,0.7110812118740526,train
14409,Champions,United Kingdom,2.379622641509434,0.5094339622641509,22.650943396226417,76,0.0,496,0.1,Loyal Customers,0.8205629673835433,train
14410,Champions,United Kingdom,2.5094147582697204,0.06870229007633588,3.50381679389313,307,0.33587786259541985,344,0.35294117647058826,Champions,0.6901733718522715,test
14411,At Risk,United Kingdom,8.175,0.7142857142857143,14.0,14,0.0,0,0.0,Hibernating or Lost,0.508902716968125,test
14412,Loyal Customers,United Kingdom,1.7598809523809524,0.7857142857142857,17.0,75,0.0,381,0.25,Loyal Customers,0.8597796442720461,train
14413,Loyal Customers,United Kingdom,5.965151515151516,0.10101010101010101,2.8282828282828283,93,0.23232323232323232,326,0.0,Loyal Customers,0.9206943930211208,train
14414,Champions,United Kingdom,1.7971186440677966,0.8813559322033898,24.38135593220339,99,0.17796610169491525,283,0.1111111111111111,Loyal Customers,0.8756077574025906,train
14415,Champions,United Kingdom,3.1073116574147503,0.09674861221252974,4.999206978588422,445,0.3885804916732752,722,0.28125,Champions,0.978067152283113,train
14416,Loyal Customers,United Kingdom,1.6685714285714286,0.5,23.285714285714285,13,0.0,20,0.0,Hibernating or Lost,0.5817565378872296,train
14417,At Risk,United Kingdom,2.403941605839416,0.08029197080291971,4.138686131386861,106,0.0,0,0.0,Loyal Customers,0.3942893623348598,train
14418,Loyal Customers,United Kingdom,2.1406451612903226,0.5564516129032258,13.798387096774194,114,0.0,104,0.0,Loyal Customers,0.4102362535742974,train
14419,Champions,United Kingdom,2.559213973799127,0.013100436681222707,2.427947598253275,118,0.0,372,0.0,Champions,0.5998457545140751,train
14420,Loyal Customers,United Kingdom,2.815698924731183,0.6129032258064516,12.043010752688172,85,0.24731182795698925,592,0.42857142857142855,Champions,0.8224864178439402,test
14421,Champions,United Kingdom,2.5414583333333334,0.7083333333333334,13.979166666666666,72,0.4479166666666667,634,0.14285714285714285,Champions,0.7837813497013045,train
14422,Champions,United Kingdom,2.9489492753623185,0.5144927536231884,10.990942028985508,317,0.059782608695652176,721,0.09523809523809523,Champions,0.9825654733277243,train
14423,Loyal Customers,United Kingdom,2.508,0.5333333333333333,27.933333333333334,12,0.0,476,0.25,Loyal Customers,0.771300541061191,train
14424,At Risk,United Kingdom,6.71,1.0,48.0,1,0.0,0,0.0,Hibernating or Lost,0.6005744235979578,train
14425,At Risk,United Kingdom,3.2866666666666666,0.1794871794871795,8.333333333333334,35,0.0,302,0.4,Loyal Customers,0.895925295050926,train
14426,Champions,United Kingdom,3.3138245033112583,0.49337748344370863,11.62748344370861,452,0.033112582781456956,621,0.37037037037037035,Champions,0.9852790493222477,train
14427,Loyal Customers,United Kingdom,9.55,0.4318181818181818,12.227272727272727,43,0.0,581,0.0,Loyal Customers,0.5504826876932662,train
14428,Champions,United Kingdom,4.181319444444444,0.04861111111111111,3.0277777777777777,108,0.0,317,0.2857142857142857,Champions,0.5652734931650972,train
14429,At Risk,United Kingdom,2.4213636363636364,0.5909090909090909,13.0,22,0.0,0,0.0,At Risk,0.8035679349329616,train
14430,At Risk,United Kingdom,3.9128571428571424,0.8285714285714286,12.742857142857142,29,0.6285714285714286,95,0.4,At Risk,0.6335836430354969,train
14431,Loyal Customers,United Kingdom,3.385925925925926,0.5185185185185185,14.839506172839506,72,0.0,384,0.2,Loyal Customers,0.8289565169288982,train
14432,Champions,United Kingdom,1.4508115183246075,0.13350785340314136,5.4188481675392675,256,0.9502617801047121,79,0.0,Loyal Customers,0.5261593429904574,train
14433,Hibernating or Lost,United Kingdom,2.481818181818182,0.012987012987012988,1.7402597402597402,72,0.0,0,0.0,At Risk,0.5782410539002637,train
14434,Champions,United Kingdom,4.451666666666667,1.0,30.666666666666668,3,0.0,50,0.0,Hibernating or Lost,0.6005744235979578,train
14435,Hibernating or Lost,United Kingdom,0.5566666666666666,1.0,94.0,3,0.0,0,0.0,Hibernating or Lost,0.6625839037072621,train
14436,At Risk,United Kingdom,1.9427272727272729,0.8181818181818182,27.0,11,0.0,454,0.0,Loyal Customers,0.5664796629088443,train
14437,Loyal Customers,United Kingdom,3.076041666666667,0.4791666666666667,10.125,34,0.16666666666666666,217,0.2857142857142857,Loyal Customers,0.9210557436456619,train
14438,At Risk,United Kingdom,1.5944444444444443,0.0,9.11111111111111,9,1.0,0,0.0,Hibernating or Lost,0.6321930711232338,train
14439,Loyal Customers,Other,5.3134883720930235,0.7131782945736435,17.3953488372093,105,0.0,367,0.0,Champions,0.6655761386894912,train
14440,Champions,United Kingdom,4.465248226950354,0.6170212765957447,12.446808510638299,63,0.0,729,0.13333333333333333,Champions,0.6790903995418529,train
14441,Champions,United Kingdom,5.5662987012987015,0.3961038961038961,8.181818181818182,103,0.16883116883116883,689,0.42105263157894735,Champions,0.9793515990764192,train
14442,Champions,Other,8.020382513661202,0.24043715846994534,7.819672131147541,128,0.0,485,0.4166666666666667,Champions,0.6186349792270993,train
14443,Champions,United Kingdom,2.4763398692810457,0.5163398692810458,9.934640522875817,119,0.16993464052287582,325,0.375,Champions,0.7942722572980542,test
14444,Hibernating or Lost,United Kingdom,1.2646153846153847,0.38461538461538464,13.846153846153847,11,0.0,0,0.0,At Risk,0.4967706698319442,train
14445,Hibernating or Lost,United Kingdom,2.7171875,0.0,2.59375,32,0.0,0,0.0,At Risk,0.6490496539052968,test
14446,Champions,United Kingdom,1.7714159292035399,0.061946902654867256,3.2920353982300883,259,0.0,385,0.0,Loyal Customers,0.5111718900434721,train
14447,Champions,United Kingdom,2.603301886792453,0.32075471698113206,8.61320754716981,81,0.0,381,0.0,Loyal Customers,0.8780938454915321,train
14448,Loyal Customers,United Kingdom,2.7175000000000002,0.1,5.2,20,0.0,354,0.0,Loyal Customers,0.8293383283510054,train
14449,Champions,United Kingdom,1.798974358974359,0.05128205128205128,3.2564102564102564,301,0.0,417,0.0,Loyal Customers,0.5111718900434721,test
14450,Loyal Customers,United Kingdom,2.953289473684211,0.21052631578947367,6.868421052631579,47,0.5263157894736842,429,0.0,Loyal Customers,0.8760416267596324,train
14451,Champions,United Kingdom,2.1726436781609197,0.017241379310344827,3.3659003831417627,245,0.4521072796934866,631,0.3333333333333333,Champions,0.967524875363863,train
14452,Loyal Customers,United Kingdom,3.1096212121212123,0.015151515151515152,2.1893939393939394,108,0.0,510,0.0,Champions,0.9679373006859754,test
14453,At Risk,United Kingdom,3.777272727272727,0.09090909090909091,2.227272727272727,22,0.0,0,0.0,At Risk,0.7386192680994106,train
14454,Loyal Customers,United Kingdom,3.446272727272727,0.03636363636363636,3.6363636363636362,93,1.0,357,0.16666666666666666,Loyal Customers,0.9026307242250012,train
14455,At Risk,United Kingdom,1.370126582278481,0.26582278481012656,9.10126582278481,65,0.9240506329113924,63,0.2,Loyal Customers,0.5633237638321114,train
14456,Champions,United Kingdom,1.7757628865979382,0.06391752577319587,2.997938144329897,580,0.6030927835051546,137,0.35714285714285715,Loyal Customers,0.5377847896528131,train
14457,At Risk,United Kingdom,1.2550000000000001,1.0,22.0,4,0.0,0,0.0,Hibernating or Lost,0.6625839037072621,train
14458,Hibernating or Lost,United Kingdom,1.2853061224489795,0.12244897959183673,6.6938775510204085,46,0.0,0,0.0,At Risk,0.688820124992861,train
14459,Loyal Customers,United Kingdom,3.6253185840707967,0.7345132743362832,20.38053097345133,113,0.0,496,0.3333333333333333,Champions,0.7823380937597688,train
14460,Loyal Customers,United Kingdom,1.233095238095238,0.8809523809523809,44.73809523809524,33,0.38095238095238093,613,0.25,Champions,0.5473459516399468,train
14461,Champions,United Kingdom,3.4572222222222226,0.11265432098765432,4.671296296296297,515,0.0,542,0.07142857142857142,Champions,0.9679373006859754,train
14462,Champions,United Kingdom,2.919446366782007,0.07958477508650519,3.709342560553633,182,0.2560553633217993,366,0.25,Champions,0.6901733718522715,train
14463,Loyal Customers,United Kingdom,6.5325,0.875,26.25,7,0.0,401,0.0,Loyal Customers,0.5567442438951978,train
14464,At Risk,United Kingdom,3.6875,0.25,15.5,4,0.0,59,0.0,At Risk,0.5735462686717431,test
14465,Champions,United Kingdom,2.5854500000000002,0.365,12.73,128,0.045,454,0.0,Champions,0.6947668091035386,train
14466,Champions,United Kingdom,2.9855092592592594,0.42592592592592593,12.24074074074074,77,0.18518518518518517,696,0.0,Champions,0.7868676474409136,train
14467,Champions,United Kingdom,2.3719480519480522,0.022727272727272728,3.883116883116883,144,0.0,720,0.0,Champions,0.9701483488954694,train
14468,Hibernating or Lost,United Kingdom,5.289166666666667,0.25,13.666666666666666,12,1.0,0,0.0,At Risk,0.6491616281533729,train
14469,Loyal Customers,United Kingdom,3.899047619047619,0.17006802721088435,6.666666666666667,120,0.0,263,0.0,Champions,0.5632592984564477,train
14470,Loyal Customers,United Kingdom,4.691999999999999,0.13333333333333333,4.7,56,0.0,418,0.0,Loyal Customers,0.8978707102564389,train
14471,At Risk,United Kingdom,3.1514634146341467,0.14634146341463414,4.560975609756097,38,0.0,141,0.0,At Risk,0.8232792371331008,train
14472,Loyal Customers,United Kingdom,2.807027027027027,0.08708708708708708,3.918918918918919,173,0.8438438438438438,585,0.0,Champions,0.9740655364669074,train
14473,At Risk,United Kingdom,4.107142857142857,0.5714285714285714,12.571428571428571,7,0.0,208,0.0,At Risk,0.5615387263657337,train
14474,Loyal Customers,United Kingdom,4.127272727272727,0.09090909090909091,3.4318181818181817,122,0.7803030303030303,533,0.3333333333333333,Champions,0.9701803879678551,train
14475,Loyal Customers,United Kingdom,3.061666666666667,0.4791666666666667,11.270833333333334,40,0.0,337,0.42857142857142855,Loyal Customers,0.9006411260464628,train
14476,At Risk,United Kingdom,3.2710526315789474,0.2631578947368421,6.947368421052632,17,1.0,0,0.0,At Risk,0.6628521335734414,train
14477,Champions,United Kingdom,1.8228571428571427,1.0,80.0,7,0.21428571428571427,684,0.3,Champions,0.66871456385134,train
14478,Loyal Customers,United Kingdom,2.2101470588235292,0.5588235294117647,18.029411764705884,59,0.0,356,0.0,Loyal Customers,0.8675653219986909,train
14479,Loyal Customers,United Kingdom,3.0981208053691276,0.10067114093959731,4.1610738255033555,127,0.8120805369127517,479,0.0,Champions,0.6179814692796378,train
14480,Champions,United Kingdom,2.7936923076923077,0.6,10.307692307692308,52,0.0,707,0.2,Champions,0.757974961478961,train
14481,Loyal Customers,United Kingdom,2.329605263157895,0.3684210526315789,10.421052631578947,114,0.28289473684210525,512,0.16666666666666666,Champions,0.984865917299532,train
14482,Champions,United Kingdom,2.558735177865613,0.22134387351778656,11.42687747035573,185,0.04743083003952569,451,0.14285714285714285,Champions,0.6947668091035386,train
14483,At Risk,United Kingdom,1.666923076923077,0.6153846153846154,14.846153846153847,13,0.0,455,0.3333333333333333,Loyal Customers,0.7073908822930929,test
14484,Loyal Customers,United Kingdom,2.091509433962264,0.6226415094339622,14.037735849056604,47,0.0,672,0.0,Champions,0.7110812118740526,train
14485,At Risk,United Kingdom,2.682978723404255,0.0,1.5106382978723405,44,0.0,0,0.0,At Risk,0.6490496539052968,train
14486,At Risk,United Kingdom,1.95,0.5,15.0,4,0.0,41,0.0,Hibernating or Lost,0.5817565378872296,train
14487,Champions,United Kingdom,2.4875263157894736,0.13157894736842105,4.405263157894737,129,0.6894736842105263,352,0.125,Champions,0.6352384448555851,test
14488,Loyal Customers,United Kingdom,2.131304347826087,0.717391304347826,17.369565217391305,46,0.0,0,0.5,At Risk,0.5060970110873891,train
14489,Loyal Customers,United Kingdom,2.1586000000000003,0.24,10.11,65,0.0,405,0.0,Loyal Customers,0.8959941324835589,train
14490,At Risk,United Kingdom,1.910875,0.575,11.6625,72,0.0,22,0.0,At Risk,0.6087421704377465,train
14491,At Risk,United Kingdom,4.467619047619048,0.2857142857142857,8.523809523809524,17,0.0,197,0.0,At Risk,0.4984835712030462,train
14492,Loyal Customers,United Kingdom,4.3673913043478265,0.25,8.16304347826087,70,0.10869565217391304,188,0.3,At Risk,0.5447313685685866,train
14493,Champions,United Kingdom,2.8269505494505496,0.37637362637362637,8.744505494505495,292,0.17032967032967034,634,0.2857142857142857,Champions,0.9859072035850681,test
14494,Loyal Customers,United Kingdom,1.8523529411764705,0.7058823529411765,12.352941176470589,17,0.0,705,0.0,Champions,0.4866768257577264,train
14495,At Risk,United Kingdom,2.935714285714286,0.14285714285714285,9.714285714285714,7,0.0,609,0.25,Champions,0.6757492071277598,train
14496,Champions,United Kingdom,5.253963963963964,0.36036036036036034,8.927927927927929,64,0.08108108108108109,321,0.3,Loyal Customers,0.892988418677923,train
14497,At Risk,United Kingdom,4.2715000000000005,0.325,8.3,40,0.0,364,0.3333333333333333,Loyal Customers,0.8742024095326586,train
14498,Champions,United Kingdom,3.0365498652291105,0.10512129380053908,5.7196765498652296,276,0.0,507,0.0,Champions,0.9708814921492195,train
14499,Champions,United Kingdom,2.09153605015674,0.09404388714733543,3.9184952978056424,199,0.6238244514106583,443,0.3,Champions,0.5801704562953106,train
14500,Loyal Customers,United Kingdom,6.214285714285714,0.42857142857142855,16.714285714285715,6,0.0,101,0.0,Hibernating or Lost,0.5157906567635884,train
14501,At Risk,United Kingdom,2.175,0.8,16.1,9,0.0,136,0.3333333333333333,At Risk,0.6450182397136387,train
14502,Champions,United Kingdom,2.378974358974359,0.020833333333333332,2.4006410256410255,368,0.8301282051282052,293,0.21428571428571427,Champions,0.6352384448555851,train
14503,Champions,United Kingdom,2.6662195121951218,0.5792682926829268,12.21951219512195,113,0.21951219512195122,175,0.0,Champions,0.5845948022124764,train
14504,Loyal Customers,United Kingdom,3.4827102803738317,0.06542056074766354,2.878504672897196,85,0.794392523364486,231,0.0,Loyal Customers,0.9026307242250012,train
14505,Champions,United Kingdom,2.9915858208955224,0.04291044776119403,3.347636815920398,898,0.3725124378109453,713,0.2962962962962963,Champions,0.978067152283113,train
14506,Champions,United Kingdom,3.5466737288135595,0.01694915254237288,2.2838983050847457,251,0.211864406779661,582,0.0,Champions,0.9721425832198033,train
14507,Champions,United Kingdom,3.406816479400749,0.17228464419475656,5.752808988764045,182,0.3258426966292135,705,0.21428571428571427,Champions,0.9779856337643557,train
14508,Loyal Customers,United Kingdom,3.455159574468085,0.026595744680851064,1.9095744680851063,142,0.4308510638297872,518,0.16666666666666666,Champions,0.9721425832198033,train
14509,Hibernating or Lost,United Kingdom,3.51,0.0,1.52,25,0.0,0,0.0,At Risk,0.7386192680994106,test
14510,Loyal Customers,United Kingdom,2.084230769230769,0.38461538461538464,10.525641025641026,67,0.0,60,0.25,Loyal Customers,0.5243782934766976,test
14511,Champions,United Kingdom,2.501764705882353,0.7352941176470589,11.529411764705882,53,0.25,122,0.16666666666666666,Loyal Customers,0.6905163251449835,test
14512,Loyal Customers,United Kingdom,2.94975,0.2625,9.275,55,0.325,544,0.0,Champions,0.7448086779745412,train
14513,Loyal Customers,United Kingdom,2.2689473684210526,0.631578947368421,31.210526315789473,15,0.05263157894736842,467,0.14285714285714285,Loyal Customers,0.5664796629088443,train
14514,Champions,United Kingdom,2.557235294117647,0.24705882352941178,7.341176470588235,212,0.2529411764705882,665,0.1,Champions,0.9795133047476816,test
14515,Champions,United Kingdom,2.7939204545454546,0.2897727272727273,10.892045454545455,109,0.0,532,0.2,Champions,0.9800812196187014,train
14516,Hibernating or Lost,United Kingdom,2.8432432432432435,0.02702702702702703,1.837837837837838,35,1.0,0,0.0,At Risk,0.6311892606008653,test
14517,At Risk,United Kingdom,5.333333333333333,0.1111111111111111,5.055555555555555,17,0.2222222222222222,108,0.0,Hibernating or Lost,0.7107953943248793,train
14518,At Risk,United Kingdom,2.699375,0.25,17.375,16,0.0,0,0.0,Hibernating or Lost,0.5261141543719641,train
14519,At Risk,United Kingdom,2.806153846153846,0.0,2.1025641025641026,38,0.0,45,0.0,At Risk,0.6490496539052968,train
14520,Loyal Customers,United Kingdom,3.2075,0.75,36.5,3,0.0,289,0.0,Loyal Customers,0.6423924882473523,train
14521,Hibernating or Lost,United Kingdom,2.4147058823529415,0.47058823529411764,12.411764705882353,17,0.0,0,0.5,At Risk,0.7633919045519497,train
14522,Champions,United Kingdom,2.5986956521739133,0.5,21.043478260869566,34,0.13043478260869565,659,0.0,Champions,0.5876041510014863,train
14523,At Risk,United Kingdom,2.72,0.75,20.916666666666668,12,0.0,0,0.0,Hibernating or Lost,0.6138854892987397,train
14524,Champions,United Kingdom,3.663201219512195,0.07926829268292683,3.5853658536585367,250,0.14634146341463414,385,0.0,Champions,0.5817880101099283,train
14525,Champions,United Kingdom,2.9135174953959484,0.2302025782688766,9.640883977900552,340,0.20994475138121546,706,0.19047619047619047,Champions,0.9827063607332647,train
14526,Hibernating or Lost,United Kingdom,2.0126190476190478,0.023809523809523808,4.261904761904762,41,0.0,0,0.0,At Risk,0.622888518232414,train
14527,Champions,United Kingdom,5.188574601999259,0.019622362088115512,2.503517215845983,607,0.042576823398741206,735,0.35789473684210527,Champions,0.9657057703935714,test
14528,At Risk,United Kingdom,1.973888888888889,0.6111111111111112,15.444444444444445,18,0.0,0,0.0,Hibernating or Lost,0.6625839037072621,train
14529,Loyal Customers,United Kingdom,1.9686026200873363,0.0,1.519650655021834,177,0.2183406113537118,50,0.0,Loyal Customers,0.5261593429904574,train
14530,Champions,United Kingdom,3.7003298969072165,0.15257731958762888,6.214432989690722,269,0.0,661,0.15789473684210525,Champions,0.9746517878282736,train
14531,At Risk,United Kingdom,2.464827586206897,0.3793103448275862,8.96551724137931,29,0.0,0,0.0,At Risk,0.8059974635658709,train
14532,Champions,United Kingdom,4.6075786163522015,0.05660377358490566,3.506289308176101,209,0.9559748427672956,462,0.08333333333333333,Champions,0.5409613870919555,test
14533,Champions,United Kingdom,2.1730337078651685,0.7752808988764045,67.84269662921348,74,0.2808988764044944,585,0.26666666666666666,Champions,0.7850900537360093,train
14534,Champions,United Kingdom,3.2732558139534884,0.07387140902872777,3.9069767441860463,437,0.017783857729138167,631,0.3157894736842105,Champions,0.9747582747155219,train
14535,Champions,United Kingdom,2.820414201183432,0.07692307692307693,3.834319526627219,589,0.0,593,0.18181818181818182,Champions,0.9701483488954694,train
14536,At Risk,United Kingdom,4.8315789473684205,0.0,2.1052631578947367,18,0.0,0,0.0,Hibernating or Lost,0.8053437570891684,train
14537,Loyal Customers,United Kingdom,3.957391304347826,0.6521739130434783,9.91304347826087,23,0.0,565,0.3333333333333333,Loyal Customers,0.518132667392811,test
14538,Loyal Customers,United Kingdom,7.691923076923077,0.15384615384615385,5.461538461538462,45,0.34615384615384615,618,0.0,Champions,0.6415622844985029,train
14539,Loyal Customers,United Kingdom,2.0790625,0.6875,13.375,31,0.0,28,0.0,At Risk,0.8233358072462033,train
14540,Champions,United Kingdom,3.7373626373626374,0.20512820512820512,5.930402930402931,197,0.18315018315018314,722,0.08333333333333333,Champions,0.9779856337643557,train
14541,Champions,United Kingdom,2.6453591160220995,0.1878453038674033,6.237569060773481,99,0.0,642,0.0,Champions,0.715929125683814,train
14542,At Risk,United Kingdom,5.41,0.0,3.8,5,0.0,0,0.0,Hibernating or Lost,0.8053437570891684,train
14543,Champions,United Kingdom,6.960046082949308,0.4009216589861751,12.428571428571429,106,0.0,709,0.22,Champions,0.9744760886192599,train
14544,Champions,United Kingdom,2.1683854166666667,0.328125,12.697916666666666,148,0.0,445,0.0,Champions,0.5846305607477712,train
14545,At Risk,United Kingdom,4.127826086956522,0.30434782608695654,10.26086956521739,23,0.0,0,0.0,At Risk,0.867997490985079,train
14546,Champions,United Kingdom,2.517383647798742,0.0440251572327044,3.3911949685534593,410,0.6427672955974842,727,0.45,Champions,0.9795888182470818,train
14547,Champions,United Kingdom,2.8737704918032785,0.20491803278688525,7.2896174863387975,198,0.8661202185792349,50,0.1111111111111111,Champions,0.4981503663819874,train
14548,Champions,United Kingdom,3.037787610619469,0.1504424778761062,9.035398230088495,66,0.49557522123893805,582,0.0,Champions,0.7305682095249739,train
14549,Loyal Customers,United Kingdom,2.9227777777777777,0.020833333333333332,2.7430555555555554,117,0.1875,425,0.0,Champions,0.6352384448555851,train
14550,Champions,United Kingdom,2.458265306122449,0.25510204081632654,7.918367346938775,77,0.0,473,0.0,Loyal Customers,0.8780938454915321,train
14551,Champions,United Kingdom,3.1388749999999996,0.2125,6.0875,69,0.8,663,0.2222222222222222,Champions,0.7761128375786557,train
14552,At Risk,United Kingdom,2.0260509554140125,0.0,1.6624203821656052,124,0.0,440,0.0,Loyal Customers,0.5111718900434721,train
14553,Champions,United Kingdom,2.5913999999999997,0.07333333333333333,3.8,233,0.87,490,0.1,Champions,0.6352384448555851,train
14554,Champions,United Kingdom,2.756851851851852,0.18518518518518517,6.842592592592593,147,0.0,42,0.0,Loyal Customers,0.399587568091356,train
14555,Champions,United Kingdom,3.802016806722689,0.18487394957983194,7.142857142857143,94,0.0,664,0.14285714285714285,Champions,0.7006175932698865,train
14556,At Risk,United Kingdom,2.7585714285714285,0.0049261083743842365,1.6305418719211822,158,0.0,92,0.0,Loyal Customers,0.3942893623348598,test
14557,At Risk,United Kingdom,1.59,1.0,31.875,16,0.0,0,0.5,At Risk,0.6450182397136387,train
14558,At Risk,United Kingdom,7.963333333333334,0.2,10.8,13,0.0,77,0.4,At Risk,0.8092815351331907,test
14559,Hibernating or Lost,United Kingdom,1.05,1.0,36.0,2,1.0,0,0.0,Hibernating or Lost,0.5338464198620827,train
14560,Champions,United Kingdom,4.35025,0.56,22.9,60,0.255,730,0.043478260869565216,Champions,0.7737614747056438,train
14561,Loyal Customers,United Kingdom,1.9856521739130433,0.7391304347826086,14.695652173913043,67,0.4782608695652174,108,0.0,Loyal Customers,0.5707788490634499,train
14562,Champions,United Kingdom,3.181047463175123,0.088379705400982,4.261865793780688,245,0.23240589198036007,666,0.13333333333333333,Champions,0.9721425832198033,train
14563,At Risk,United Kingdom,4.151478260869565,0.043478260869565216,2.9130434782608696,95,0.2,82,0.0,Loyal Customers,0.4668812028183201,train
14564,Loyal Customers,Other,3.494299065420561,0.5046728971962616,12.102803738317757,107,0.0,300,0.6,Champions,0.7523126420420513,test
14565,Loyal Customers,United Kingdom,3.7155625,0.6125,12.125,139,0.0,377,0.2857142857142857,Champions,0.7388919906168961,train
14566,Loyal Customers,Other,1.71,1.0,150.0,9,0.25,423,0.0,Loyal Customers,0.7719261123161596,train
14567,Loyal Customers,United Kingdom,3.7118181818181815,1.0,12.484848484848484,33,0.0,73,0.3333333333333333,At Risk,0.7944880376073643,train
14568,At Risk,Other,1.9600000000000002,0.7659574468085106,13.72340425531915,47,0.0,0,0.5,At Risk,0.5385930511765358,train
14569,Loyal Customers,United Kingdom,2.8474285714285714,0.2857142857142857,7.371428571428571,31,0.0,602,0.0,Loyal Customers,0.5333396390105142,train
14570,At Risk,United Kingdom,3.286764705882353,0.19117647058823528,6.338235294117647,64,0.0,162,0.0,At Risk,0.6070465126912832,test
14571,Hibernating or Lost,United Kingdom,2.8354838709677415,0.0,1.8387096774193548,30,1.0,0,0.0,At Risk,0.6311892606008653,test
14572,Champions,United Kingdom,3.1359695817490496,0.15399239543726237,5.576045627376426,336,0.37832699619771865,618,0.26666666666666666,Champions,0.9809167322026349,train
14573,Champions,United Kingdom,4.3246984924623115,0.017587939698492462,2.0979899497487438,183,0.1984924623115578,520,0.23529411764705882,Champions,0.9701803879678551,train
14574,Hibernating or Lost,United Kingdom,2.768181818181818,0.2727272727272727,5.7272727272727275,11,0.0,0,0.0,Hibernating or Lost,0.5068579629241098,train
14575,At Risk,United Kingdom,3.223108108108108,0.02702702702702703,2.3783783783783785,71,1.0,0,0.0,Loyal Customers,0.5798402326660045,test
14576,At Risk,United Kingdom,2.95,1.0,12.0,1,0.0,0,0.0,Hibernating or Lost,0.5226520580879255,train
14577,Champions,United Kingdom,2.6606486486486487,0.010810810810810811,3.097297297297297,104,0.3837837837837838,716,0.0,Champions,0.9740655364669074,train
14578,At Risk,United Kingdom,2.45125,0.20833333333333334,10.0,24,0.0,0,0.0,At Risk,0.8200734138157137,train
14579,Hibernating or Lost,United Kingdom,1.992,0.0,2.24,24,1.0,0,0.0,At Risk,0.6592528257403111,train
14580,Hibernating or Lost,United Kingdom,4.95,0.0,3.0,1,0.0,0,0.0,Hibernating or Lost,0.8053437570891684,train
14581,Loyal Customers,United Kingdom,2.9555384615384614,0.046153846153846156,4.753846153846154,59,0.7384615384615385,527,0.0,Champions,0.6962315855974162,train
14582,At Risk,United Kingdom,3.39,0.5,12.166666666666666,6,1.0,0,0.0,At Risk,0.6816655448243694,train
14583,Champions,United Kingdom,2.2429051383399212,0.02766798418972332,2.282608695652174,353,0.4031620553359684,615,0.0,Champions,0.9588644593642219,train
14584,Loyal Customers,United Kingdom,2.740814479638009,0.05429864253393665,4.357466063348416,127,0.0,491,0.1111111111111111,Champions,0.5998457545140751,train
14585,Loyal Customers,United Kingdom,1.8475675675675676,0.06306306306306306,5.675675675675675,88,0.0,366,0.0,Loyal Customers,0.901063629428401,train
14586,At Risk,United Kingdom,0.6984210526315789,0.8947368421052632,23.36842105263158,19,0.0,0,0.6666666666666666,At Risk,0.833833798195812,train
14587,Champions,United Kingdom,2.3890339425587466,0.005221932114882507,1.9869451697127938,170,0.0,312,0.1,Champions,0.5998457545140751,train
14588,Hibernating or Lost,United Kingdom,2.799375,0.0625,3.875,16,0.0,0,0.0,Hibernating or Lost,0.8147627841867663,train
14589,At Risk,United Kingdom,7.95,0.0,1.6666666666666667,3,0.0,0,0.0,Hibernating or Lost,0.8053437570891684,train
14590,Loyal Customers,United Kingdom,3.8465196078431374,0.09803921568627451,4.431372549019608,124,0.0,307,0.2857142857142857,Champions,0.5652734931650972,test
14591,Champions,United Kingdom,2.8107106598984775,0.1319796954314721,6.583756345177665,138,0.0,197,0.0,Loyal Customers,0.3943224971875318,train
14592,Loyal Customers,United Kingdom,2.0446341463414632,0.042682926829268296,2.5304878048780486,132,0.0,28,0.0,At Risk,0.4176832484611063,train
14593,Champions,United Kingdom,2.5181803542673107,0.040257648953301126,3.0193236714975846,436,0.09500805152979067,708,0.3333333333333333,Champions,0.9765065129176332,train
14594,Loyal Customers,United Kingdom,3.2235714285714283,0.023809523809523808,3.9404761904761907,48,0.0,365,0.0,Loyal Customers,0.8942440043812727,test
14595,Champions,United Kingdom,2.608308823529412,0.36764705882352944,9.029411764705882,119,0.25735294117647056,668,0.0,Champions,0.9795133047476816,test
14596,Hibernating or Lost,United Kingdom,3.3821052631578947,0.0,1.3859649122807018,50,0.0,0,0.0,At Risk,0.6313688337125513,test
14597,Champions,United Kingdom,1.8771844660194175,0.3592233009708738,14.048543689320388,79,0.0,425,0.0,Loyal Customers,0.8760737995754729,train
14598,Loyal Customers,United Kingdom,1.4463333333333332,0.05555555555555555,3.933333333333333,83,0.0,525,0.3333333333333333,Champions,0.610845852089176,train
14599,At Risk,United Kingdom,2.3919512195121952,0.06097560975609756,3.597560975609756,77,1.0,118,0.0,Loyal Customers,0.5967589475498478,train
14600,At Risk,United Kingdom,3.7948148148148153,0.3148148148148148,9.018518518518519,53,0.0,87,0.0,At Risk,0.6070465126912832,train
14601,At Risk,United Kingdom,1.4342857142857142,1.0,24.0,7,0.0,0,0.0,Hibernating or Lost,0.6625839037072621,train
14602,Hibernating or Lost,United Kingdom,3.558709677419355,0.0,2.5806451612903225,31,1.0,0,0.0,At Risk,0.6949360266619181,test
14603,At Risk,United Kingdom,1.65,1.0,200.0,2,0.0,0,0.0,Hibernating or Lost,0.6625839037072621,train
14604,Hibernating or Lost,United Kingdom,2.028695652173913,0.043478260869565216,3.8260869565217392,20,0.0,0,0.0,At Risk,0.622888518232414,train
14605,Loyal Customers,United Kingdom,3.392072072072072,0.0990990990990991,3.81981981981982,88,0.0,357,0.0,Loyal Customers,0.8942440043812727,train
14606,Champions,United Kingdom,2.8290953396283887,0.03228754188242461,2.3812062138288153,1262,0.19829424307036247,735,0.25868725868725867,Champions,0.9795888182470818,train
14607,Champions,United Kingdom,2.5926315789473686,0.8373205741626795,74.56937799043062,106,0.05741626794258373,708,0.18518518518518517,Champions,0.984917761558242,test
14608,Champions,United Kingdom,3.927441860465116,0.627906976744186,21.558139534883722,15,0.09302325581395349,729,0.08333333333333333,Champions,0.5645852273718696,train
14609,Champions,United Kingdom,0.26153846153846155,1.0,978.4615384615385,6,0.07692307692307693,596,0.09090909090909091,Champions,0.5440678580703685,train
14610,At Risk,United Kingdom,2.0100000000000002,0.0,1.5,10,0.0,118,0.0,Hibernating or Lost,0.843854912113596,train
14611,At Risk,United Kingdom,2.1657894736842103,0.7105263157894737,15.31578947368421,37,0.0,154,0.3333333333333333,At Risk,0.833833798195812,test
14612,At Risk,United Kingdom,7.028571428571429,0.5714285714285714,9.571428571428571,14,0.0,0,0.0,At Risk,0.5615387263657337,test
14613,Hibernating or Lost,United Kingdom,1.06,1.0,72.0,1,0.0,0,0.0,Hibernating or Lost,0.6625839037072621,train
14614,Hibernating or Lost,United Kingdom,2.7663157894736843,0.3684210526315789,9.947368421052632,19,0.0,0,0.0,At Risk,0.8021283796886285,train
14615,Loyal Customers,United Kingdom,3.408541666666667,0.5208333333333334,10.3125,40,0.0,153,0.16666666666666666,At Risk,0.8368435692463948,test
14616,Loyal Customers,United Kingdom,3.224,1.0,34.0,3,0.0,306,0.0,Loyal Customers,0.6423924882473523,train
14617,At Risk,United Kingdom,2.8633333333333333,0.1111111111111111,9.0,7,0.0,13,0.0,Hibernating or Lost,0.7025009347304892,train
14618,Champions,United Kingdom,4.51,0.4117647058823529,13.803921568627452,40,0.0392156862745098,537,0.2222222222222222,Loyal Customers,0.4970212762409057,train
14619,Loyal Customers,United Kingdom,3.7811666666666666,0.43333333333333335,9.9,58,0.0,295,0.3333333333333333,Loyal Customers,0.834887252573607,train
14620,At Risk,United Kingdom,3.4223076923076925,0.2692307692307692,8.23076923076923,26,0.0,78,0.3333333333333333,At Risk,0.817850804346037,train
14621,Champions,United Kingdom,2.697735849056604,0.4591194968553459,10.729559748427674,134,0.1069182389937107,682,0.4375,Champions,0.9863078406293203,test
14622,At Risk,United Kingdom,3.212380952380953,0.14285714285714285,6.9523809523809526,21,0.0,0,0.0,At Risk,0.8596366604048866,test
14623,Champions,United Kingdom,2.8535616438356164,0.08561643835616438,3.6267123287671232,193,0.0,569,0.16666666666666666,Champions,0.9701483488954694,train
14624,Loyal Customers,United Kingdom,2.349607843137255,0.6274509803921569,12.647058823529411,39,0.0,547,0.0,Champions,0.5046854496639299,train
14625,Champions,United Kingdom,3.944022556390977,0.2857142857142857,8.101503759398497,167,0.0,527,0.3888888888888889,Champions,0.9728698621407936,train
14626,Champions,United Kingdom,2.973448275862069,0.5086206896551724,13.512931034482758,181,0.04741379310344827,705,0.26666666666666666,Champions,0.9852790493222477,train
14627,At Risk,United Kingdom,2.6017241379310345,0.3103448275862069,9.793103448275861,29,0.0,0,0.6666666666666666,At Risk,0.7604017168623005,train
14628,Loyal Customers,United Kingdom,3.5344186046511625,0.5465116279069767,13.337209302325581,65,0.0,592,0.0,Champions,0.7613813838957879,train
14629,Loyal Customers,United Kingdom,3.738815789473684,0.03289473684210526,2.5,133,0.5526315789473685,43,0.3333333333333333,Champions,0.48947791385990536,train
14630,Hibernating or Lost,United Kingdom,5.104761904761905,0.14285714285714285,5.285714285714286,21,0.0,0,0.0,At Risk,0.8033995112237373,train
14631,Loyal Customers,United Kingdom,2.6604395604395603,0.6593406593406593,15.461538461538462,65,0.0,436,0.14285714285714285,Loyal Customers,0.8298543882955799,train
14632,At Risk,United Kingdom,2.54,0.125,12.0,8,0.0,0,0.0,Hibernating or Lost,0.6375937308422803,train
14633,At Risk,United Kingdom,5.4025,0.15,4.8,20,0.0,0,0.0,At Risk,0.8033995112237373,train
14634,Loyal Customers,United Kingdom,2.096238532110092,0.6880733944954128,17.486238532110093,105,0.0,104,0.42857142857142855,Champions,0.4696592375037489,test
14635,Hibernating or Lost,United Kingdom,3.8766666666666665,0.26666666666666666,7.866666666666666,15,1.0,0,0.0,At Risk,0.596955181781055,train
14636,Loyal Customers,United Kingdom,3.038214285714286,0.2857142857142857,8.607142857142858,27,0.0,232,0.0,Loyal Customers,0.8446380762770813,train
14637,Hibernating or Lost,United Kingdom,1.4457142857142855,0.8571428571428571,14.285714285714286,7,1.0,0,0.0,Hibernating or Lost,0.5338464198620827,train
14638,At Risk,United Kingdom,4.159375,0.5,10.375,16,0.0,0,0.0,At Risk,0.5615387263657337,train
14639,Champions,United Kingdom,4.441027397260274,0.4349315068493151,8.253424657534246,203,0.0,609,0.18181818181818182,Champions,0.9697973294441601,train
14640,Champions,United Kingdom,3.4352450980392155,0.39215686274509803,8.093137254901961,165,0.0,661,0.375,Champions,0.9825514741684045,train
14641,At Risk,United Kingdom,1.2900000000000003,0.8571428571428571,12.857142857142858,7,0.0,0,0.0,Hibernating or Lost,0.5750626267462317,train
14642,At Risk,United Kingdom,3.005,0.5,38.0,2,0.0,0,0.0,At Risk,0.5673859894319551,train
14643,Loyal Customers,United Kingdom,2.771774193548387,0.6935483870967742,22.20967741935484,57,0.0,558,0.16666666666666666,Champions,0.7990968564501582,train
14644,Champions,United Kingdom,4.912096774193548,0.532258064516129,12.419354838709678,50,0.0,668,0.4166666666666667,Champions,0.7485712375720822,train
14645,At Risk,United Kingdom,3.4189583333333338,0.4583333333333333,12.229166666666666,45,0.0,477,0.25,Loyal Customers,0.834887252573607,test
14646,Champions,Netherlands,2.4515666406858925,0.8454143933489218,95.39958430761237,961,0.026760197453884124,735,0.07317073170731707,Champions,0.9811376890676055,train
14647,At Risk,United Kingdom,3.3394117647058823,0.058823529411764705,3.5294117647058822,42,1.0,322,0.0,Loyal Customers,0.920203501270101,train
14648,Loyal Customers,United Kingdom,2.1044835164835165,0.18681318681318682,7.30989010989011,286,0.0,312,0.21052631578947367,Champions,0.5415952624422619,train
14649,Champions,United Kingdom,2.985839160839161,0.07517482517482517,4.3076923076923075,374,0.06818181818181818,683,0.18181818181818182,Champions,0.9679373006859754,train
14650,Hibernating or Lost,United Kingdom,6.85,0.0,5.5,4,0.0,0,0.0,Hibernating or Lost,0.8053437570891684,train
14651,Champions,United Kingdom,3.1107291666666668,0.03819444444444445,3.076388888888889,216,0.0,564,0.0,Champions,0.9679373006859754,train
14652,At Risk,United Kingdom,2.986206896551724,0.034482758620689655,1.8275862068965518,29,0.0,0,0.0,At Risk,0.7386192680994106,train
14653,Champions,United Kingdom,3.6212953367875644,0.12435233160621761,5.119170984455959,271,0.19430051813471502,736,0.0,Champions,0.9721425832198033,train
14654,Hibernating or Lost,United Kingdom,1.3277777777777777,0.2222222222222222,10.11111111111111,27,0.0,0,0.0,At Risk,0.8489834308896653,train
14655,Champions,United Kingdom,2.8919417475728157,0.7087378640776699,22.728155339805824,72,0.13592233009708737,588,0.4166666666666667,Champions,0.8358912364500819,train
14656,Loyal Customers,United Kingdom,2.9972093023255812,0.0,1.4790697674418605,148,0.0,434,0.0,Champions,0.5817880101099283,train
14657,Champions,United Kingdom,2.6193488372093023,0.08372093023255814,4.116279069767442,143,0.0,417,0.14285714285714285,Champions,0.5998457545140751,train
14658,Loyal Customers,United Kingdom,5.588275862068966,0.0,1.6206896551724137,27,1.0,111,0.0,At Risk,0.699121992610056,test
14659,Champions,United Kingdom,2.9375098814229252,0.07905138339920949,4.723320158102767,147,0.20948616600790515,306,0.25,Champions,0.6901733718522715,train
14660,At Risk,United Kingdom,2.3586666666666667,0.23333333333333334,7.6,24,0.0,14,0.0,At Risk,0.8208232558852596,train
14661,At Risk,United Kingdom,3.95,0.25,8.75,4,1.0,0,0.0,At Risk,0.596955181781055,train
14662,Champions,United Kingdom,2.5145849802371543,0.09881422924901186,3.6956521739130435,199,0.0,707,0.0,Champions,0.9701483488954694,train
14663,At Risk,United Kingdom,2.2492647058823527,0.17647058823529413,5.838235294117647,60,0.0,0,0.0,At Risk,0.6855707981666673,train
14664,Loyal Customers,United Kingdom,1.9827272727272727,0.1414141414141414,4.707070707070707,78,1.0,13,0.0,Loyal Customers,0.543160158687833,train
14665,Champions,United Kingdom,3.83219696969697,0.3106060606060606,8.666666666666666,94,0.18181818181818182,531,0.2222222222222222,Champions,0.7761128375786557,train
14666,At Risk,United Kingdom,1.857142857142857,0.5,11.5,14,0.0,0,0.0,At Risk,0.4967706698319442,train
14667,Champions,United Kingdom,3.201505139500734,0.24375917767988253,9.552129221732747,578,0.053597650513950074,726,0.11475409836065574,Champions,0.9785923498334637,test
14668,Hibernating or Lost,United Kingdom,2.195,0.08333333333333333,4.083333333333333,10,0.0,0,0.0,Hibernating or Lost,0.843854912113596,train
14669,Champions,United Kingdom,2.6641012658227847,0.13164556962025317,5.2,334,0.0,495,0.0,Champions,0.5998457545140751,train
14670,At Risk,United Kingdom,1.8268617021276594,0.031914893617021274,2.3085106382978724,159,0.0,452,0.0,Loyal Customers,0.5111718900434721,train
14671,At Risk,United Kingdom,3.2132727272727273,0.36363636363636365,10.381818181818181,48,0.0,18,0.0,At Risk,0.5548562526322849,train
14672,Loyal Customers,United Kingdom,2.8287735849056608,0.1509433962264151,6.09433962264151,93,0.0,445,0.0,Loyal Customers,0.8780938454915321,train
14673,Champions,United Kingdom,2.2747852760736196,0.6073619631901841,12.484662576687116,86,0.0,406,0.0,Loyal Customers,0.8910879967788092,test
14674,Hibernating or Lost,United Kingdom,2.6799999999999997,0.07142857142857142,7.357142857142857,14,1.0,0,0.0,Hibernating or Lost,0.5763005585105802,train
14675,Loyal Customers,United Kingdom,2.07025,0.07083333333333333,3.025,196,0.0,372,0.0,Loyal Customers,0.5111718900434721,train
14676,Champions,United Kingdom,1.6543609022556391,0.9624060150375939,66.10526315789474,77,0.03759398496240601,608,0.25,Champions,0.7594687145263168,test
14677,Hibernating or Lost,United Kingdom,2.37,0.6428571428571429,9.928571428571429,14,0.0,0,0.0,Hibernating or Lost,0.5226520580879255,train
14678,At Risk,United Kingdom,3.4783333333333335,0.25,7.458333333333333,24,1.0,0,0.5,At Risk,0.563434012696648,train
14679,At Risk,United Kingdom,3.1695238095238096,0.5555555555555556,12.603174603174603,49,0.0,349,0.4,Loyal Customers,0.834887252573607,test
14680,Champions,United Kingdom,2.7487925696594426,0.4195046439628483,21.179566563467493,222,0.0,710,0.3333333333333333,Champions,0.989190349816269,train
14681,Loyal Customers,United Kingdom,6.13,0.3,8.6,19,0.0,582,0.0,Loyal Customers,0.6139238542644256,train
14682,Loyal Customers,United Kingdom,3.046976744186047,0.47674418604651164,11.034883720930232,79,0.023255813953488372,484,0.0,Loyal Customers,0.8583389205544516,train
14683,Hibernating or Lost,United Kingdom,1.1690476190476191,0.5714285714285714,18.38095238095238,21,0.0,0,0.0,At Risk,0.8102963433022954,train
14684,Loyal Customers,United Kingdom,1.70616570327553,0.02119460500963391,2.001926782273603,272,0.7630057803468208,364,0.0,Champions,0.5190670437087724,test
14685,Loyal Customers,United Kingdom,3.2117948717948717,0.22564102564102564,10.317948717948719,109,0.6051282051282051,150,0.38461538461538464,Champions,0.6010944288405607,test
14686,At Risk,United Kingdom,2.2411489361702124,0.02127659574468085,2.021276595744681,185,0.0,245,0.16666666666666666,Loyal Customers,0.5111718900434721,train
14687,Loyal Customers,United Kingdom,2.9842500000000003,0.575,21.25,34,0.25,445,0.0,Loyal Customers,0.9080408839949883,train
14688,Champions,United Kingdom,2.1385380116959065,0.25146198830409355,10.87719298245614,197,0.04483430799220273,448,0.17647058823529413,Champions,0.5846305607477712,train
14689,At Risk,United Kingdom,2.180769230769231,0.15384615384615385,5.846153846153846,13,1.0,0,0.0,At Risk,0.5364968607421062,train
14690,Loyal Customers,United Kingdom,3.1016190476190477,0.01904761904761905,3.276190476190476,69,0.0,366,0.2,Loyal Customers,0.8942440043812727,train
14691,Loyal Customers,United Kingdom,3.6664788732394364,0.4225352112676056,9.95774647887324,50,0.4084507042253521,182,0.0,Loyal Customers,0.7119358352075399,train
14692,Loyal Customers,United Kingdom,2.9514110429447853,0.13496932515337423,5.552147239263804,101,0.0736196319018405,480,0.07692307692307693,Loyal Customers,0.8857137431909105,train
14693,Loyal Customers,United Kingdom,3.4754666666666663,0.10666666666666667,5.173333333333333,43,0.56,261,0.125,Loyal Customers,0.920203501270101,train
14694,Hibernating or Lost,United Kingdom,2.7386666666666666,0.5333333333333333,12.866666666666667,15,0.0,0,0.0,At Risk,0.5378948354889166,train
14695,At Risk,United Kingdom,3.494767441860465,0.26744186046511625,7.883720930232558,76,0.0,213,0.25,Loyal Customers,0.8687837014172249,train
14696,Champions,United Kingdom,2.4875000000000003,0.5,12.505813953488373,137,0.09302325581395349,417,0.2,Champions,0.7229019052453675,test
14697,At Risk,United Kingdom,3.2372727272727273,0.13636363636363635,8.227272727272727,22,0.0,0,0.0,At Risk,0.8596366604048866,train
14698,Champions,United Kingdom,2.8727142857142858,0.0380952380952381,2.9285714285714284,148,0.40476190476190477,49,0.0,Loyal Customers,0.4790925992139787,train
14699,Loyal Customers,United Kingdom,2.221,0.6,9.68,45,0.0,311,0.0,Loyal Customers,0.8910879967788092,train
14700,Champions,United Kingdom,2.6870588235294117,0.27647058823529413,9.611764705882353,111,0.0,453,0.0,Champions,0.6947668091035386,test
14701,Champions,United Kingdom,3.0775974025974024,0.037337662337662336,2.892857142857143,455,0.19480519480519481,674,0.16666666666666666,Champions,0.9721425832198033,train
14702,Champions,United Kingdom,3.7018723994452154,0.08183079056865465,4.262135922330097,338,0.13730929264909847,727,0.09375,Champions,0.9679373006859754,test
14703,At Risk,United Kingdom,2.0513636363636363,0.2727272727272727,8.318181818181818,22,0.0,0,0.0,At Risk,0.8369925355788373,train
14704,Champions,United Kingdom,2.2491097308488612,0.033126293995859216,2.5031055900621118,319,0.2670807453416149,612,0.0,Champions,0.9588644593642219,train
14705,At Risk,United Kingdom,1.79,1.0,100.0,1,0.0,0,0.0,Hibernating or Lost,0.6625839037072621,test
14706,At Risk,United Kingdom,2.847857142857143,0.32142857142857145,9.392857142857142,25,0.0,0,0.0,At Risk,0.8208232558852596,train
14707,At Risk,United Kingdom,1.45,1.0,48.0,1,0.0,141,0.0,Hibernating or Lost,0.6625839037072621,train
14708,Champions,United Kingdom,4.144716981132075,0.7924528301886793,28.471698113207548,27,0.0,452,0.16666666666666666,Loyal Customers,0.7966577431482789,train
14709,Champions,United Kingdom,3.4132773109243697,0.3473389355742297,11.599439775910364,105,0.22128851540616246,719,0.07407407407407407,Champions,0.9814125090457337,train
14710,Champions,United Kingdom,2.0542533936651584,0.02262443438914027,2.6040723981900453,310,0.21040723981900453,721,0.0,Champions,0.9588644593642219,train
14711,Champions,United Kingdom,4.756078431372549,0.0196078431372549,2.7394957983193278,221,0.10084033613445378,252,0.08333333333333333,Champions,0.5022067570673451,train
14712,Loyal Customers,United Kingdom,3.5421875000000003,0.65625,12.84375,24,0.625,388,0.0,Loyal Customers,0.9204261278297314,train
14713,Champions,United Kingdom,2.2618945868945866,0.10826210826210826,4.923076923076923,222,0.0,726,0.16,Champions,0.9527062675286382,train
14714,Champions,United Kingdom,2.69258064516129,0.11827956989247312,6.903225806451613,64,0.0,663,0.42857142857142855,Champions,0.7367664262261829,train
14715,Champions,United Kingdom,3.352608695652174,0.11594202898550725,7.492753623188406,102,0.0,664,0.0,Champions,0.9708814921492195,train
14716,Loyal Customers,United Kingdom,1.6181,0.16,7.52,85,0.0,401,0.0,Loyal Customers,0.9011724327482624,train
14717,Hibernating or Lost,United Kingdom,3.313636363636364,0.0,2.909090909090909,11,1.0,0,0.5,At Risk,0.6254994304335258,train
14718,Hibernating or Lost,United Kingdom,1.9745454545454544,0.6363636363636364,18.363636363636363,11,0.0,0,0.0,Hibernating or Lost,0.6625839037072621,train
14719,Champions,United Kingdom,2.360253164556962,0.10548523206751055,4.3544303797468356,177,0.0,247,0.16666666666666666,Champions,0.5998457545140751,test
14720,Loyal Customers,United Kingdom,5.744594594594595,0.2702702702702703,5.918918918918919,34,0.7567567567567568,120,0.0,At Risk,0.7763338967350972,test
14721,At Risk,United Kingdom,2.669259259259259,0.037037037037037035,2.185185185185185,24,0.0,0,0.0,At Risk,0.6490496539052968,train
14722,At Risk,United Kingdom,3.3117021276595744,0.031914893617021274,2.3617021276595747,72,0.0,339,0.0,Loyal Customers,0.8942440043812727,test
14723,Champions,United Kingdom,2.14051975051975,0.031185031185031187,2.7193347193347193,287,0.2286902286902287,725,0.0,Champions,0.9588644593642219,train
14724,Hibernating or Lost,United Kingdom,2.50953488372093,0.046511627906976744,4.348837209302325,40,0.0,0,0.0,At Risk,0.6490496539052968,test
14725,Champions,United Kingdom,2.963904761904762,0.3047619047619048,12.761904761904763,85,0.0,510,0.2,Champions,0.7357540809716737,train
14726,Hibernating or Lost,United Kingdom,1.9921052631578948,0.10526315789473684,4.7894736842105265,15,0.0,0,0.0,Hibernating or Lost,0.843854912113596,train
14727,At Risk,United Kingdom,2.358936170212766,0.2553191489361702,9.957446808510639,43,0.0,272,0.25,Loyal Customers,0.9021427579781996,train
14728,Hibernating or Lost,United Kingdom,3.4771428571428573,0.07142857142857142,4.857142857142857,14,0.0,0,0.0,Hibernating or Lost,0.7305408822328047,test
14729,Loyal Customers,United Kingdom,2.0714903846153847,0.0673076923076923,2.7596153846153846,126,0.0,251,0.0,Loyal Customers,0.5111718900434721,test
14730,Champions,United Kingdom,2.525788423153693,0.03992015968063872,2.259481037924152,317,0.0,275,0.0,Champions,0.5998457545140751,train
14731,Loyal Customers,United Kingdom,2.102222222222222,0.13333333333333333,5.688888888888889,38,0.3333333333333333,165,0.0,At Risk,0.7304959945246358,train
14732,Champions,United Kingdom,3.9821299638989167,0.30685920577617326,8.205776173285198,162,0.0,722,0.20833333333333334,Champions,0.9655486081780054,train
14733,Champions,United Kingdom,3.9029310344827586,0.5804597701149425,18.652298850574713,140,0.020114942528735632,385,0.16666666666666666,Champions,0.6911298115225396,train
14734,Loyal Customers,United Kingdom,4.862380952380952,0.2698412698412698,6.0,48,0.4126984126984127,125,0.2,Loyal Customers,0.5559412798332453,train
14735,Champions,United Kingdom,3.886912568306011,0.4371584699453552,12.330601092896174,198,0.1366120218579235,732,0.05084745762711865,Champions,0.9744760886192599,train
14736,At Risk,United Kingdom,3.0183,0.0,1.64,70,0.0,0,0.0,At Risk,0.6313688337125513,train
14737,Champions,United Kingdom,3.862888888888889,0.8888888888888888,23.8,28,0.0,396,0.0,Loyal Customers,0.7966577431482789,test
14738,Champions,United Kingdom,4.111,0.4375,9.4625,58,0.0,689,0.25,Champions,0.7145663398649381,train
14739,Champions,United Kingdom,2.50078125,0.7421875,39.734375,129,0.0703125,733,0.10714285714285714,Champions,0.984917761558242,train
14740,Champions,United Kingdom,3.386883116883117,0.3852813852813853,9.008658008658008,173,0.08658008658008658,455,0.15384615384615385,Champions,0.6705945168626131,train
14741,Champions,United Kingdom,2.440941176470588,0.6470588235294118,13.176470588235293,48,0.15294117647058825,405,0.0,Loyal Customers,0.8588609862987221,train
14742,At Risk,United Kingdom,2.4941176470588236,0.5,11.0,34,0.0,0,0.0,At Risk,0.8021283796886285,train
14743,Hibernating or Lost,United Kingdom,1.3299999999999998,1.0,13.333333333333334,3,0.0,0,0.0,Hibernating or Lost,0.5750626267462317,train
14744,Champions,United Kingdom,3.9366942148760327,0.3884297520661157,21.049586776859503,57,0.0,553,0.17647058823529413,Champions,0.746840226620947,test
14745,Champions,United Kingdom,2.0575886524822695,0.48936170212765956,14.02127659574468,74,0.04964539007092199,524,0.29411764705882354,Champions,0.7316560456727129,train
14746,At Risk,United Kingdom,1.5277777777777777,0.8888888888888888,44.22222222222222,7,0.0,17,0.0,Hibernating or Lost,0.6625839037072621,train
14747,At Risk,United Kingdom,5.800000000000001,0.1111111111111111,4.666666666666667,18,0.0,0,0.5,Hibernating or Lost,0.5072537080810667,train
14748,Champions,United Kingdom,1.9514659685863875,0.5916230366492147,14.408376963350785,129,0.0,616,0.375,Champions,0.9810640772469079,train
14749,Hibernating or Lost,United Kingdom,1.705,0.5555555555555556,22.38888888888889,18,0.0,0,0.0,Hibernating or Lost,0.5817565378872296,train
14750,Hibernating or Lost,United Kingdom,2.634375,0.03125,2.03125,32,0.0,0,0.0,At Risk,0.6490496539052968,train
14751,At Risk,United Kingdom,2.635714285714286,0.2857142857142857,9.285714285714286,7,1.0,41,0.0,At Risk,0.5633047734126153,train
14752,At Risk,United Kingdom,2.504,0.8,52.0,5,0.0,0,0.0,Hibernating or Lost,0.6138854892987397,train
14753,Loyal Customers,United Kingdom,2.9252083333333334,0.3125,8.583333333333334,45,0.375,373,0.0,Loyal Customers,0.8760416267596324,train
14754,Loyal Customers,United Kingdom,2.6384671532846715,0.291970802919708,7.37956204379562,110,0.2116788321167883,646,0.14285714285714285,Champions,0.9795133047476816,train
14755,Champions,United Kingdom,3.9633263157894736,0.4168421052631579,9.265263157894736,219,0.18526315789473685,726,0.16666666666666666,Champions,0.9737647776627876,train
14756,Champions,United Kingdom,3.7733613445378147,0.5126050420168067,11.957983193277311,102,0.0,409,0.25,Champions,0.7563025540221495,train
14757,At Risk,United Kingdom,3.9242105263157896,0.21052631578947367,8.421052631578947,19,1.0,0,0.0,At Risk,0.7763338967350972,train
14758,Champions,United Kingdom,6.0472794117647055,0.19852941176470587,6.176470588235294,91,0.0,465,0.0,Loyal Customers,0.8946968414577486,train
14759,Loyal Customers,United Kingdom,5.394117647058824,0.20588235294117646,5.578431372549019,92,0.0,228,0.0,Loyal Customers,0.8988586492355114,train
14760,At Risk,United Kingdom,2.87,0.4,8.0,5,0.0,0,0.5,At Risk,0.7373369393419407,train
14761,Loyal Customers,United Kingdom,2.7879166666666664,0.4583333333333333,8.583333333333334,21,0.2916666666666667,385,0.0,Loyal Customers,0.9247056647406705,train
14762,At Risk,United Kingdom,1.8676666666666668,0.6,14.266666666666667,28,0.0,362,0.0,Loyal Customers,0.8036177146847769,train
14764,At Risk,United Kingdom,1.4916666666666665,1.0,31.666666666666668,6,0.0,0,0.5,At Risk,0.6450182397136387,train
14765,At Risk,United Kingdom,2.9766666666666666,0.05128205128205128,3.4615384615384617,38,0.0,147,0.0,At Risk,0.7386192680994106,train
14766,Champions,United Kingdom,2.7150588235294117,0.48823529411764705,11.95,251,0.20294117647058824,543,0.21428571428571427,Champions,0.984865917299532,train
14767,At Risk,United Kingdom,5.240555555555556,0.3333333333333333,6.5,18,1.0,0,0.0,At Risk,0.596955181781055,test
14768,Loyal Customers,United Kingdom,3.91,0.6,10.4,4,0.0,109,0.3333333333333333,At Risk,0.7619601006625075,train
14769,Champions,United Kingdom,2.6780364656381486,0.317671809256662,7.892706872370266,834,0.7194950911640954,721,0.19047619047619047,Champions,0.9795133047476816,train
14770,Champions,United Kingdom,3.923197969543147,0.4010152284263959,8.111675126903553,152,0.09137055837563451,419,0.1111111111111111,Champions,0.5967348133863778,train
14771,At Risk,United Kingdom,1.145531914893617,0.7446808510638298,13.23404255319149,46,0.5957446808510638,115,0.3333333333333333,Loyal Customers,0.736545183953095,train
14772,At Risk,United Kingdom,3.508888888888889,0.6666666666666666,9.11111111111111,9,0.0,0,0.0,At Risk,0.5105366919254846,train
14773,Hibernating or Lost,United Kingdom,5.0,0.3,5.3,10,0.0,0,0.5,At Risk,0.6665546487152877,train
14774,Hibernating or Lost,United Kingdom,5.203846153846153,0.38461538461538464,7.615384615384615,13,0.0,0,0.0,Hibernating or Lost,0.4959737363081736,train
14775,Loyal Customers,United Kingdom,1.0765,0.9625,19.475,57,0.0,313,0.0,Loyal Customers,0.8704724511414116,train
14776,Champions,United Kingdom,1.0237894736842106,0.8473684210526315,24.51578947368421,68,0.10526315789473684,395,0.21052631578947367,Loyal Customers,0.8704724511414116,test
14777,Hibernating or Lost,United Kingdom,3.625625,0.5625,13.25,16,0.0,0,0.75,At Risk,0.8209144918055121,train
14778,At Risk,United Kingdom,3.1414285714285715,0.45714285714285713,8.742857142857142,34,0.0,181,0.0,At Risk,0.8456920669792868,train
14779,At Risk,United Kingdom,6.824390243902439,0.0,2.048780487804878,40,0.0,43,0.0,At Risk,0.6790364749681377,train
14780,Loyal Customers,United Kingdom,2.7666666666666666,0.4074074074074074,11.481481481481481,26,0.2962962962962963,24,0.0,At Risk,0.6022814389492007,train
14782,At Risk,United Kingdom,2.516666666666667,0.5,19.0,6,0.0,0,0.0,Hibernating or Lost,0.5286258793910906,test
14783,Hibernating or Lost,United Kingdom,2.518823529411765,0.7058823529411765,15.411764705882353,17,0.0,0,0.5,At Risk,0.6690963625778594,train
14784,Loyal Customers,United Kingdom,2.925555555555556,0.8148148148148148,13.444444444444445,25,0.4074074074074074,363,0.0,Loyal Customers,0.9205363440438112,test
14785,Loyal Customers,United Kingdom,0.9433333333333334,1.0,28.0,2,0.0,4,0.0,Hibernating or Lost,0.6625839037072621,train
14786,Hibernating or Lost,United Kingdom,1.0057142857142858,0.7142857142857143,16.0,7,0.0,0,0.0,Hibernating or Lost,0.6625839037072621,test
14787,Hibernating or Lost,United Kingdom,2.288,0.0,3.933333333333333,14,0.0,0,0.0,Hibernating or Lost,0.8147627841867663,train
14788,Loyal Customers,United Kingdom,2.778448275862069,0.5517241379310345,12.39655172413793,53,0.25862068965517243,588,0.0,Champions,0.7989414551368489,train
14789,At Risk,United Kingdom,2.0566666666666666,1.0,19.333333333333332,6,0.0,0,0.0,Hibernating or Lost,0.6625839037072621,test
14790,Champions,United Kingdom,1.7746896551724136,0.6,18.220689655172414,65,0.09655172413793103,711,0.0,Champions,0.7110812118740526,train
14791,Hibernating or Lost,United Kingdom,3.4626315789473687,0.2631578947368421,6.684210526315789,19,0.0,0,0.0,At Risk,0.8596366604048866,train
14792,At Risk,United Kingdom,3.1,0.0,1.0,2,0.0,0,0.5,At Risk,0.5732193657240177,test
14793,Loyal Customers,United Kingdom,2.6333333333333333,0.48717948717948717,9.256410256410257,39,0.0,513,0.3333333333333333,Champions,0.5490857562942686,train
14794,Champions,United Kingdom,6.066923076923077,0.27884615384615385,7.528846153846154,85,0.08653846153846154,484,0.23076923076923078,Loyal Customers,0.892988418677923,train
14795,At Risk,United Kingdom,7.333333333333333,0.0,2.8333333333333335,6,1.0,0,0.0,Hibernating or Lost,0.7107953943248793,train
14796,Champions,United Kingdom,2.045711526078558,0.11204121056020605,4.927881519639407,487,0.0,724,0.3076923076923077,Champions,0.9626689074593153,train
14797,Hibernating or Lost,United Kingdom,4.170625,0.25,6.1875,16,0.0,0,0.0,At Risk,0.4984835712030462,train
14798,Loyal Customers,United Kingdom,1.5475510204081633,0.7142857142857143,12.26530612244898,30,0.0,596,0.1111111111111111,Loyal Customers,0.5890825984529947,train
14799,At Risk,United Kingdom,4.248260869565217,0.21739130434782608,21.52173913043478,20,0.0,686,0.0,Loyal Customers,0.5230862632828671,test
14800,Champions,United Kingdom,2.436996951219512,0.3018292682926829,10.620426829268293,337,0.850609756097561,387,0.2608695652173913,Champions,0.7712237673224196,train
14801,At Risk,United Kingdom,2.4633898305084747,0.05084745762711865,2.9661016949152543,56,1.0,0,0.0,Loyal Customers,0.5967589475498478,train
14802,At Risk,United Kingdom,751.49,0.0,1.0,1,0.0,0,0.6666666666666666,Hibernating or Lost,0.5072537080810667,train
14803,At Risk,United Kingdom,2.886590909090909,0.2727272727272727,8.409090909090908,35,0.3181818181818182,130,0.0,At Risk,0.6779982120978826,train
14804,Loyal Customers,United Kingdom,4.240833333333334,0.5833333333333334,10.083333333333334,12,0.0,0,0.0,Hibernating or Lost,0.508902716968125,train
14805,Champions,United Kingdom,4.733257575757576,0.045454545454545456,3.1893939393939394,88,0.8560606060606061,606,0.0,Champions,0.6081222136413248,train
14806,At Risk,United Kingdom,1.9415,0.5,21.15,17,1.0,363,0.0,Loyal Customers,0.8125026481963981,train
14807,At Risk,United Kingdom,3.2060000000000004,0.25,6.175,37,1.0,259,0.0,Loyal Customers,0.9243243451415237,train
14808,Champions,United Kingdom,3.486553191489362,0.20425531914893616,9.136170212765958,176,0.22127659574468084,132,0.4666666666666667,Champions,0.5556390063645423,train
14809,At Risk,United Kingdom,3.8755555555555556,0.6111111111111112,12.88888888888889,18,1.0,0,0.0,At Risk,0.5781065456306108,train
14810,Champions,United Kingdom,2.382676923076923,0.024615384615384615,3.836923076923077,125,0.7107692307692308,388,0.0,Champions,0.6352384448555851,test
14811,Hibernating or Lost,United Kingdom,2.855357142857143,0.03571428571428571,2.642857142857143,28,0.0,0,0.0,At Risk,0.6490496539052968,train
14812,Hibernating or Lost,United Kingdom,2.1464864864864865,0.0,3.675675675675676,36,0.0,0,0.0,At Risk,0.622888518232414,train
14813,Loyal Customers,United Kingdom,3.14135593220339,0.04519774011299435,2.6779661016949152,110,0.3389830508474576,241,0.0,Champions,0.6179814692796378,train
14814,Hibernating or Lost,United Kingdom,2.5459375,0.0625,3.0,28,0.0,0,0.0,At Risk,0.6490496539052968,train
14815,Loyal Customers,United Kingdom,1.6549056603773586,0.6415094339622641,14.037735849056604,53,0.0,31,0.0,At Risk,0.6502418834660041,train
14816,At Risk,United Kingdom,66.475,0.0,1.25,4,0.0,0,0.0,Hibernating or Lost,0.8053437570891684,train
14817,Champions,United Kingdom,4.070913043478261,0.46956521739130436,10.704347826086957,142,0.1,427,0.2222222222222222,Champions,0.693375570973197,train
14818,Loyal Customers,United Kingdom,3.619626168224299,0.102803738317757,5.102803738317757,87,0.0,573,0.0,Champions,0.6472551320674609,train
14819,Loyal Customers,United Kingdom,3.7764912280701752,0.08771929824561403,3.0350877192982457,52,0.0,653,0.0,Champions,0.6472551320674609,train
14820,Champions,United Kingdom,4.03015625,0.59375,11.3125,51,0.703125,656,0.0,Champions,0.7106182187320105,train
14821,Loyal Customers,United Kingdom,2.929027777777778,0.1388888888888889,6.736111111111111,65,0.0,309,0.0,Loyal Customers,0.8780938454915321,train
14822,Hibernating or Lost,United Kingdom,2.677777777777778,0.3333333333333333,10.444444444444445,9,0.0,0,0.0,At Risk,0.5442529912069115,test
14823,At Risk,United Kingdom,4.234714285714285,0.0,1.2571428571428571,56,1.0,14,0.0,Loyal Customers,0.4668812028183201,train
14824,Champions,United Kingdom,2.5401265822784813,0.5,12.367088607594937,84,0.012658227848101266,627,0.16666666666666666,Champions,0.774545527743185,train
14825,Champions,United Kingdom,2.539741935483871,0.23548387096774193,9.187096774193549,187,0.02258064516129032,608,0.1111111111111111,Champions,0.9764092050776733,test
14826,At Risk,United Kingdom,3.0450000000000004,0.8,15.2,10,0.0,113,0.0,Hibernating or Lost,0.49531214555001774,train
14828,Champions,United Kingdom,1.886930693069307,0.9801980198019802,96.21782178217822,72,0.07920792079207921,535,0.07142857142857142,Champions,0.7110812118740526,train
14829,Champions,United Kingdom,2.255818181818182,0.4909090909090909,10.427272727272728,77,0.0,407,0.2222222222222222,Loyal Customers,0.8781923722871217,train
14830,At Risk,United Kingdom,1.7247499999999998,0.075,4.225,39,0.0,0,0.0,At Risk,0.622888518232414,train
14831,At Risk,United Kingdom,3.1787804878048784,0.3902439024390244,10.792682926829269,67,0.0,57,0.5714285714285714,Loyal Customers,0.6074326597460005,train
14832,Hibernating or Lost,United Kingdom,322.69,0.0,1.0,1,0.0,0,0.6666666666666666,Hibernating or Lost,0.5072537080810667,train
14833,Hibernating or Lost,United Kingdom,2.0,0.42857142857142855,8.285714285714286,7,0.0,0,0.0,Hibernating or Lost,0.5623740537863559,train
14834,Champions,United Kingdom,4.074252873563218,0.4482758620689655,10.022988505747126,55,0.0,389,0.2222222222222222,Loyal Customers,0.8689505082547436,train
14835,At Risk,United Kingdom,1.65,1.0,90.0,1,0.0,88,0.3333333333333333,At Risk,0.6450182397136387,test
14836,Loyal Customers,United Kingdom,2.7916666666666665,0.5,7.5,5,0.0,20,0.0,Hibernating or Lost,0.5096815370698696,train
14837,Champions,United Kingdom,1.6342583732057416,0.7464114832535885,14.497607655502392,171,0.5741626794258373,595,0.25,Champions,0.9835608252930538,train
14838,At Risk,United Kingdom,3.075211267605634,0.09859154929577464,5.098591549295775,69,0.0,313,0.0,Loyal Customers,0.8942440043812727,train
14839,At Risk,United Kingdom,2.3322972972972975,0.3108108108108108,12.527027027027026,61,0.4594594594594595,285,0.0,Loyal Customers,0.8576843739716471,train
14840,At Risk,United Kingdom,2.8695454545454546,0.45454545454545453,8.136363636363637,20,0.0,271,0.3333333333333333,Loyal Customers,0.9015977763800875,test
14841,Champions,United Kingdom,3.159733333333333,0.5166666666666667,13.88,196,0.0,683,0.0,Champions,0.981259281452183,train
14842,Champions,United Kingdom,5.326275862068966,0.31724137931034485,8.041379310344828,128,0.0,264,0.5,Champions,0.6238399859074022,train
14843,Hibernating or Lost,United Kingdom,1.5444444444444443,1.0,14.666666666666666,9,0.0,0,0.0,Hibernating or Lost,0.6625839037072621,train
14844,Champions,United Kingdom,2.9053429602888086,0.5848375451263538,15.772563176895307,158,0.0,542,0.16666666666666666,Champions,0.984917761558242,train
14845,Hibernating or Lost,United Kingdom,0.25,1.0,600.0,1,0.0,0,0.0,Hibernating or Lost,0.6625839037072621,train
14846,At Risk,United Kingdom,2.435,0.8333333333333334,16.083333333333332,12,0.0,0,0.5,At Risk,0.6690963625778594,train
14847,Loyal Customers,United Kingdom,4.1893548387096775,0.22580645161290322,8.596774193548388,56,0.0,415,0.25,Loyal Customers,0.892988418677923,train
14848,Hibernating or Lost,United Kingdom,1.3354545454545454,0.8181818181818182,23.636363636363637,11,1.0,0,0.0,Hibernating or Lost,0.5338464198620827,train
14849,Champions,United Kingdom,2.3492847682119207,0.6384105960264901,15.928476821192053,279,0.14966887417218544,676,0.14,Champions,0.984917761558242,test
14850,Loyal Customers,United Kingdom,1.9299004975124376,0.21890547263681592,7.0049751243781095,129,0.47761194029850745,256,0.2222222222222222,Champions,0.6376613947530452,test
14851,Loyal Customers,United Kingdom,2.1630952380952384,0.7142857142857143,15.023809523809524,38,0.0,607,0.0,Loyal Customers,0.5329303934415414,train
14852,Champions,United Kingdom,2.393483870967742,0.567741935483871,14.1,152,0.0935483870967742,585,0.14285714285714285,Champions,0.9862242843067787,train
14853,Champions,United Kingdom,5.760967741935484,0.41935483870967744,11.129032258064516,26,0.0,581,0.2857142857142857,Loyal Customers,0.4970212762409057,test
14854,Champions,United Kingdom,2.7458604651162792,0.6558139534883721,13.948837209302326,170,0.05116279069767442,608,0.21428571428571427,Champions,0.9809190454734944,train
14855,Champions,United Kingdom,2.999903381642512,0.5362318840579711,16.956521739130434,168,0.3140096618357488,491,0.0,Champions,0.7809189845821282,train
14856,Loyal Customers,United Kingdom,3.132878787878788,0.48484848484848486,10.818181818181818,65,0.0,20,0.0,At Risk,0.5118624674150901,test
14857,Champions,United Kingdom,3.2159671361502347,0.49295774647887325,9.769953051643192,170,0.0,574,0.3,Champions,0.9852790493222477,train
14858,Hibernating or Lost,United Kingdom,1.95,0.36363636363636365,9.545454545454545,11,0.0,0,0.0,At Risk,0.502078794807007,train
14859,Champions,United Kingdom,3.0865151515151514,0.5,13.454545454545455,51,0.22727272727272727,542,0.16666666666666666,Champions,0.7868676474409136,test
14860,At Risk,United Kingdom,0.9027272727272727,0.9090909090909091,21.09090909090909,11,1.0,0,0.5,At Risk,0.6775264282052322,train
14861,Champions,United Kingdom,2.2963953488372093,0.5348837209302325,12.511627906976743,62,0.1511627906976744,679,0.2857142857142857,Champions,0.8146951866859856,train
14862,Loyal Customers,United Kingdom,2.1545833333333335,0.625,16.083333333333332,47,0.0,122,0.0,At Risk,0.6502418834660041,train
14863,At Risk,United Kingdom,2.020909090909091,1.0,12.0,11,0.0,0,0.0,Hibernating or Lost,0.5750626267462317,test
14865,Loyal Customers,United Kingdom,0.5344444444444445,1.0,33.333333333333336,4,0.0,731,0.0,Champions,0.5440678580703685,train
14866,Champions,United Kingdom,3.3136496350364966,0.8175182481751825,67.39416058394161,40,0.029197080291970802,459,0.05,Loyal Customers,0.8385187298486457,test
14867,Champions,United Kingdom,5.461605839416058,0.2773722627737226,7.2700729927007295,67,0.10218978102189781,548,0.15789473684210525,Champions,0.6298972710469025,train
14868,Champions,United Kingdom,2.5816113744075833,0.5639810426540285,10.568720379146919,132,0.12796208530805686,416,0.07692307692307693,Champions,0.7229019052453675,train
14869,Champions,United Kingdom,2.44896,0.348,8.552,187,0.716,715,0.3333333333333333,Champions,0.9838941817548533,test
14870,Loyal Customers,United Kingdom,4.826923076923077,0.3230769230769231,7.430769230769231,43,0.0,422,0.3333333333333333,Loyal Customers,0.8742024095326586,train
14871,Champions,United Kingdom,3.3950248756218904,0.014925373134328358,2.2587064676616917,123,0.0,735,0.0,Champions,0.9679373006859754,train
14872,At Risk,United Kingdom,1.7832558139534884,0.6744186046511628,15.395348837209303,34,0.0,149,0.25,At Risk,0.833833798195812,train
14873,At Risk,United Kingdom,4.520204081632653,0.2653061224489796,6.346938775510204,48,0.0,423,0.0,Loyal Customers,0.8946968414577486,train
14874,Hibernating or Lost,United Kingdom,1.1966666666666668,0.8333333333333334,24.666666666666668,6,0.0,0,0.0,Hibernating or Lost,0.6625839037072621,train
14875,Loyal Customers,United Kingdom,4.544269662921348,0.5842696629213483,14.96629213483146,88,0.0,334,0.5714285714285714,Loyal Customers,0.8494662042760746,train
14876,At Risk,United Kingdom,2.4892307692307694,0.5384615384615384,12.461538461538462,12,0.0,40,0.0,At Risk,0.5378948354889166,train
14877,At Risk,United Kingdom,3.129545454545455,0.0,2.590909090909091,57,1.0,224,0.0,Loyal Customers,0.9026307242250012,train
14878,Champions,United Kingdom,2.6818302387267905,0.11140583554376658,6.450928381962865,159,0.7241379310344828,644,0.10714285714285714,Champions,0.9764579373854319,train
14879,Hibernating or Lost,United Kingdom,3.095925925925926,0.037037037037037035,3.8518518518518516,27,1.0,0,0.0,At Risk,0.6949360266619181,train
14880,Loyal Customers,United Kingdom,3.7380851063829788,0.425531914893617,7.9361702127659575,45,0.0,211,0.0,Loyal Customers,0.8729612708501394,test
14881,At Risk,United Kingdom,1.3729411764705883,0.8235294117647058,18.58823529411765,17,1.0,0,0.0,Hibernating or Lost,0.5338464198620827,train
14882,Champions,United Kingdom,3.8489705882352943,0.5735294117647058,24.11764705882353,32,0.35294117647058826,592,0.06666666666666667,Champions,0.5300101343982204,train
14883,Loyal Customers,United Kingdom,1.220943396226415,0.5471698113207547,14.90566037735849,39,0.0,193,0.14285714285714285,At Risk,0.8102963433022954,train
14884,Hibernating or Lost,United Kingdom,1.875,0.25,9.0,8,0.0,0,0.0,Hibernating or Lost,0.5589618482557781,test
14885,Loyal Customers,United Kingdom,1.461290322580645,1.0,42.193548387096776,24,0.4838709677419355,334,0.25,Loyal Customers,0.9235015022489131,train
14886,At Risk,United Kingdom,3.1277777777777778,0.3333333333333333,8.88888888888889,18,0.0,0,0.0,At Risk,0.5947845570931846,test
14887,Loyal Customers,United Kingdom,1.6116666666666666,1.0,183.33333333333334,6,0.0,0,0.0,Hibernating or Lost,0.6625839037072621,train
14888,At Risk,United Kingdom,2.21,0.1,9.2,20,0.0,0,0.0,At Risk,0.7406935537148845,test
14889,At Risk,United Kingdom,2.2600000000000002,0.3,9.0,10,0.0,0,0.0,Hibernating or Lost,0.5589618482557781,train
14890,At Risk,United Kingdom,2.2371929824561403,0.5263157894736842,11.157894736842104,55,0.0,406,0.0,Loyal Customers,0.8895545673836586,train
14891,Loyal Customers,United Kingdom,2.0001587301587302,0.36507936507936506,12.507936507936508,55,0.42857142857142855,288,0.0,Loyal Customers,0.902449008342844,train
14892,Hibernating or Lost,United Kingdom,3.5115384615384615,0.15384615384615385,6.076923076923077,13,0.0,0,0.0,At Risk,0.5947845570931846,train
14893,Loyal Customers,United Kingdom,3.115566037735849,0.37735849056603776,9.877358490566039,98,0.0,608,0.5,Champions,0.8033193951936685,test
14894,Loyal Customers,United Kingdom,2.9384782608695654,0.6521739130434783,13.108695652173912,39,0.0,652,0.4,Champions,0.5689960865650899,train
14895,Champions,United Kingdom,4.463933333333333,0.4666666666666667,11.904444444444444,441,0.19777777777777777,721,0.20833333333333334,Champions,0.9778345823021533,train
14896,Loyal Customers,United Kingdom,2.637979094076655,0.06968641114982578,3.8919860627177703,150,0.44947735191637633,528,0.2,Champions,0.9740655364669074,test
14897,Champions,United Kingdom,4.341968503937007,0.47244094488188976,9.149606299212598,94,0.0,716,0.1111111111111111,Champions,0.6612188227784562,train
14898,Champions,United Kingdom,3.0442434210526317,0.14473684210526316,7.391447368421052,185,0.21052631578947367,712,0.2222222222222222,Champions,0.9826879894781075,train
14899,At Risk,United Kingdom,3.7849635036496347,0.072992700729927,4.2773722627737225,126,0.0,0,0.0,Loyal Customers,0.3921816908164315,test
14900,Hibernating or Lost,United Kingdom,0.29,1.0,48.0,1,0.0,0,0.0,Hibernating or Lost,0.6625839037072621,train
14901,Champions,United Kingdom,3.027904191616767,0.1437125748502994,6.3053892215568865,103,0.0,487,0.07692307692307693,Champions,0.6397103353526308,train
14902,Loyal Customers,United Kingdom,2.6279661016949154,0.4915254237288136,12.135593220338983,51,0.0,527,0.4,Champions,0.8146951866859856,train
14903,Champions,United Kingdom,2.7626478873239435,0.09295774647887324,4.326760563380281,227,0.4112676056338028,257,0.5,Champions,0.6901733718522715,train
14904,Champions,United Kingdom,1.1943055555555555,0.5694444444444444,17.70138888888889,127,0.0,425,0.0,Champions,0.6720897440893286,train
14905,Loyal Customers,United Kingdom,2.401794871794872,0.5512820512820513,12.935897435897436,45,0.0,578,0.2,Champions,0.774545527743185,train
14906,Hibernating or Lost,United Kingdom,68.44,0.0,1.0,1,0.0,0,0.6666666666666666,Hibernating or Lost,0.5072537080810667,test
14907,Champions,United Kingdom,3.6001351351351354,0.39864864864864863,9.516891891891891,153,0.06756756756756757,599,0.30434782608695654,Champions,0.9825514741684045,train
14908,Loyal Customers,United Kingdom,3.353571428571428,0.7142857142857143,13.0,14,0.0,388,0.0,Loyal Customers,0.6631351579299961,train
14909,At Risk,United Kingdom,2.862125,0.5625,11.1,61,0.2625,226,0.4,Loyal Customers,0.8078439907422824,train
14910,Loyal Customers,United Kingdom,2.884333333333333,0.23333333333333334,7.933333333333334,25,0.5,51,0.42857142857142855,At Risk,0.5299748897640435,train
14911,Champions,Other,5.135887950200089,0.4879502000889284,13.338105824811027,2550,0.08261449533125834,737,0.2196078431372549,Champions,0.9739371197898414,train
14912,Champions,Other,2.836984126984127,0.6190476190476191,28.873015873015873,44,0.0,665,0.45454545454545453,Champions,0.6207723601202676,train
14913,Champions,United Kingdom,1.858421052631579,0.7449392712550608,16.012145748987855,176,0.0,449,0.0,Champions,0.6510498014533858,train
14915,Champions,United Kingdom,3.741444444444445,0.4,7.855555555555555,65,0.0,645,0.15384615384615385,Champions,0.7284305270877194,train
14916,Champions,United Kingdom,2.0136567164179104,0.6044776119402985,18.02238805970149,113,0.05223880597014925,546,0.2727272727272727,Champions,0.9810640772469079,train
14917,At Risk,United Kingdom,2.2327586206896552,0.7586206896551724,30.724137931034484,29,0.0,0,0.0,At Risk,0.7850858886768727,train
14918,Champions,United Kingdom,3.9658865248226953,0.5460992907801419,18.092198581560282,79,0.1773049645390071,495,0.0,Loyal Customers,0.857231945961155,train
14919,At Risk,United Kingdom,3.2192307692307693,0.38461538461538464,9.923076923076923,13,0.0,0,0.0,At Risk,0.6489482792953484,train
14920,Loyal Customers,United Kingdom,3.5356701030927833,0.3711340206185567,9.1340206185567,90,0.41237113402061853,352,0.0,Loyal Customers,0.8695874510887149,train
14921,Loyal Customers,United Kingdom,1.975128205128205,0.5769230769230769,12.217948717948717,78,0.6794871794871795,171,0.0,Loyal Customers,0.6457198096240846,train
14922,At Risk,United Kingdom,3.9884000000000004,0.32,7.52,49,0.0,114,0.0,At Risk,0.6984043884516892,train
14923,At Risk,United Kingdom,3.445681818181818,0.36363636363636365,9.5,44,0.0,0,0.0,At Risk,0.8596366604048866,train
14924,Loyal Customers,United Kingdom,9.945483870967742,0.3548387096774194,10.064516129032258,30,0.0,393,0.0,Loyal Customers,0.8212609666225296,train
14926,At Risk,United Kingdom,3.216666666666667,1.0,68.0,2,0.0,216,0.3333333333333333,Loyal Customers,0.7455985857873361,train
14927,Hibernating or Lost,United Kingdom,2.33,0.6,9.8,20,0.0,0,0.0,At Risk,0.8035679349329616,train
14928,Hibernating or Lost,United Kingdom,1.3942857142857144,0.6666666666666666,12.761904761904763,21,0.0,0,0.5,At Risk,0.8389054355732848,train
14929,Loyal Customers,United Kingdom,2.176470588235294,0.6764705882352942,14.323529411764707,34,0.0,389,0.0,Loyal Customers,0.8036177146847769,train
14930,Loyal Customers,Other,4.710501792114695,0.23655913978494625,7.881720430107527,213,0.0,497,0.3333333333333333,Champions,0.6186349792270993,test
14931,Champions,Other,12.147804878048781,0.5121951219512195,10.170731707317072,30,0.0,236,0.16666666666666666,Loyal Customers,0.8197368907904616,train
14932,Loyal Customers,Other,8.367959183673468,0.30612244897959184,6.877551020408164,29,0.0,20,0.0,At Risk,0.9156397146285329,train
14933,Loyal Customers,Other,2.95,1.0,150.0,1,0.0,0,0.2,At Risk,0.5924278938747348,train
14934,Champions,Other,3.605945945945946,0.43243243243243246,11.35135135135135,115,0.0,359,0.4444444444444444,Champions,0.7523126420420513,train
14935,Loyal Customers,Other,1.6923076923076923,1.0,74.26923076923077,25,0.0,322,0.0,Loyal Customers,0.7817079849007443,train
14936,Champions,Other,3.87292220113852,0.4876660341555977,11.905123339658443,267,0.20683111954459202,549,0.14285714285714285,Champions,0.977370780868769,test
14937,Loyal Customers,Other,3.4,1.0,14.235294117647058,33,0.0,73,0.25,At Risk,0.8302894992975458,train
14938,Loyal Customers,Other,2.998169014084507,0.4788732394366197,19.281690140845072,71,0.0,0,0.5,Loyal Customers,0.5539847537734959,test
14940,At Risk,United Kingdom,1.6421875,0.625,12.0,32,0.3125,315,0.0,Loyal Customers,0.9198471878474117,train
14941,Hibernating or Lost,United Kingdom,2.3428571428571425,0.42857142857142855,11.428571428571429,7,0.0,0,0.0,At Risk,0.5378948354889166,train
14942,At Risk,United Kingdom,2.4968421052631578,0.6842105263157895,18.63157894736842,12,0.0,328,0.2,Loyal Customers,0.6625890821436974,train
14943,Hibernating or Lost,United Kingdom,3.184,0.4,9.2,5,1.0,0,0.0,At Risk,0.6510838581586637,test
14944,Champions,United Kingdom,3.3507260726072605,0.6798679867986799,16.05280528052805,184,0.0,631,0.20833333333333334,Champions,0.9837839865153755,train
14945,Hibernating or Lost,United Kingdom,1.55,0.6363636363636364,14.181818181818182,11,0.0,0,0.0,Hibernating or Lost,0.6625839037072621,test
14946,At Risk,United Kingdom,4.683333333333334,0.0,7.333333333333333,3,0.0,0,0.0,Hibernating or Lost,0.6896963609762642,train
14947,Loyal Customers,United Kingdom,5.136481481481481,0.3148148148148148,7.703703703703703,47,0.0,552,0.0,Champions,0.6298972710469025,train
14948,Champions,United Kingdom,2.8057142857142856,0.4444444444444444,10.682539682539682,56,0.0,196,0.14285714285714285,At Risk,0.47609359423201725,train
14949,At Risk,United Kingdom,2.8537037037037036,0.5555555555555556,9.25925925925926,16,0.0,252,0.3333333333333333,Loyal Customers,0.7853617254861119,train
14950,Loyal Customers,United Kingdom,5.193157894736842,0.3157894736842105,7.157894736842105,19,1.0,0,0.5,At Risk,0.6682171831858043,train
14951,At Risk,United Kingdom,1.895,0.8,15.55,20,0.0,0,0.0,At Risk,0.7850858886768727,train
14952,Champions,United Kingdom,3.653387622149837,0.6775244299674267,22.72638436482085,240,0.05211726384364821,676,0.2558139534883721,Champions,0.9872724094880986,train
14953,Champions,United Kingdom,2.065173745173745,0.08108108108108109,3.969111969111969,202,0.5057915057915058,410,0.2,Champions,0.5190670437087724,train
14954,Loyal Customers,United Kingdom,3.101825396825397,0.015873015873015872,1.7380952380952381,111,0.6746031746031746,690,0.0,Champions,0.9721425832198033,test
14955,Hibernating or Lost,United Kingdom,2.626451612903226,0.03225806451612903,2.3870967741935485,30,0.0,0,0.0,At Risk,0.6490496539052968,train
14956,At Risk,United Kingdom,0.53,1.0,625.0,4,0.0,0,0.0,Hibernating or Lost,0.6625839037072621,test
14957,At Risk,United Kingdom,2.656551724137931,0.034482758620689655,3.6206896551724137,27,0.0,391,0.0,Loyal Customers,0.8293383283510054,train
14958,Loyal Customers,United Kingdom,5.677361111111111,0.041666666666666664,3.4583333333333335,52,0.0,588,0.0,Champions,0.571350833347413,train
14959,Loyal Customers,United Kingdom,1.46,0.2711864406779661,8.372881355932204,37,0.3898305084745763,232,0.2,Loyal Customers,0.9184067715483872,train
14960,Loyal Customers,United Kingdom,1.8037037037037038,0.2222222222222222,8.185185185185185,23,0.0,162,0.0,At Risk,0.8369925355788373,train
14961,Champions,United Kingdom,2.9401492537313434,0.4925373134328358,12.495522388059701,328,0.020895522388059702,724,0.21428571428571427,Champions,0.9825654733277243,train
14962,Loyal Customers,United Kingdom,5.113571428571428,0.2857142857142857,8.785714285714286,14,0.0,313,0.0,Loyal Customers,0.5445186017836483,train
14963,Champions,United Kingdom,2.216450304259635,0.09330628803245436,4.699797160243408,304,0.1359026369168357,515,0.07692307692307693,Champions,0.9527062675286382,train
14964,At Risk,United Kingdom,3.4046153846153846,0.15384615384615385,11.0,13,0.0,0,0.0,At Risk,0.6554986189036304,train
14965,At Risk,United Kingdom,2.3681927710843373,0.0963855421686747,4.397590361445783,80,1.0,0,0.0,Loyal Customers,0.5967589475498478,test
14966,Champions,United Kingdom,2.319125,0.175,6.8625,125,0.0,709,0.0,Champions,0.9764092050776733,test
14967,Loyal Customers,United Kingdom,3.37551724137931,0.7586206896551724,22.482758620689655,22,0.0,686,0.14285714285714285,Champions,0.5446525159049881,train
14968,Loyal Customers,United Kingdom,3.3568235294117645,0.058823529411764705,3.0352941176470587,83,0.0,428,0.0,Loyal Customers,0.8942440043812727,train
14969,At Risk,United Kingdom,3.2392307692307694,1.0,51.15384615384615,13,0.0,0,0.0,Hibernating or Lost,0.49531214555001774,test
14970,Champions,United Kingdom,4.74362831858407,0.17699115044247787,8.690265486725664,71,0.7522123893805309,595,0.25,Champions,0.7165964622055635,train
14971,Loyal Customers,United Kingdom,3.1020624999999997,0.0625,4.025,144,0.0,8,0.0,Loyal Customers,0.3921816908164315,train
14972,At Risk,United Kingdom,4.705,0.0,2.0,20,0.0,252,0.0,Loyal Customers,0.7492841312829094,train
14973,Loyal Customers,United Kingdom,21.259687500000002,0.6875,11.53125,29,0.0,118,0.0,At Risk,0.8481550537524788,test
14974,At Risk,United Kingdom,3.467142857142857,0.0,2.0952380952380953,17,0.0,0,0.0,Hibernating or Lost,0.7305408822328047,test
14975,Loyal Customers,United Kingdom,1.8065384615384614,0.4230769230769231,19.5,25,0.0,363,0.0,Loyal Customers,0.830738764034316,train
14976,Loyal Customers,United Kingdom,3.955416666666667,0.027777777777777776,3.25,47,0.0,269,0.125,Loyal Customers,0.8978707102564389,train
14977,Hibernating or Lost,United Kingdom,2.46,0.25,4.25,4,0.0,0,0.0,Hibernating or Lost,0.6569828761759374,train
14978,Champions,United Kingdom,5.237815699658703,0.030716723549488054,2.525597269624573,175,0.0,518,0.16666666666666666,Champions,0.9565138246732336,test
14979,At Risk,United Kingdom,2.9933962264150944,0.09433962264150944,4.018867924528302,42,0.0,0,0.0,At Risk,0.7386192680994106,train
14980,Hibernating or Lost,United Kingdom,3.4875000000000003,0.041666666666666664,3.2916666666666665,24,0.0,0,0.0,At Risk,0.7386192680994106,train
14981,At Risk,United Kingdom,1.8536363636363637,0.36363636363636365,10.954545454545455,20,0.0,177,0.3333333333333333,At Risk,0.8380687881594736,train
14982,Hibernating or Lost,United Kingdom,2.505897435897436,0.0,3.2051282051282053,39,1.0,0,0.0,At Risk,0.6311892606008653,train
14983,Hibernating or Lost,United Kingdom,2.57,0.06666666666666667,3.0,30,0.0,0,0.0,At Risk,0.6490496539052968,train
14984,Champions,United Kingdom,4.5007142857142854,0.16071428571428573,6.25,48,0.9285714285714286,678,0.0,Champions,0.6640751011780958,train
14985,At Risk,United Kingdom,1.9082758620689657,0.05747126436781609,2.9885057471264367,78,0.0,159,0.0,At Risk,0.6439543522648258,test
14986,At Risk,United Kingdom,2.3075,0.02,3.42,87,1.0,307,0.0,Loyal Customers,0.8973604003191129,train
14987,Champions,United Kingdom,3.091176470588235,0.8235294117647058,39.470588235294116,4,0.17647058823529413,721,0.1111111111111111,Champions,0.7010602008839836,train
14988,Loyal Customers,United Kingdom,2.1752459016393444,0.11885245901639344,5.229508196721311,171,0.0,390,0.0,Loyal Customers,0.5111718900434721,train
14989,Hibernating or Lost,United Kingdom,3.0944444444444446,0.6111111111111112,11.11111111111111,18,0.0,0,0.0,At Risk,0.577171417163366,train
14990,At Risk,United Kingdom,2.322325581395349,0.11627906976744186,3.0232558139534884,41,0.0,118,0.0,At Risk,0.6490496539052968,train
14991,Hibernating or Lost,United Kingdom,4.062380952380953,0.14285714285714285,9.095238095238095,21,0.0,0,0.0,At Risk,0.8607784496184314,train
14992,Hibernating or Lost,United Kingdom,1.8829629629629627,0.14814814814814814,5.37037037037037,27,0.0,0,0.0,At Risk,0.766762494178712,train
14993,Hibernating or Lost,United Kingdom,1.714,0.0,2.1,9,0.0,0,0.0,Hibernating or Lost,0.843854912113596,test
14994,Loyal Customers,United Kingdom,2.1632580645161292,0.03225806451612903,1.8612903225806452,233,0.0,240,0.375,Champions,0.5435895885647379,test
14995,At Risk,United Kingdom,2.6029508196721314,0.0,1.6885245901639345,53,0.0,241,0.0,Loyal Customers,0.892106178311767,train
14996,At Risk,United Kingdom,2.2653658536585364,0.4146341463414634,9.853658536585366,37,1.0,0,0.0,At Risk,0.7092830695530791,test
14997,Loyal Customers,United Kingdom,0.7171052631578947,0.9736842105263158,37.05263157894737,36,0.0,609,0.2,Loyal Customers,0.5329303934415414,train
14998,Loyal Customers,United Kingdom,3.4280314960629923,0.07874015748031496,2.8897637795275593,111,0.0,435,0.0,Champions,0.5817880101099283,test
14999,Hibernating or Lost,United Kingdom,3.2355555555555555,0.5555555555555556,9.777777777777779,9,0.0,0,0.0,At Risk,0.6489482792953484,train
15000,At Risk,United Kingdom,2.8345454545454545,0.012987012987012988,2.831168831168831,76,1.0,0,0.0,Loyal Customers,0.5967589475498478,test
15001,At Risk,United Kingdom,3.710185185185185,0.018518518518518517,1.5,44,0.0,0,0.0,At Risk,0.7386192680994106,train
15002,Champions,United Kingdom,2.737810810810811,0.15945945945945947,6.805405405405406,220,0.0,580,0.0,Champions,0.9764092050776733,train
15003,Loyal Customers,United Kingdom,2.1832664756446993,0.008595988538681949,1.5673352435530086,253,0.0,209,0.14285714285714285,At Risk,0.4176832484611063,test
15004,At Risk,United Kingdom,3.0956962025316455,0.0759493670886076,3.9873417721518987,154,0.0,0,0.0,Loyal Customers,0.3921816908164315,train
15005,Champions,United Kingdom,2.448007334963325,0.029339853300733496,3.60880195599022,591,0.10431947840260798,722,0.2631578947368421,Champions,0.9765065129176332,train
15006,Loyal Customers,United Kingdom,2.513623188405797,0.01932367149758454,2.0096618357487923,165,0.30434782608695654,402,0.0,Champions,0.6352384448555851,train
15007,At Risk,United Kingdom,3.160833333333333,0.16666666666666666,5.75,12,1.0,0,0.0,At Risk,0.6628521335734414,train
15008,At Risk,United Kingdom,0.3,1.0,125.0,6,0.0,157,0.0,Hibernating or Lost,0.6625839037072621,train
15009,Loyal Customers,United Kingdom,2.458186813186813,0.038461538461538464,3.5274725274725274,148,0.521978021978022,12,0.0,Loyal Customers,0.4790925992139787,train
15010,At Risk,United Kingdom,3.1685000000000003,0.6,9.2,20,0.0,0,0.0,At Risk,0.843914413874281,train
15011,At Risk,United Kingdom,2.0785,0.45,14.45,17,0.0,20,0.0,Hibernating or Lost,0.5817565378872296,train
15012,Loyal Customers,United Kingdom,2.655921568627451,0.0392156862745098,1.8784313725490196,165,0.0,523,0.0,Champions,0.9701483488954694,test
15013,Loyal Customers,United Kingdom,1.5890422535211268,0.08169014084507042,4.92112676056338,177,0.323943661971831,189,0.0,Loyal Customers,0.5261593429904574,train
15014,At Risk,United Kingdom,1.7331428571428573,0.08571428571428572,4.314285714285714,29,0.0,133,0.0,At Risk,0.622888518232414,train
15015,Loyal Customers,United Kingdom,2.1138851351351353,0.0777027027027027,5.381756756756757,158,0.06418918918918919,223,0.35,Champions,0.5435895885647379,train
15016,Loyal Customers,United Kingdom,3.2668518518518517,0.009259259259259259,2.287037037037037,93,0.0,370,0.16666666666666666,Loyal Customers,0.8942440043812727,train
15017,At Risk,United Kingdom,3.2625,0.0,3.15,20,1.0,0,0.0,At Risk,0.6949360266619181,train
15018,Loyal Customers,United Kingdom,6.6175,0.1388888888888889,5.833333333333333,30,0.0,329,0.25,Loyal Customers,0.8742024095326586,test
15019,At Risk,United Kingdom,2.228285714285714,0.02857142857142857,2.2714285714285714,64,0.0,0,0.0,At Risk,0.6439543522648258,train
15020,At Risk,United Kingdom,3.193214285714286,0.17857142857142858,4.0,27,0.0,0,0.0,At Risk,0.8232792371331008,test
15021,Champions,United Kingdom,2.611991643454039,0.008356545961002786,1.6949860724233983,355,0.0807799442896936,489,0.29411764705882354,Champions,0.6580586672494315,train
15022,Champions,United Kingdom,2.934350649350649,0.07792207792207792,4.259740259740259,115,0.6623376623376623,665,0.0,Champions,0.9740655364669074,train
15023,Champions,United Kingdom,3.9124236453201973,0.11625615763546798,4.977339901477833,486,0.08768472906403942,671,0.13043478260869565,Champions,0.9565138246732336,train
15024,Champions,United Kingdom,2.743234501347709,0.11859838274932614,5.932614555256064,168,0.0,414,0.0,Champions,0.6235349152343552,train
15025,Loyal Customers,United Kingdom,3.032191780821918,0.0410958904109589,3.5273972602739727,132,0.4931506849315068,535,0.0,Champions,0.9721425832198033,train
15026,Loyal Customers,United Kingdom,2.125642857142857,0.08571428571428572,4.807142857142857,109,0.0,368,0.0,Loyal Customers,0.5111718900434721,train
15027,Champions,United Kingdom,3.731868131868132,0.4835164835164835,30.571428571428573,69,0.0,593,0.23076923076923078,Champions,0.838402299928722,train
15028,Champions,United Kingdom,2.369831932773109,0.21008403361344538,6.689075630252101,65,0.0,385,0.0,Loyal Customers,0.8780938454915321,train
15029,At Risk,United Kingdom,2.722,0.7,23.4,10,0.0,0,0.5,At Risk,0.6690963625778594,train
15030,Champions,United Kingdom,3.5693939393939393,0.7272727272727273,37.121212121212125,25,0.24242424242424243,573,0.1111111111111111,Champions,0.5855976598596897,test
15031,Champions,United Kingdom,2.8332839506172838,0.0962962962962963,3.9876543209876543,237,0.12839506172839507,727,0.125,Champions,0.9701483488954694,train
15032,Champions,United Kingdom,2.018,0.536,66.072,39,0.0,472,0.2,Loyal Customers,0.830738764034316,train
15033,Champions,United Kingdom,2.0848039215686276,0.06862745098039216,3.323529411764706,315,0.2607843137254902,324,0.09090909090909091,Champions,0.5190670437087724,test
15034,Champions,United Kingdom,3.0454319371727747,0.13743455497382198,6.267015706806283,416,0.041884816753926704,561,0.17647058823529413,Champions,0.9746517878282736,train
15035,At Risk,United Kingdom,2.1285185185185185,0.2222222222222222,9.074074074074074,26,1.0,0,0.0,At Risk,0.760524953338149,train
15036,Loyal Customers,United Kingdom,2.1081102362204724,0.023622047244094488,2.574803149606299,107,0.0,107,0.0,At Risk,0.4176832484611063,test
15037,At Risk,United Kingdom,2.2277083333333336,0.25,6.270833333333333,40,1.0,0,0.0,At Risk,0.760524953338149,train
15038,Champions,United Kingdom,3.568767605633803,0.014084507042253521,1.5528169014084507,190,0.9964788732394366,366,0.1,Champions,0.6179814692796378,train
15039,Champions,United Kingdom,3.2477542979942693,0.11067335243553009,6.512535816618911,562,0.011461318051575931,719,0.1308411214953271,Champions,0.9708814921492195,train
15040,Hibernating or Lost,United Kingdom,7.49,0.0,1.0,1,0.0,0,0.0,Hibernating or Lost,0.8053437570891684,train
15041,At Risk,United Kingdom,1.7849532710280374,0.028037383177570093,1.841121495327103,98,0.0,274,0.0,Loyal Customers,0.9035836186682284,train
15042,At Risk,United Kingdom,3.4322222222222223,0.4444444444444444,26.444444444444443,9,0.0,396,0.0,Loyal Customers,0.681567820577668,train
15043,Champions,United Kingdom,3.3042307692307693,0.40384615384615385,19.826923076923077,39,0.0,501,0.0,Loyal Customers,0.8554188438608463,test
15044,Champions,United Kingdom,4.796502732240437,0.12349726775956284,5.769398907103825,344,0.2448087431693989,703,0.2553191489361702,Champions,0.9729210701873349,train
15045,At Risk,United Kingdom,6.9191666666666665,0.5,9.5,11,0.3333333333333333,105,0.3333333333333333,At Risk,0.7537456065164613,test
15046,Champions,United Kingdom,3.0495073891625615,0.29310344827586204,11.578817733990148,248,0.3251231527093596,685,0.10714285714285714,Champions,0.9814125090457337,train
15047,At Risk,United Kingdom,2.27,0.45454545454545453,10.090909090909092,22,0.0,0,0.0,At Risk,0.8373151763866855,train
15048,Loyal Customers,United Kingdom,2.6011666666666664,0.016666666666666666,1.8916666666666666,86,0.0,303,0.2,Loyal Customers,0.892106178311767,train
15049,At Risk,United Kingdom,1.83,0.6666666666666666,21.0,3,0.0,0,0.0,Hibernating or Lost,0.6625839037072621,train
15050,Champions,United Kingdom,2.651025641025641,0.5128205128205128,16.846153846153847,116,0.0,455,0.2857142857142857,Champions,0.809294037855131,train
15051,Champions,United Kingdom,2.428344827586207,0.3758620689655172,10.527586206896551,226,0.0,715,0.1,Champions,0.9825654733277243,test
15052,At Risk,United Kingdom,3.5113333333333334,0.03333333333333333,2.7333333333333334,27,0.0,0,0.0,At Risk,0.7386192680994106,train
15053,Loyal Customers,United Kingdom,1.5770422535211268,0.29577464788732394,13.887323943661972,49,0.0,277,0.0,Loyal Customers,0.8959941324835589,train
15054,Loyal Customers,United Kingdom,1.7128070175438597,0.017543859649122806,1.736842105263158,105,1.0,28,0.0,Loyal Customers,0.5261593429904574,train
15055,At Risk,United Kingdom,3.1414117647058823,0.03529411764705882,2.7058823529411766,77,0.3411764705882353,248,0.0,Loyal Customers,0.9026307242250012,train
15056,Hibernating or Lost,United Kingdom,3.1785714285714284,0.7142857142857143,11.571428571428571,6,0.0,0,0.0,At Risk,0.577171417163366,train
15057,Loyal Customers,United Kingdom,3.338142857142857,0.7571428571428571,19.914285714285715,62,0.15714285714285714,458,0.16666666666666666,Loyal Customers,0.8371584094135806,train
15058,Champions,United Kingdom,2.905098039215686,0.14285714285714285,4.649859943977591,232,0.4369747899159664,628,0.058823529411764705,Champions,0.9774243939849566,train
15059,Champions,United Kingdom,3.083546218487395,0.03529411764705882,2.7176470588235295,308,0.7092436974789916,692,0.2962962962962963,Champions,0.978067152283113,train
15060,Loyal Customers,United Kingdom,1.7283471074380166,0.049586776859504134,2.1735537190082646,81,0.0,0,0.0,At Risk,0.6439543522648258,train
15061,Champions,United Kingdom,2.373292806484296,0.9483282674772037,81.77406281661601,131,0.025329280648429583,734,0.07971014492753623,Champions,0.984917761558242,train
15062,Champions,United Kingdom,2.5677358490566036,0.34591194968553457,11.773584905660377,98,0.0,539,0.0,Champions,0.7498837750936012,test
15063,At Risk,United Kingdom,8.57,0.6,11.2,5,0.0,0,0.0,Hibernating or Lost,0.508902716968125,train
15064,Loyal Customers,United Kingdom,3.950617283950617,0.41975308641975306,10.0,75,0.0,306,0.0,Loyal Customers,0.8816832699760822,train
15065,Champions,United Kingdom,5.066626506024096,0.3614457831325301,8.710843373493976,156,0.0,373,0.2857142857142857,Champions,0.6238399859074022,train
15066,At Risk,United Kingdom,4.46047619047619,0.35714285714285715,7.5476190476190474,42,0.0,0,0.5,At Risk,0.8657381856703236,train
15067,Champions,United Kingdom,3.934887640449438,0.47752808988764045,12.151685393258427,170,0.21348314606741572,528,0.16666666666666666,Champions,0.9778345823021533,train
15068,Loyal Customers,United Kingdom,2.3078280542986422,0.058823529411764705,3.7782805429864252,178,0.5294117647058824,575,0.0,Champions,0.9740655364669074,train
15069,At Risk,United Kingdom,4.523428571428571,0.22857142857142856,7.428571428571429,70,0.0,0,0.0,At Risk,0.6984043884516892,train
15070,At Risk,United Kingdom,3.596969696969697,0.42424242424242425,11.363636363636363,26,0.0,351,0.0,Loyal Customers,0.8701937413527897,train
15071,Loyal Customers,United Kingdom,4.694074074074074,0.25925925925925924,7.703703703703703,41,0.0,476,0.0,Loyal Customers,0.7940006714673897,test
15072,Hibernating or Lost,United Kingdom,1.4115384615384616,0.8461538461538461,12.615384615384615,13,0.0,0,0.0,Hibernating or Lost,0.5750626267462317,train
15073,Champions,United Kingdom,3.6269182389937105,0.39622641509433965,8.867924528301886,115,0.0,672,0.1111111111111111,Champions,0.9777998272405093,train
15074,Loyal Customers,United Kingdom,1.9789041095890412,0.4931506849315068,14.561643835616438,63,0.3013698630136986,362,0.0,Loyal Customers,0.8673982797902082,train
15075,At Risk,United Kingdom,3.312962962962963,0.5925925925925926,16.555555555555557,27,0.0,0,0.0,At Risk,0.8264427958453531,train
15076,Loyal Customers,United Kingdom,3.3277500000000004,0.55,10.825,68,0.0,349,0.4,Loyal Customers,0.834887252573607,train
15077,Loyal Customers,United Kingdom,5.1396875,0.6875,16.5,28,0.0,235,0.5,Loyal Customers,0.8663519014157035,train
15078,Champions,United Kingdom,2.6886506935687264,0.3455233291298865,11.336696090794451,118,0.03026481715006305,728,0.171875,Champions,0.9800812196187014,train
15079,Champions,United Kingdom,4.095034482758621,0.3103448275862069,10.372413793103448,119,0.0,519,0.35294117647058826,Champions,0.9770786551126931,test
15080,At Risk,United Kingdom,2.388709677419355,0.5483870967741935,9.258064516129032,31,0.0,74,0.0,At Risk,0.8059974635658709,test
15081,Champions,United Kingdom,4.571834862385321,0.4036697247706422,7.394495412844036,75,0.08256880733944955,513,0.07692307692307693,Champions,0.6612188227784562,train
15082,Hibernating or Lost,United Kingdom,2.2416666666666667,0.0,7.166666666666667,6,0.0,0,0.0,Hibernating or Lost,0.7438039876772888,train
15083,At Risk,United Kingdom,6.67,0.2,7.6,5,0.0,0,0.0,At Risk,0.4984835712030462,train
15084,At Risk,United Kingdom,5.959354838709677,0.41935483870967744,19.35483870967742,31,0.0,266,0.0,Loyal Customers,0.8241440579598934,train
15085,Hibernating or Lost,United Kingdom,2.3233333333333333,0.8888888888888888,18.77777777777778,9,0.0,0,0.0,Hibernating or Lost,0.6138854892987397,train
15086,At Risk,United Kingdom,2.8854545454545457,0.45454545454545453,8.636363636363637,10,0.0,60,0.0,Hibernating or Lost,0.5096815370698696,train
15087,At Risk,United Kingdom,2.036,0.5333333333333333,31.333333333333332,15,0.0,0,0.0,Hibernating or Lost,0.5817565378872296,test
15088,Loyal Customers,United Kingdom,5.27,0.42105263157894735,8.070175438596491,53,0.0,45,0.3333333333333333,At Risk,0.5015424187841035,train
15089,Champions,United Kingdom,3.3199310344827584,0.43448275862068964,9.372413793103448,139,0.0,118,0.0,Champions,0.41086869626255873,test
15090,At Risk,United Kingdom,3.5617391304347827,0.30434782608695654,9.043478260869565,23,0.0,0,0.0,At Risk,0.8596366604048866,train
15091,Loyal Customers,United Kingdom,2.5370175438596494,0.49122807017543857,10.210526315789474,55,0.0,607,0.5,Champions,0.8146951866859856,train
15092,At Risk,United Kingdom,5.317333333333333,0.17777777777777778,5.111111111111111,39,0.15555555555555556,247,0.25,Loyal Customers,0.8714217746165273,train
15093,Champions,United Kingdom,2.4555120481927712,0.7439759036144579,35.11144578313253,104,0.06325301204819277,713,0.3235294117647059,Champions,0.9881638809913595,train
15094,At Risk,United Kingdom,3.05,0.0,5.6,4,0.0,181,0.0,Hibernating or Lost,0.7305408822328047,train
15095,Champions,United Kingdom,2.5404032258064517,0.5967741935483871,18.008064516129032,90,0.20161290322580644,584,0.09090909090909091,Champions,0.8215816425074736,train
15096,At Risk,United Kingdom,3.1118181818181814,0.5454545454545454,10.909090909090908,11,0.0,0,0.0,At Risk,0.6489482792953484,train
15097,Loyal Customers,United Kingdom,3.12,0.18181818181818182,6.424242424242424,59,0.0,578,0.4,Champions,0.7499127273829141,train
15098,Loyal Customers,United Kingdom,434.65000000000003,0.6666666666666666,40.333333333333336,1,0.0,0,0.4,At Risk,0.6992316940889529,test
15099,At Risk,United Kingdom,2.073478260869565,0.2608695652173913,14.91304347826087,23,0.0,0,0.0,At Risk,0.8212071185728523,test
15100,Champions,United Kingdom,6.6499999999999995,0.5,18.555555555555557,11,0.0,367,0.5,Loyal Customers,0.7309211457103838,train
15101,Champions,United Kingdom,4.2332758620689654,0.43103448275862066,11.655172413793103,52,0.0,581,0.45454545454545453,Champions,0.7485712375720822,train
15102,At Risk,United Kingdom,3.2955555555555556,0.5555555555555556,12.555555555555555,26,0.25925925925925924,16,0.0,At Risk,0.6382670476633457,train
15103,Loyal Customers,United Kingdom,5.646857142857144,0.45714285714285713,9.4,35,0.0,55,0.0,At Risk,0.8512045679765924,train
15104,Loyal Customers,United Kingdom,5.425942028985507,0.463768115942029,9.231884057971014,66,0.0,85,0.3333333333333333,At Risk,0.5015424187841035,train
15105,Champions,United Kingdom,2.490529801324503,0.5099337748344371,11.56953642384106,129,0.0,608,0.0,Champions,0.9825654733277243,train
15106,Champions,United Kingdom,2.4882,0.55,11.81,90,0.0,251,0.2857142857142857,Loyal Customers,0.8255364234234961,test
15107,Loyal Customers,United Kingdom,5.891489361702127,0.2553191489361702,7.574468085106383,32,0.10638297872340426,140,0.25,At Risk,0.8657381856703236,train
15108,Loyal Customers,Other,4.83,0.36666666666666664,8.316666666666666,50,0.31666666666666665,85,0.2,Loyal Customers,0.5227047070149927,train
15109,Loyal Customers,United Kingdom,5.433333333333334,0.14583333333333334,5.375,46,0.25,489,0.25,Loyal Customers,0.8995698092819765,train
15110,Champions,United Kingdom,7.4547169811320755,0.32075471698113206,6.3584905660377355,23,0.0,461,0.3333333333333333,Loyal Customers,0.8742024095326586,train
15111,Champions,United Kingdom,3.936291390728477,0.3443708609271523,7.708609271523179,109,0.0,563,0.0,Champions,0.9655486081780054,train
15112,Hibernating or Lost,United Kingdom,4.357142857142857,0.2857142857142857,10.285714285714286,7,0.0,0,0.0,At Risk,0.567010852999173,test
15113,Champions,United Kingdom,2.1344,0.66,23.86,77,0.75,44,0.25,Loyal Customers,0.7161990213601854,train
15114,Champions,United Kingdom,1.8087012987012987,0.696969696969697,15.29004329004329,151,0.05627705627705628,390,0.0,Champions,0.6510498014533858,train
15115,Loyal Customers,United Kingdom,3.3777142857142857,0.2571428571428571,7.0,35,0.0,714,0.3333333333333333,Champions,0.49593073200465226,train
15116,Champions,United Kingdom,2.7622222222222224,0.4888888888888889,14.4,37,0.0,187,0.0,At Risk,0.7843675251583553,train
15117,Champions,United Kingdom,2.071145038167939,0.3053435114503817,23.610687022900763,89,0.061068702290076333,619,0.1111111111111111,Champions,0.7020941777086589,test
15118,At Risk,United Kingdom,0.17,1.0,1440.0,1,0.0,0,0.0,Hibernating or Lost,0.6625839037072621,train
15119,At Risk,United Kingdom,7.728571428571429,0.14285714285714285,6.285714285714286,14,0.0,0,0.0,At Risk,0.4984835712030462,train
15120,At Risk,United Kingdom,4.91952380952381,0.6190476190476191,14.095238095238095,21,0.0,0,0.5,At Risk,0.8457378244696051,train
15121,Loyal Customers,United Kingdom,4.226785714285714,0.25,7.107142857142857,28,0.0,238,0.0,Loyal Customers,0.7940006714673897,train
15122,Champions,United Kingdom,3.53969298245614,0.4166666666666667,8.969298245614034,155,0.0,505,0.3125,Champions,0.9825514741684045,train
15123,Champions,United Kingdom,3.0031147540983603,0.5792349726775956,13.792349726775956,149,0.0,626,0.0,Champions,0.981259281452183,train
15124,Loyal Customers,United Kingdom,3.1470967741935483,0.6129032258064516,14.903225806451612,30,0.0,628,0.0,Champions,0.5446525159049881,train
15125,Champions,United Kingdom,3.93475,0.7833333333333333,35.1375,151,0.0,593,0.3333333333333333,Champions,0.9826318750096155,train
15126,At Risk,United Kingdom,2.8027999999999995,0.52,10.92,25,0.0,150,0.0,At Risk,0.8021283796886285,train
15127,Loyal Customers,United Kingdom,3.0675,0.7857142857142857,16.571428571428573,27,0.0,454,0.0,Loyal Customers,0.8385187298486457,train
15128,Loyal Customers,United Kingdom,2.121138211382114,0.5691056910569106,12.869918699186991,87,0.0,369,0.4444444444444444,Loyal Customers,0.8781923722871217,train
15129,Champions,United Kingdom,2.4565217391304346,0.748792270531401,19.333333333333332,86,0.0,559,0.0,Champions,0.7990968564501582,train
15130,At Risk,United Kingdom,2.42,0.45454545454545453,8.954545454545455,22,0.0,0,0.0,At Risk,0.8059974635658709,train
15131,Hibernating or Lost,United Kingdom,2.08,0.42857142857142855,12.571428571428571,7,0.0,0,0.0,At Risk,0.4967706698319442,train
15132,Champions,United Kingdom,2.062692307692308,0.5961538461538461,13.057692307692308,49,0.0,244,0.0,Loyal Customers,0.8910879967788092,train
15133,Loyal Customers,United Kingdom,2.615102040816326,0.5510204081632653,19.591836734693878,45,0.14285714285714285,392,0.0,Loyal Customers,0.8205629673835433,test
15134,Champions,United Kingdom,2.219529411764706,0.611764705882353,12.435294117647059,47,0.0,407,0.0,Loyal Customers,0.8910879967788092,train
15135,At Risk,United Kingdom,4.882,0.05,4.2,17,0.0,317,0.3333333333333333,Loyal Customers,0.6457151867903671,train
15136,Champions,United Kingdom,2.0561764705882353,0.5294117647058824,11.411764705882353,61,0.4264705882352941,93,0.2,Loyal Customers,0.6457198096240846,train
15137,At Risk,United Kingdom,2.1173529411764704,0.8529411764705882,17.529411764705884,34,0.0,159,0.6,At Risk,0.833833798195812,train
15138,At Risk,United Kingdom,4.388709677419355,0.3870967741935484,9.67741935483871,31,0.0,0,0.5,At Risk,0.8247040482208206,train
15139,At Risk,United Kingdom,1.3546153846153846,0.6923076923076923,16.0,13,0.0,96,0.0,Hibernating or Lost,0.6625839037072621,train
15140,Champions,United Kingdom,2.5646428571428572,0.6964285714285714,17.946428571428573,103,0.15178571428571427,390,0.1111111111111111,Champions,0.7511853969681732,train
15141,Loyal Customers,United Kingdom,1.8842500000000002,0.6625,14.9625,44,0.2,163,0.2222222222222222,At Risk,0.6328724731545365,train
15142,Champions,United Kingdom,2.062676056338028,0.6830985915492958,15.17605633802817,115,0.0,454,0.14285714285714285,Champions,0.6510498014533858,test
15143,At Risk,United Kingdom,3.036774193548387,0.45161290322580644,10.32258064516129,27,0.5483870967741935,206,0.0,At Risk,0.6382670476633457,train
15144,Champions,United Kingdom,3.1220343839541544,0.5444126074498568,15.045845272206304,199,0.04871060171919771,718,0.12121212121212122,Champions,0.98518792681502,test
15145,Champions,United Kingdom,3.413731343283582,0.5522388059701493,11.283582089552239,54,0.0,244,0.0,Loyal Customers,0.8583389205544516,train
15146,Loyal Customers,United Kingdom,1.5287912087912088,0.7582417582417582,16.186813186813186,90,0.0,126,0.3333333333333333,At Risk,0.5060970110873891,train
15147,At Risk,United Kingdom,2.9839285714285713,0.75,13.071428571428571,28,0.0,0,0.5,At Risk,0.7944880376073643,train
15148,At Risk,United Kingdom,2.5355,0.45,9.35,20,0.0,0,0.0,At Risk,0.8059974635658709,train
15149,Loyal Customers,United Kingdom,7.409710144927536,0.14492753623188406,5.507246376811594,62,0.2898550724637681,515,0.0,Champions,0.6415622844985029,train
15150,Champions,United Kingdom,2.829269565217391,0.5043478260869565,10.753043478260869,495,0.09217391304347826,526,0.07142857142857142,Champions,0.9825654733277243,train
15151,At Risk,United Kingdom,13.795438596491229,0.5964912280701754,13.947368421052632,56,0.3508771929824561,86,0.0,Loyal Customers,0.5860383184317508,test
15152,Champions,United Kingdom,3.3282000000000003,0.3933333333333333,9.98,214,0.24333333333333335,691,0.2222222222222222,Champions,0.9872210678299232,train
15153,At Risk,United Kingdom,4.66590909090909,0.2727272727272727,9.0,22,0.0,0,0.0,At Risk,0.8607784496184314,train
15154,Loyal Customers,United Kingdom,3.7890957446808513,0.0,1.8563829787234043,166,0.4521276595744681,402,0.25,Champions,0.6742229691889624,train
15155,At Risk,United Kingdom,3.9129166666666664,0.3333333333333333,8.0,24,1.0,0,0.0,At Risk,0.7763338967350972,test
15156,Loyal Customers,United Kingdom,2.841090909090909,0.6181818181818182,10.854545454545455,51,0.36363636363636365,32,0.0,Loyal Customers,0.6905163251449835,train
15157,Champions,United Kingdom,1.763157894736842,0.8421052631578947,22.80263157894737,152,0.0,725,0.2857142857142857,Champions,0.9810640772469079,test
15158,Loyal Customers,United Kingdom,17.71090909090909,0.7272727272727273,19.90909090909091,11,0.0,356,0.3333333333333333,Loyal Customers,0.697804915581215,test
15159,Champions,United Kingdom,2.794814814814815,0.6691358024691358,16.68148148148148,413,0.03580246913580247,430,0.10526315789473684,Champions,0.7511853969681732,train
15160,Loyal Customers,United Kingdom,2.5569565217391306,0.7391304347826086,13.347826086956522,17,0.0,63,0.0,Hibernating or Lost,0.5226520580879255,train
15161,Hibernating or Lost,United Kingdom,1.871212121212121,0.12121212121212122,4.363636363636363,33,0.0,0,0.0,At Risk,0.622888518232414,train
15162,Hibernating or Lost,United Kingdom,4.633333333333334,0.08333333333333333,6.166666666666667,12,0.0,0,0.5,At Risk,0.6251529055014828,train
15163,Loyal Customers,United Kingdom,2.437241379310345,0.1724137931034483,6.413793103448276,29,0.0,173,0.0,At Risk,0.8208232558852596,train
15164,Champions,United Kingdom,2.7055401662049863,0.0110803324099723,2.5789473684210527,243,0.4515235457063712,621,0.1,Champions,0.9740655364669074,test
15165,At Risk,United Kingdom,4.987037037037037,0.2222222222222222,5.925925925925926,27,0.0,0,0.0,At Risk,0.8607784496184314,train
15166,Hibernating or Lost,United Kingdom,2.47,0.6666666666666666,11.666666666666666,12,1.0,0,0.0,At Risk,0.5426620063603063,train
15167,Loyal Customers,United Kingdom,3.218849840255591,0.03514376996805112,2.7859424920127798,262,0.13099041533546327,352,0.0,Champions,0.5817880101099283,train
15168,At Risk,United Kingdom,3.338,0.4,10.4,5,0.0,0,0.0,At Risk,0.6489482792953484,train
15169,At Risk,United Kingdom,2.35,0.13559322033898305,6.033898305084746,58,0.8305084745762712,344,0.0,Loyal Customers,0.8760416267596324,train
15170,Hibernating or Lost,United Kingdom,3.175,0.5,8.25,4,0.0,0,0.0,At Risk,0.5888990040447544,train
15171,At Risk,United Kingdom,3.7700000000000005,1.0,58.0,5,0.0,0,0.5,At Risk,0.7550083009812483,test
15172,Champions,United Kingdom,2.087909090909091,0.5181818181818182,14.645454545454545,106,0.22727272727272727,227,0.0,Champions,0.70413372143028,train
15173,Loyal Customers,United Kingdom,2.7454651162790698,0.27906976744186046,9.767441860465116,68,0.06976744186046512,236,0.125,Loyal Customers,0.8644877565292982,train
15174,At Risk,United Kingdom,2.466764705882353,0.4117647058823529,11.235294117647058,34,0.0,87,0.0,At Risk,0.8021283796886285,train
15175,At Risk,United Kingdom,0.7404347826086957,0.9565217391304348,19.73913043478261,23,0.0,0,0.0,At Risk,0.7850858886768727,train
15176,At Risk,United Kingdom,4.427307692307692,0.4230769230769231,8.615384615384615,52,0.0,0,0.5,At Risk,0.5015424187841035,test
15177,At Risk,United Kingdom,3.7830769230769232,0.6153846153846154,18.653846153846153,26,1.0,0,0.0,At Risk,0.6848854580159215,train
15178,At Risk,United Kingdom,1.3499999999999999,0.0,10.0,3,0.0,0,0.0,Hibernating or Lost,0.6844497618104414,train
15179,Champions,United Kingdom,2.9869745222929933,0.5828025477707006,17.248407643312103,225,0.10509554140127389,718,0.23529411764705882,Champions,0.9883755335020277,train
15180,Loyal Customers,United Kingdom,2.274655172413793,0.5,11.89655172413793,46,0.0,221,0.0,Loyal Customers,0.8895545673836586,train
15181,Loyal Customers,United Kingdom,1.8875,1.0,34.4,15,0.0,664,0.375,Champions,0.6231538935504816,train
15182,Champions,United Kingdom,3.3948159999999996,0.376,9.488,78,0.152,502,0.21428571428571427,Loyal Customers,0.8729612708501394,train
15183,At Risk,United Kingdom,3.783157894736842,0.3684210526315789,7.815789473684211,33,0.0,36,0.25,At Risk,0.7926822479081909,train
15184,Loyal Customers,United Kingdom,3.029882352941177,0.12941176470588237,5.7176470588235295,72,0.0,694,0.0,Champions,0.6696625366903439,train
15185,At Risk,United Kingdom,2.3276190476190477,0.9523809523809523,31.714285714285715,21,0.0,0,0.0,At Risk,0.7754822360979571,train
15186,Champions,United Kingdom,3.3442307692307693,0.36538461538461536,13.76923076923077,29,0.3076923076923077,682,0.0,Champions,0.5159099553721218,train
15187,Champions,United Kingdom,3.0318681318681318,0.8021978021978022,20.736263736263737,61,0.0989010989010989,210,0.1111111111111111,At Risk,0.5742561967070892,train
15188,Hibernating or Lost,United Kingdom,2.6047826086956523,0.30434782608695654,10.130434782608695,23,0.0,0,0.0,At Risk,0.8200734138157137,train
15189,Champions,United Kingdom,4.252448132780082,0.6721991701244814,28.639004149377595,90,0.04979253112033195,507,0.20689655172413793,Champions,0.7287753732365004,train
15190,At Risk,United Kingdom,2.26225,0.825,19.75,40,0.0,0,0.0,At Risk,0.7850858886768727,train
15191,At Risk,United Kingdom,3.322857142857143,0.4,8.2,33,0.0,225,0.0,Loyal Customers,0.857351724932802,train
15192,Loyal Customers,United Kingdom,2.5657547169811323,0.5566037735849056,15.50943396226415,56,0.0,560,0.0,Champions,0.813553925890134,train
15193,At Risk,United Kingdom,6.397368421052631,0.21052631578947367,7.578947368421052,19,0.0,0,0.0,At Risk,0.8607784496184314,test
15194,Champions,United Kingdom,2.374776422764228,0.6747967479674797,18.63617886178862,274,0.02032520325203252,733,0.28205128205128205,Champions,0.9881638809913595,test
15195,Loyal Customers,United Kingdom,2.75,1.0,1404.0,1,0.0,0,0.0,Hibernating or Lost,0.6138854892987397,train
15196,At Risk,United Kingdom,2.4453488372093024,0.023255813953488372,3.046511627906977,34,1.0,293,0.0,Loyal Customers,0.9235255136462245,test
15197,Champions,United Kingdom,2.614915254237288,0.8305084745762712,17.93220338983051,44,0.0,717,0.4,Champions,0.6262741487990494,train
15198,Loyal Customers,United Kingdom,3.067096774193548,0.5483870967741935,10.548387096774194,28,0.16129032258064516,597,0.16666666666666666,Champions,0.5099551442419819,train
15199,Champions,United Kingdom,4.294117647058823,0.5686274509803921,17.529411764705884,17,0.0,516,0.0,Champions,0.5950171217721864,train
15200,At Risk,United Kingdom,3.796666666666667,0.16666666666666666,6.5,30,0.0,0,0.0,At Risk,0.8596366604048866,train
15201,Champions,United Kingdom,1.7422,0.74,16.6,44,0.16,524,0.5,Champions,0.5074491796822121,train
15202,Loyal Customers,United Kingdom,2000.4966666666667,0.0,1.0,1,0.0,0,0.625,Hibernating or Lost,0.5072537080810667,train
15203,Champions,United Kingdom,1.3584548104956269,0.446064139941691,12.192419825072886,150,0.061224489795918366,705,0.0,Champions,0.9721936167501243,train
15204,At Risk,United Kingdom,2.4044444444444446,0.7777777777777778,28.666666666666668,9,0.0,0,0.0,Hibernating or Lost,0.6138854892987397,train
15205,Loyal Customers,United Kingdom,3.684594594594594,0.5405405405405406,10.216216216216216,37,0.0,42,0.3333333333333333,At Risk,0.7574184472245591,train
15206,Loyal Customers,United Kingdom,2.683333333333333,0.6666666666666666,18.0,3,0.2222222222222222,265,0.0,Loyal Customers,0.8129046425765586,train
15207,At Risk,United Kingdom,1.64,0.9583333333333334,17.833333333333332,19,0.0,130,0.4,At Risk,0.833833798195812,train
15208,Champions,United Kingdom,4.774583333333333,0.2708333333333333,7.416666666666667,27,0.0,422,0.14285714285714285,Loyal Customers,0.7940006714673897,train
15209,Hibernating or Lost,United Kingdom,3.483846153846154,0.38461538461538464,7.230769230769231,13,0.0,0,0.0,At Risk,0.5888990040447544,train
15210,Loyal Customers,United Kingdom,4.74223880597015,0.43283582089552236,12.552238805970148,66,0.0,350,0.0,Loyal Customers,0.8816832699760822,train
15211,Loyal Customers,United Kingdom,5.394266666666667,0.10666666666666667,4.76,52,0.0,304,0.0,Loyal Customers,0.8978707102564389,test
15212,At Risk,United Kingdom,3.4139999999999993,0.4,8.4,7,0.5,135,0.3333333333333333,At Risk,0.7267421330701092,train
15213,At Risk,United Kingdom,1.55375,0.4166666666666667,11.333333333333334,22,0.0,11,0.3333333333333333,At Risk,0.8163211480642952,train
15214,Champions,United Kingdom,2.4215454545454547,0.5818181818181818,11.4,109,0.16363636363636364,241,0.0,Champions,0.7229019052453675,train
15215,Champions,United Kingdom,4.790088495575221,0.3008849557522124,6.867256637168142,85,0.4778761061946903,566,0.36363636363636365,Champions,0.7165964622055635,train
15216,Loyal Customers,United Kingdom,3.90875,0.4166666666666667,9.041666666666666,24,0.0,531,0.0,Loyal Customers,0.5872047942565037,train
15217,At Risk,United Kingdom,3.715,0.39285714285714285,6.785714285714286,28,0.0,0,0.0,At Risk,0.8456920669792868,test
15218,Champions,United Kingdom,2.96857855361596,0.38154613466334164,16.341645885286784,139,0.004987531172069825,672,0.12,Champions,0.98518792681502,train
15219,At Risk,United Kingdom,5.046923076923077,0.5,10.423076923076923,26,0.0,472,0.0,Loyal Customers,0.8379301960185245,test
15220,Loyal Customers,United Kingdom,2.559059829059829,0.5299145299145299,11.905982905982906,110,0.0,229,0.14285714285714285,Champions,0.7229019052453675,train
15221,Loyal Customers,United Kingdom,10.351470588235294,0.4117647058823529,8.441176470588236,21,0.17647058823529413,271,0.42857142857142855,Loyal Customers,0.9346265831476045,train
15222,Champions,United Kingdom,1.1160869565217393,0.7753623188405797,32.30434782608695,98,0.0,404,0.35294117647058826,Loyal Customers,0.8597796442720461,train
15223,Loyal Customers,United Kingdom,4.095,0.5294117647058824,11.323529411764707,26,0.23529411764705882,509,0.16666666666666666,Loyal Customers,0.5241145246155294,test
15224,Loyal Customers,United Kingdom,2.8065714285714285,0.5714285714285714,12.657142857142857,24,0.05714285714285714,334,0.375,Loyal Customers,0.9012952256697686,train
15225,At Risk,United Kingdom,3.45,0.5652173913043478,9.826086956521738,23,0.0,0,0.0,At Risk,0.8368435692463948,train
15226,At Risk,United Kingdom,3.8425,0.375,8.875,8,0.0,0,0.0,At Risk,0.5888990040447544,test
15227,Champions,United Kingdom,4.452916666666667,0.4,10.141666666666667,86,0.10833333333333334,597,0.0,Champions,0.6990749762353027,train
15228,Champions,United Kingdom,3.2060256410256414,0.5085470085470085,14.423076923076923,184,0.0,433,0.14285714285714285,Champions,0.7546971893638806,test
15229,Hibernating or Lost,United Kingdom,1.6055555555555556,0.6666666666666666,12.666666666666666,9,1.0,0,0.0,At Risk,0.5175554567972127,train
15230,At Risk,United Kingdom,1.7817391304347827,0.6086956521739131,15.26086956521739,23,0.0,1,0.0,At Risk,0.7850858886768727,train
15231,Hibernating or Lost,United Kingdom,1.862142857142857,0.7142857142857143,13.571428571428571,14,1.0,0,0.5,At Risk,0.7202950308501048,test
15232,At Risk,United Kingdom,1.0306451612903225,0.7419354838709677,22.129032258064516,26,0.0,27,0.0,At Risk,0.7850858886768727,train
15233,Hibernating or Lost,United Kingdom,4.95,1.0,12.0,1,0.0,0,0.0,Hibernating or Lost,0.508902716968125,train
15234,At Risk,United Kingdom,1.682857142857143,0.5714285714285714,14.0,14,0.0,0,0.0,At Risk,0.4967706698319442,test
15235,Champions,United Kingdom,2.96,0.3582887700534759,9.27807486631016,161,0.0427807486631016,170,0.0,Loyal Customers,0.4003527912310709,train
15236,At Risk,United Kingdom,1.6386666666666665,0.8,17.933333333333334,15,0.0,0,0.0,Hibernating or Lost,0.6625839037072621,train
15237,Champions,United Kingdom,2.5204040404040406,0.494949494949495,10.818181818181818,94,0.0,225,0.0,Loyal Customers,0.8514693798878483,train
15238,Loyal Customers,United Kingdom,4.8076,0.54,13.84,49,0.0,154,0.4,Loyal Customers,0.5153041971763457,train
15239,Loyal Customers,United Kingdom,1.9677551020408164,0.6326530612244898,12.122448979591837,48,0.0,68,0.3333333333333333,At Risk,0.49625976007836137,train
15240,Champions,United Kingdom,2.760580357142857,0.5892857142857143,14.348214285714286,134,0.14732142857142858,689,0.4,Champions,0.9881638809913595,train
15241,Champions,United Kingdom,1.667717391304348,0.7608695652173914,18.08695652173913,120,0.0,587,0.08333333333333333,Champions,0.9759037735330374,test
15242,Hibernating or Lost,United Kingdom,2.1550000000000002,1.0,49.0,4,0.0,0,0.0,Hibernating or Lost,0.6625839037072621,test
15243,Loyal Customers,United Kingdom,3.1178688524590163,0.3770491803278688,8.901639344262295,56,0.0,360,0.0,Loyal Customers,0.8729612708501394,train
15244,Loyal Customers,United Kingdom,4.111666666666667,0.4166666666666667,9.833333333333334,44,0.0,600,0.25,Loyal Customers,0.4970212762409057,test
15245,Champions,United Kingdom,1.8649324324324323,0.6351351351351351,20.41216216216216,72,0.10810810810810811,461,0.0,Loyal Customers,0.8704724511414116,test
15246,At Risk,United Kingdom,3.0049019607843137,0.1568627450980392,7.03921568627451,45,0.0,317,0.0,Loyal Customers,0.8823249656131642,train
15247,Loyal Customers,United Kingdom,2.454705882352941,0.8235294117647058,30.235294117647058,13,0.4117647058823529,414,0.25,Loyal Customers,0.829209934833934,train
15248,At Risk,United Kingdom,3.086981132075472,0.4339622641509434,10.047169811320755,103,0.0660377358490566,122,0.25,Champions,0.5721168171103751,train
15249,Champions,United Kingdom,3.0249800796812747,0.4601593625498008,9.920318725099602,304,0.0,591,0.14285714285714285,Champions,0.981259281452183,train
15250,Hibernating or Lost,United Kingdom,1.25,1.0,16.0,3,0.0,0,0.0,Hibernating or Lost,0.6625839037072621,train
15251,Champions,United Kingdom,4.0131304347826084,0.8608695652173913,52.643478260869564,183,0.1565217391304348,670,0.3225806451612903,Champions,0.9826318750096155,train
15252,Loyal Customers,United Kingdom,2.5354237288135595,0.5677966101694916,12.11864406779661,106,0.0,575,0.2857142857142857,Champions,0.9863078406293203,train
15253,Champions,United Kingdom,2.158706896551724,0.6724137931034483,13.689655172413794,102,0.20689655172413793,570,0.3333333333333333,Champions,0.9792083988039734,train
15254,Loyal Customers,United Kingdom,3.2482089552238804,0.43283582089552236,10.611940298507463,64,0.0,433,0.25,Loyal Customers,0.834887252573607,train
15255,Champions,United Kingdom,2.8906349206349207,0.5396825396825397,11.777777777777779,137,0.1746031746031746,670,0.18181818181818182,Champions,0.984865917299532,test
15256,At Risk,United Kingdom,1.8900000000000001,0.4,9.2,6,0.0,413,0.0,Loyal Customers,0.5906032966606747,train
15257,At Risk,United Kingdom,31.383333333333336,0.16666666666666666,5.916666666666667,11,0.0,130,0.3333333333333333,At Risk,0.7763403132456486,train
15258,At Risk,United Kingdom,5.6376470588235295,0.029411764705882353,4.176470588235294,32,0.0,48,0.0,At Risk,0.6790364749681377,train
15259,Loyal Customers,United Kingdom,8.15719298245614,0.42105263157894735,11.070175438596491,50,0.0,169,0.0,At Risk,0.6196585791569648,train
15260,Champions,United Kingdom,3.324824120603015,0.4045226130653266,11.864321608040202,186,0.23366834170854273,633,0.16666666666666666,Champions,0.9837310883313256,train
15261,Loyal Customers,United Kingdom,3.545760869565217,0.40217391304347827,8.76086956521739,87,0.0,299,0.0,Loyal Customers,0.8729612708501394,test
15262,At Risk,United Kingdom,2.8303846153846157,0.46153846153846156,8.384615384615385,22,0.34615384615384615,164,0.0,At Risk,0.644143173128623,train
15263,At Risk,United Kingdom,2.9575,0.3333333333333333,7.416666666666667,12,0.0,0,0.0,At Risk,0.5947845570931846,test
15264,Loyal Customers,United Kingdom,3.2374545454545456,0.32727272727272727,8.054545454545455,52,0.5818181818181818,466,0.3333333333333333,Loyal Customers,0.8589329579194651,train
15265,Loyal Customers,United Kingdom,3.610259067357513,0.39896373056994816,8.134715025906736,179,0.0,586,0.0,Champions,0.9777998272405093,test
15266,Loyal Customers,United Kingdom,5.795555555555556,0.15555555555555556,5.2444444444444445,38,0.37777777777777777,363,0.16666666666666666,Loyal Customers,0.9135580453111495,train
15267,Champions,United Kingdom,1.8354545454545452,1.0,85.81818181818181,8,0.0,160,0.0,Hibernating or Lost,0.6625839037072621,test
15268,At Risk,United Kingdom,3.8590909090909093,0.4090909090909091,19.454545454545453,21,0.0,126,0.25,At Risk,0.8260002105337354,train
15269,Loyal Customers,United Kingdom,7.172285714285715,0.5714285714285714,10.628571428571428,33,0.5142857142857142,366,0.0,Loyal Customers,0.9223303122166715,train
15270,Champions,United Kingdom,5.5408928571428575,0.6607142857142857,23.86904761904762,66,0.07142857142857142,706,0.3225806451612903,Champions,0.7751631641032038,test
15271,Champions,United Kingdom,2.5968750000000003,0.1330128205128205,4.044871794871795,369,0.04326923076923077,483,0.07692307692307693,Champions,0.5998457545140751,train
15272,Loyal Customers,United Kingdom,4.216514657980456,0.016286644951140065,2.237785016286645,257,0.5928338762214984,605,0.0,Champions,0.9621997230560563,train
15273,Hibernating or Lost,United Kingdom,1.06,1.0,216.0,1,0.0,0,0.0,Hibernating or Lost,0.6625839037072621,test
15274,Loyal Customers,United Kingdom,2.0589361702127658,0.574468085106383,13.170212765957446,44,0.0,14,0.0,At Risk,0.8373151763866855,train
15275,At Risk,United Kingdom,3.257073170731707,0.4146341463414634,12.146341463414634,41,0.0,0,0.5,At Risk,0.7574184472245591,train
15276,Loyal Customers,United Kingdom,2.458315789473684,0.010526315789473684,1.7421052631578948,160,0.0,368,0.2,Champions,0.5998457545140751,train
15277,Loyal Customers,United Kingdom,1.9907692307692306,0.6538461538461539,14.346153846153847,23,0.5384615384615384,378,0.0,Loyal Customers,0.909134874552218,train
15278,At Risk,United Kingdom,1.262758620689655,0.9310344827586207,15.793103448275861,29,0.0,103,0.0,At Risk,0.7850858886768727,train
15279,Loyal Customers,United Kingdom,3.891170212765957,0.35106382978723405,8.53191489361702,74,0.0,321,0.2857142857142857,Loyal Customers,0.892988418677923,test
15280,At Risk,United Kingdom,1.6721311475409837,0.26229508196721313,8.40983606557377,48,0.3770491803278688,399,0.0,Loyal Customers,0.9139092226256305,train
15281,Champions,United Kingdom,3.48588122605364,0.4329501915708812,10.024904214559387,427,0.09961685823754789,368,0.2727272727272727,Champions,0.7563025540221495,train
15282,Hibernating or Lost,United Kingdom,1.3085185185185184,0.5555555555555556,14.62962962962963,27,0.0,0,0.0,At Risk,0.8102963433022954,test
15283,At Risk,United Kingdom,6.448888888888889,0.0,3.0,9,0.1111111111111111,127,0.25,Hibernating or Lost,0.5072537080810667,test
15284,Hibernating or Lost,United Kingdom,4.95,0.0,5.0,1,0.0,0,0.0,Hibernating or Lost,0.8053437570891684,train
15285,Hibernating or Lost,United Kingdom,0.945,1.0,20.0,6,0.0,0,0.0,Hibernating or Lost,0.6625839037072621,train
15286,At Risk,United Kingdom,4.45,1.0,18.333333333333332,3,0.0,0,0.0,Hibernating or Lost,0.6005744235979578,test
15287,Loyal Customers,United Kingdom,2.2422222222222223,0.5833333333333334,28.055555555555557,23,0.0,715,0.16666666666666666,Loyal Customers,0.5329303934415414,train
15288,Champions,United Kingdom,3.1736464088397787,0.292817679558011,7.7569060773480665,128,0.2265193370165746,622,0.0,Champions,0.9779856337643557,train
15289,Loyal Customers,United Kingdom,1.3923711340206186,0.7938144329896907,16.77319587628866,67,0.28865979381443296,592,0.2857142857142857,Champions,0.7850900537360093,test
15290,Champions,United Kingdom,2.7855821917808217,0.75,22.48972602739726,106,0.0547945205479452,649,0.13333333333333333,Champions,0.984917761558242,train
15291,Champions,United Kingdom,5.297154471544715,0.47560975609756095,20.39430894308943,116,0.12195121951219512,710,0.24528301886792453,Champions,0.9841324024996603,train
15292,At Risk,United Kingdom,4.6328,0.04,2.24,24,1.0,0,0.0,At Risk,0.699121992610056,train
15293,Hibernating or Lost,United Kingdom,1.5342105263157895,0.2631578947368421,9.368421052631579,19,0.0,0,0.0,At Risk,0.8369925355788373,train
15294,Hibernating or Lost,United Kingdom,3.58,0.26666666666666666,6.466666666666667,15,0.0,0,0.5,At Risk,0.8154363279823286,train
15295,Hibernating or Lost,United Kingdom,1.9777358490566037,0.07547169811320754,2.849056603773585,50,0.0,0,0.0,At Risk,0.6439543522648258,train
15296,Champions,United Kingdom,3.2325420560747666,0.3514018691588785,10.213084112149533,342,0.0,636,0.4,Champions,0.9831764876375382,train
15297,Loyal Customers,United Kingdom,2.7343589743589742,0.3076923076923077,7.487179487179487,30,0.0,53,0.25,At Risk,0.7926285984741062,train
15298,Champions,United Kingdom,2.284954751131222,0.5316742081447964,14.221719457013574,199,0.1334841628959276,729,0.20689655172413793,Champions,0.9779790862569014,train
15299,Champions,United Kingdom,49.354615384615386,0.9230769230769231,419.46153846153845,9,0.0,629,0.3333333333333333,Champions,0.642993135672084,train
15300,At Risk,United Kingdom,2.862142857142857,0.5,10.428571428571429,28,0.0,0,0.0,At Risk,0.8021283796886285,train
15301,Champions,United Kingdom,3.0127631578947365,0.5078947368421053,11.289473684210526,231,0.0868421052631579,399,0.10526315789473684,Champions,0.7078234355232489,train
15302,Hibernating or Lost,United Kingdom,4.966666666666667,0.26666666666666666,6.8,15,0.0,0,0.5,At Risk,0.7763403132456486,train
15303,Loyal Customers,United Kingdom,4.6005797101449275,0.391304347826087,7.449275362318841,63,0.30434782608695654,393,0.25,Loyal Customers,0.8781409355920092,train
15304,Champions,United Kingdom,7.55344827586207,0.0,4.586206896551724,8,0.0,360,0.18181818181818182,At Risk,0.5070415825578277,train
15305,Hibernating or Lost,United Kingdom,3.4299999999999997,0.4,8.0,5,0.0,0,0.0,At Risk,0.5888990040447544,train
15306,Champions,United Kingdom,2.660432098765432,0.5308641975308642,18.97530864197531,123,0.1728395061728395,594,0.1,Champions,0.9880484876560749,train
15307,At Risk,United Kingdom,6.745833333333334,0.0,3.0833333333333335,12,0.0,0,0.0,Hibernating or Lost,0.8053437570891684,train
15308,At Risk,United Kingdom,4.0336842105263155,0.42105263157894735,9.210526315789474,19,0.0,0,0.5,At Risk,0.8477102616006096,train
15309,At Risk,United Kingdom,3.15,0.3148148148148148,8.148148148148149,49,0.0,124,0.6,Loyal Customers,0.5301412855813792,train
15310,At Risk,United Kingdom,1.6122222222222222,0.9111111111111111,32.8,45,0.0,0,0.0,At Risk,0.6502418834660041,train
15311,Champions,United Kingdom,2.676747857465043,0.2444745151105097,16.014884979702302,864,0.044880469102390616,738,0.22962962962962963,Champions,0.9876395107750012,test
15312,Champions,United Kingdom,2.758711656441718,0.5460122699386503,10.386503067484663,118,0.25766871165644173,648,0.14285714285714285,Champions,0.984865917299532,test
15313,At Risk,United Kingdom,2.08,1.0,25.0,1,1.0,0,0.0,Hibernating or Lost,0.5338464198620827,train
15314,At Risk,United Kingdom,1.7375999999999998,0.76,15.0,49,0.0,228,0.25,Loyal Customers,0.8597796442720461,train
15315,Loyal Customers,United Kingdom,0.8824324324324324,0.972972972972973,23.2972972972973,35,0.0,51,0.3333333333333333,At Risk,0.833833798195812,train
15316,At Risk,United Kingdom,1.65,1.0,100.0,1,0.0,0,0.0,Hibernating or Lost,0.6625839037072621,train
15317,Hibernating or Lost,United Kingdom,3.35,0.6,9.0,5,1.0,0,0.5,At Risk,0.7363561111326327,train
15318,At Risk,United Kingdom,0.5857575757575758,1.0,19.454545454545453,33,0.0,0,0.0,At Risk,0.7850858886768727,train
15319,At Risk,United Kingdom,3.24125,0.625,10.9375,16,0.0,0,0.0,At Risk,0.577171417163366,train
15320,At Risk,United Kingdom,3.0636111111111113,0.05555555555555555,9.055555555555555,36,0.0,0,0.0,At Risk,0.8143841720636293,train
15321,Champions,United Kingdom,2.849482200647249,0.4919093851132686,11.822006472491909,242,0.0,603,0.3333333333333333,Champions,0.9863078406293203,train
15322,Loyal Customers,United Kingdom,3.7060240963855424,0.46987951807228917,11.698795180722891,76,0.0,390,0.3333333333333333,Loyal Customers,0.834887252573607,test
15323,At Risk,United Kingdom,4.0,0.27586206896551724,6.482758620689655,29,0.0,99,0.25,At Risk,0.8657381856703236,train
15324,Hibernating or Lost,United Kingdom,2.30875,0.5,9.25,8,0.0,0,0.0,Hibernating or Lost,0.5096815370698696,train
15325,Loyal Customers,United Kingdom,2.0404444444444447,0.29777777777777775,6.1466666666666665,164,0.21777777777777776,557,0.1111111111111111,Champions,0.9674022571261007,train
15326,Loyal Customers,United Kingdom,2.5919379844961243,0.5271317829457365,10.472868217054264,94,0.0,404,0.5,Loyal Customers,0.8255364234234961,train
15327,At Risk,United Kingdom,4.397,0.7,11.6,10,0.0,0,0.0,Hibernating or Lost,0.508902716968125,train
15328,Hibernating or Lost,United Kingdom,2.46375,0.625,11.0,8,0.0,0,0.0,Hibernating or Lost,0.5226520580879255,train
15329,Champions,United Kingdom,4.315806451612904,0.3096774193548387,7.864516129032258,98,0.0,686,0.45,Champions,0.6859952626420271,train
15330,Loyal Customers,United Kingdom,0.5607692307692308,1.0,100.92307692307692,10,0.0,28,0.0,Hibernating or Lost,0.6625839037072621,train
15331,At Risk,United Kingdom,1.7877272727272726,0.7727272727272727,15.931818181818182,41,0.0,109,0.25,At Risk,0.833833798195812,train
15332,Loyal Customers,Other,2.615925925925926,0.708994708994709,15.65079365079365,113,0.35978835978835977,147,0.0,Champions,0.6032716359731792,train
15333,At Risk,United Kingdom,2.96375,0.5625,21.5,16,1.0,0,0.0,At Risk,0.6262620069516067,test
15334,At Risk,United Kingdom,1.4963636363636361,0.020202020202020204,2.7676767676767677,67,0.29292929292929293,16,0.0,Loyal Customers,0.4680598979416356,train
15335,At Risk,United Kingdom,2.816388888888889,0.027777777777777776,2.2222222222222223,34,0.0,0,0.0,At Risk,0.6490496539052968,train
15336,Hibernating or Lost,United Kingdom,4.96,0.2,5.6,15,0.0,0,0.0,Hibernating or Lost,0.643709969611338,train
15337,At Risk,United Kingdom,3.756190476190476,0.38095238095238093,9.523809523809524,21,1.0,0,0.5,At Risk,0.5212371617840363,train
15338,Hibernating or Lost,United Kingdom,2.4758333333333336,0.05,2.5,56,1.0,0,0.0,Loyal Customers,0.5967589475498478,train
15339,Champions,United Kingdom,2.665491071428572,0.08928571428571429,5.102678571428571,162,0.0,602,0.36363636363636365,Champions,0.9765065129176332,train
15340,Hibernating or Lost,United Kingdom,1.5857142857142856,0.7142857142857143,10.857142857142858,7,0.0,0,0.0,Hibernating or Lost,0.5750626267462317,train
15341,Loyal Customers,United Kingdom,2.67375,1.0,42.0,22,0.0,368,0.3333333333333333,Loyal Customers,0.8809606571608392,test
15342,At Risk,United Kingdom,2.368333333333333,0.7083333333333334,11.791666666666666,24,0.0,0,0.5,At Risk,0.7673231463505317,train
15343,At Risk,United Kingdom,6.39047619047619,0.09523809523809523,4.0,21,0.0,0,0.0,At Risk,0.6790364749681377,train
15344,Loyal Customers,United Kingdom,7.559230769230769,0.07692307692307693,4.461538461538462,21,0.0,73,0.4,At Risk,0.8306671323565687,train
15345,At Risk,United Kingdom,7.730499999999999,0.1,4.05,20,0.0,0,0.5,At Risk,0.8306671323565687,train
15346,At Risk,United Kingdom,3.278918918918919,0.24324324324324326,7.027027027027027,36,0.13513513513513514,98,0.25,At Risk,0.817850804346037,train
15347,Loyal Customers,United Kingdom,2.8146341463414637,0.3902439024390244,16.390243902439025,29,0.0,71,0.3333333333333333,At Risk,0.7342444599402386,test
15348,At Risk,United Kingdom,2.1133333333333333,0.4444444444444444,9.333333333333334,9,0.0,0,0.0,Hibernating or Lost,0.5623740537863559,train
15349,At Risk,United Kingdom,2.9402777777777778,0.1527777777777778,4.541666666666667,65,0.8333333333333334,29,0.0,Loyal Customers,0.6576289494341476,train
15350,At Risk,United Kingdom,2.4714285714285715,0.5714285714285714,9.228571428571428,26,0.7142857142857143,9,0.0,At Risk,0.644143173128623,train
15351,Champions,United Kingdom,2.889811827956989,0.07526881720430108,4.008064516129032,201,0.7741935483870968,420,0.3333333333333333,Champions,0.6901733718522715,test
15352,Hibernating or Lost,United Kingdom,2.7824324324324325,0.0,1.162162162162162,34,0.0,0,0.0,At Risk,0.6490496539052968,train
15353,Champions,United Kingdom,3.0064082687338503,0.09560723514211886,4.007751937984496,274,0.0,483,0.125,Champions,0.5817880101099283,test
15354,At Risk,United Kingdom,94.8,0.0,1.0,1,0.0,0,0.5714285714285714,Hibernating or Lost,0.5072537080810667,train
15355,At Risk,United Kingdom,6.114285714285715,0.0,3.2142857142857144,9,0.0,23,0.0,Hibernating or Lost,0.8053437570891684,train
15356,Champions,United Kingdom,2.048701986754967,0.019867549668874173,2.6688741721854305,290,0.0728476821192053,390,0.0,Loyal Customers,0.5111718900434721,train
15358,Champions,United Kingdom,1.9456725663716816,0.6238938053097345,13.608849557522124,359,0.02566371681415929,727,0.23636363636363636,Champions,0.9760680536504416,train
15359,At Risk,United Kingdom,1.291875,0.5625,9.0625,10,0.0,30,0.1111111111111111,Hibernating or Lost,0.5623740537863559,train
15360,At Risk,United Kingdom,2.3515384615384614,0.6923076923076923,17.153846153846153,13,0.0,0,0.0,Hibernating or Lost,0.6138854892987397,train
15361,Loyal Customers,United Kingdom,10.026,0.9,37.3,10,0.0,181,0.0,Hibernating or Lost,0.6005744235979578,train
15362,At Risk,United Kingdom,3.6119999999999997,0.375,9.2,38,0.0,290,0.0,Loyal Customers,0.857351724932802,test
15363,Loyal Customers,United Kingdom,2.737058823529412,0.5294117647058824,10.333333333333334,32,0.0,120,0.3333333333333333,At Risk,0.7294524478311958,train
15364,Loyal Customers,United Kingdom,1.9779310344827585,0.8275862068965517,17.0,29,0.0,158,0.0,At Risk,0.7850858886768727,train
15365,Champions,United Kingdom,3.261284403669725,0.44036697247706424,9.775229357798166,126,0.16055045871559634,647,0.13333333333333333,Champions,0.981259281452183,test
15366,Champions,United Kingdom,1.9725362318840578,0.7028985507246377,17.731884057971016,86,0.2608695652173913,576,0.0,Champions,0.7406977785194158,train
15367,Champions,United Kingdom,2.8300716845878138,0.3906810035842294,10.551971326164875,214,0.11827956989247312,671,0.15384615384615385,Champions,0.9825654733277243,train
15368,Loyal Customers,United Kingdom,4.98625,0.5,50.75,8,0.0,372,0.0,Loyal Customers,0.6071756126030042,train
15369,Loyal Customers,United Kingdom,1.9583050847457626,1.0,55.728813559322035,44,0.6271186440677966,239,0.15384615384615385,Loyal Customers,0.909134874552218,train
15370,Champions,United Kingdom,3.6086805555555554,0.4097222222222222,9.70138888888889,90,0.013888888888888888,369,0.1111111111111111,Loyal Customers,0.8583389205544516,train
15371,Hibernating or Lost,United Kingdom,4.95,1.0,12.0,1,0.0,0,0.0,Hibernating or Lost,0.508902716968125,train
15372,Champions,United Kingdom,1.8670175438596492,1.0,112.45614035087719,45,0.07017543859649122,526,0.2,Champions,0.7110812118740526,train
15373,Champions,United Kingdom,5.212835820895522,0.05970149253731343,3.825870646766169,107,0.22885572139303484,578,0.05555555555555555,Champions,0.9621997230560563,test
15374,At Risk,United Kingdom,1.841,0.7,29.0,8,0.0,495,0.0,Loyal Customers,0.5664796629088443,test
15375,Hibernating or Lost,United Kingdom,1.1466666666666667,0.3333333333333333,14.0,6,0.0,0,0.0,At Risk,0.502078794807007,train
15376,Loyal Customers,United Kingdom,2.8952991452991452,0.11965811965811966,5.2905982905982905,100,1.0,182,0.0,Loyal Customers,0.5967589475498478,train
15377,Loyal Customers,United Kingdom,4.907142857142857,0.5714285714285714,12.047619047619047,15,0.0,32,0.2,At Risk,0.5615387263657337,test
15378,At Risk,United Kingdom,1.8916666666666666,0.08333333333333333,10.833333333333334,8,0.0,39,0.0,Hibernating or Lost,0.6844497618104414,train
15379,Champions,United Kingdom,2.619125475285171,0.4600760456273764,11.406844106463879,177,0.03802281368821293,231,0.1111111111111111,Champions,0.7229019052453675,train
15380,Champions,United Kingdom,5.053207547169811,0.49056603773584906,19.471698113207548,27,0.0,729,0.15384615384615385,Loyal Customers,0.4927414628222195,train
15381,Loyal Customers,United Kingdom,4.71,0.8333333333333334,33.416666666666664,20,0.0,369,0.16666666666666666,Loyal Customers,0.7966577431482789,train
15382,Champions,United Kingdom,2.3784493670886078,0.5854430379746836,14.522151898734178,315,0.0,720,0.4,Champions,0.9881638809913595,test
15384,Loyal Customers,United Kingdom,1.9897457627118644,0.6779661016949152,14.974576271186441,83,0.0,422,0.2,Loyal Customers,0.8704724511414116,train
15385,Loyal Customers,United Kingdom,2.2409523809523813,0.6190476190476191,20.38095238095238,18,0.8095238095238095,637,0.0,Champions,0.6067566085676112,train
15386,At Risk,United Kingdom,1.3864516129032256,0.8064516129032258,14.387096774193548,31,0.0,0,0.0,At Risk,0.7850858886768727,train
15387,At Risk,United Kingdom,2.165,0.85,16.75,20,0.0,0,0.0,At Risk,0.7850858886768727,train
15388,At Risk,Other,2.0629999999999997,0.4,8.8,10,0.0,0,0.0,At Risk,0.6482778512932647,train
15389,Loyal Customers,United Kingdom,0.9733333333333333,1.0,656.6666666666666,2,0.0,509,0.0,Champions,0.5440678580703685,test
15390,At Risk,Other,1.9157142857142857,0.5584415584415584,11.61038961038961,77,0.0,12,0.0,At Risk,0.6552663218794118,train
15391,Hibernating or Lost,United Kingdom,6.4925,0.08333333333333333,9.083333333333334,12,0.0,0,0.5,At Risk,0.6251529055014828,train
15392,Champions,United Kingdom,2.585694444444444,0.5972222222222222,14.88888888888889,100,0.0,426,0.125,Loyal Customers,0.8298543882955799,train
15393,Loyal Customers,United Kingdom,3.3540909090909095,0.4318181818181818,8.590909090909092,37,0.0,707,0.0,Loyal Customers,0.5187475698511766,test
15394,Champions,United Kingdom,3.560837004405286,0.3392070484581498,10.449339207048459,129,0.24669603524229075,714,0.15384615384615385,Champions,0.9814125090457337,train
15395,At Risk,United Kingdom,6.542857142857143,0.0,2.4285714285714284,7,0.0,0,0.0,Hibernating or Lost,0.8053437570891684,train
15396,At Risk,United Kingdom,3.568125,0.5625,17.375,16,0.0,471,0.0,Loyal Customers,0.681567820577668,train
15397,At Risk,United Kingdom,4.933333333333334,0.0,3.3333333333333335,6,0.0,0,0.0,Hibernating or Lost,0.8053437570891684,train
15398,Loyal Customers,United Kingdom,2.694794520547945,0.4520547945205479,10.534246575342467,60,0.0,62,0.3333333333333333,Loyal Customers,0.629030051403094,train
15399,Loyal Customers,United Kingdom,1.9098,0.54,12.22,45,0.0,77,0.0,At Risk,0.6087421704377465,train
15400,Champions,United Kingdom,2.925925925925926,0.8148148148148148,24.51851851851852,16,0.18518518518518517,468,0.1111111111111111,Loyal Customers,0.8129046425765586,train
15401,At Risk,United Kingdom,4.628571428571428,0.21428571428571427,6.642857142857143,14,0.0,116,0.0,At Risk,0.4984835712030462,train
15402,Loyal Customers,United Kingdom,3.315114503816794,0.26717557251908397,15.526717557251908,79,0.0,443,0.14285714285714285,Loyal Customers,0.8435021351266735,test
15403,At Risk,United Kingdom,0.41500000000000004,1.0,61.5,6,0.0,238,0.0,Loyal Customers,0.5664796629088443,train
15404,At Risk,United Kingdom,1.7193749999999999,0.625,20.875,16,0.0,0,0.0,Hibernating or Lost,0.6625839037072621,train
15405,At Risk,United Kingdom,4.365666666666667,0.43333333333333335,11.6,29,0.0,386,0.0,Loyal Customers,0.8379301960185245,train
15406,Loyal Customers,United Kingdom,2.562213114754098,0.10655737704918032,4.483606557377049,108,0.5655737704918032,422,0.3333333333333333,Champions,0.6901733718522715,test
15407,Loyal Customers,United Kingdom,3.8966666666666665,0.0784313725490196,3.6470588235294117,142,0.8431372549019608,271,0.0,Champions,0.5409613870919555,test
15408,At Risk,United Kingdom,4.476176470588236,0.08823529411764706,3.1176470588235294,34,1.0,0,0.0,At Risk,0.699121992610056,train
15409,Hibernating or Lost,United Kingdom,3.183333333333333,0.2222222222222222,6.555555555555555,9,0.0,0,0.5,At Risk,0.8154363279823286,test
15410,Champions,United Kingdom,3.642222222222222,0.4876543209876543,11.74074074074074,80,0.13580246913580246,515,0.0,Champions,0.7613813838957879,train
15411,Loyal Customers,United Kingdom,4.114242424242424,0.21212121212121213,5.353535353535354,86,0.5656565656565656,156,0.2,Loyal Customers,0.5375033708686877,train
15412,At Risk,United Kingdom,3.471,0.2,10.8,10,0.0,0,0.0,At Risk,0.6554986189036304,train
15413,Loyal Customers,United Kingdom,3.4688,0.96,107.76,20,0.36,47,0.2857142857142857,At Risk,0.5366601167498983,train
15414,Loyal Customers,United Kingdom,3.2115384615384617,0.5384615384615384,11.35897435897436,37,0.0,232,0.0,Loyal Customers,0.8701937413527897,train
15415,At Risk,United Kingdom,1.7456250000000002,0.375,11.979166666666666,46,1.0,0,0.0,Loyal Customers,0.6457198096240846,train
15416,Champions,United Kingdom,3.2376754385964914,0.47368421052631576,10.614035087719298,189,0.0,611,0.2222222222222222,Champions,0.9852790493222477,train
15417,At Risk,United Kingdom,1.8735714285714287,0.03571428571428571,10.142857142857142,28,0.0,0,0.0,At Risk,0.7766558494772126,train
15418,At Risk,United Kingdom,2.1366666666666667,0.10144927536231885,3.8550724637681157,64,1.0,161,0.0,Loyal Customers,0.4680598979416356,train
15419,At Risk,United Kingdom,1.3112499999999998,0.75,28.75,8,0.0,0,0.0,Hibernating or Lost,0.6625839037072621,train
15420,At Risk,United Kingdom,1.4041071428571428,0.6964285714285714,15.071428571428571,52,0.5,300,0.0,Loyal Customers,0.8756077574025906,train
15421,Champions,United Kingdom,2.651867088607595,0.11708860759493671,6.098101265822785,170,0.37658227848101267,673,0.0,Champions,0.9764579373854319,test
15422,Loyal Customers,United Kingdom,3.614833333333334,0.08333333333333333,5.916666666666667,80,0.48333333333333334,347,0.125,Loyal Customers,0.8946960459275765,train
15423,At Risk,United Kingdom,5.223571428571428,0.2857142857142857,14.142857142857142,13,0.6428571428571429,583,0.25,Champions,0.6785992079836395,train
15424,At Risk,United Kingdom,1.2566666666666666,0.7878787878787878,26.454545454545453,33,0.0,208,0.0,At Risk,0.7850858886768727,train
15425,Loyal Customers,United Kingdom,3.139375,0.2013888888888889,7.236111111111111,114,0.8819444444444444,263,0.0,Champions,0.6732576304977271,train
15426,Champions,United Kingdom,2.5895318352059924,0.026217228464419477,2.284644194756554,327,0.9700374531835206,567,0.18181818181818182,Champions,0.9740655364669074,train
15427,Loyal Customers,United Kingdom,2.1190522875816993,0.058823529411764705,3.310457516339869,233,1.0,13,0.0,Loyal Customers,0.5261593429904574,train
15428,Loyal Customers,United Kingdom,4.746363636363636,0.29545454545454547,7.886363636363637,39,0.0,706,0.0,Loyal Customers,0.6139238542644256,train
15429,Loyal Customers,United Kingdom,2.0679268292682926,0.18292682926829268,4.634146341463414,77,1.0,48,0.3333333333333333,Loyal Customers,0.7092668675765138,train
15430,At Risk,United Kingdom,3.9555555555555557,0.3333333333333333,8.583333333333334,36,0.08333333333333333,60,0.3333333333333333,At Risk,0.8657381856703236,test
15431,Hibernating or Lost,United Kingdom,2.02,1.0,42.0,2,1.0,0,0.0,Hibernating or Lost,0.5338464198620827,train
15432,Loyal Customers,United Kingdom,4.433125,0.125,5.75,16,0.0,518,0.5,Champions,0.4902626763040537,train
15433,At Risk,United Kingdom,1.2573170731707317,0.4634146341463415,13.024390243902438,40,0.0,53,0.3333333333333333,At Risk,0.8163211480642952,train
15434,Champions,United Kingdom,3.241194029850746,0.48507462686567165,10.619402985074627,82,0.1417910447761194,675,0.15384615384615385,Champions,0.7613813838957879,test
15435,At Risk,United Kingdom,3.7351724137931037,0.0,1.8620689655172413,29,0.0,0,0.0,At Risk,0.7386192680994106,train
15436,Loyal Customers,United Kingdom,2.1387841945288755,0.015197568389057751,1.8632218844984803,243,0.6048632218844985,221,0.0,Champions,0.5190670437087724,train
15437,At Risk,United Kingdom,2.964035087719298,0.05263157894736842,3.1052631578947367,56,0.0,378,0.0,Loyal Customers,0.8942440043812727,test
15438,At Risk,United Kingdom,3.5376,0.04,2.36,25,1.0,0,0.0,At Risk,0.6949360266619181,test
15439,Loyal Customers,United Kingdom,2.730701754385965,0.2982456140350877,10.035087719298245,49,0.24561403508771928,248,0.0,Loyal Customers,0.8576843739716471,test
15440,Loyal Customers,United Kingdom,2.338709677419355,0.08064516129032258,3.1774193548387095,50,0.8064516129032258,154,0.0,Loyal Customers,0.5967589475498478,train
15441,At Risk,United Kingdom,3.5187719298245614,0.49122807017543857,10.298245614035087,45,0.0,334,0.0,Loyal Customers,0.8583389205544516,test
15442,At Risk,United Kingdom,4.95,1.0,60.0,2,0.0,0,0.0,Hibernating or Lost,0.6005744235979578,test
15443,Champions,United Kingdom,2.911424148606811,0.0913312693498452,4.233746130030959,408,0.56656346749226,640,0.125,Champions,0.9740655364669074,train
15444,Loyal Customers,United Kingdom,2.800821917808219,0.0639269406392694,3.4885844748858448,191,0.3287671232876712,31,0.0,Loyal Customers,0.4790925992139787,test
15445,At Risk,United Kingdom,4.925,0.35714285714285715,8.428571428571429,12,0.35714285714285715,326,0.0,Loyal Customers,0.7899773272430498,train
15446,At Risk,United Kingdom,2.0801754385964912,0.043859649122807015,2.3421052631578947,90,1.0,349,0.4,Loyal Customers,0.9166692901120218,train
15447,Loyal Customers,United Kingdom,3.93,0.41379310344827586,7.862068965517241,27,0.0,294,0.16666666666666666,Loyal Customers,0.8148298790975255,train
15448,At Risk,United Kingdom,3.076734693877551,0.4897959183673469,9.938775510204081,49,0.0,361,0.0,Loyal Customers,0.8583389205544516,test
15449,Loyal Customers,United Kingdom,1.901166666666667,0.7,13.533333333333333,47,0.3333333333333333,235,0.4,Loyal Customers,0.8789265493724953,train
15450,At Risk,United Kingdom,2.1726666666666667,0.5666666666666667,12.533333333333333,30,0.0,0,0.0,At Risk,0.8373151763866855,train
15451,At Risk,United Kingdom,3.027142857142857,0.0,1.253968253968254,56,0.0,164,0.0,At Risk,0.6313688337125513,train
15452,Loyal Customers,United Kingdom,2.4575247524752477,0.17326732673267325,5.400990099009901,158,0.2623762376237624,481,0.0,Champions,0.6675919178013867,train
15453,Champions,United Kingdom,2.5453146853146853,0.04195804195804196,2.9545454545454546,169,0.25524475524475526,185,0.0,Loyal Customers,0.4790925992139787,train
15454,At Risk,United Kingdom,2.8831707317073167,0.07317073170731707,3.6097560975609757,35,0.6097560975609756,256,0.0,Loyal Customers,0.9235255136462245,train
15455,Hibernating or Lost,United Kingdom,12.75,0.0,1.5,2,0.0,0,0.0,Hibernating or Lost,0.8053437570891684,train
15456,Loyal Customers,United Kingdom,2.0017391304347827,0.25217391304347825,12.28695652173913,128,0.0782608695652174,448,0.0,Champions,0.5846305607477712,train
15457,At Risk,United Kingdom,1.8825862068965518,0.0,2.2758620689655173,56,0.0,0,0.0,At Risk,0.6439543522648258,train
15458,Loyal Customers,United Kingdom,1.3284615384615384,1.0,23.076923076923077,13,0.0,376,0.0,Loyal Customers,0.5664796629088443,test
15459,At Risk,United Kingdom,3.402857142857143,0.8571428571428571,17.285714285714285,6,0.0,80,0.0,Hibernating or Lost,0.49531214555001774,train
15460,At Risk,United Kingdom,2.828275862068965,0.017241379310344827,1.8793103448275863,53,0.0,0,0.0,At Risk,0.5782410539002637,train
15461,At Risk,United Kingdom,1.895,1.0,115.0,1,0.5,170,0.3333333333333333,At Risk,0.6775264282052322,train
15462,Loyal Customers,United Kingdom,2.2402439024390244,0.6585365853658537,12.073170731707316,32,0.12195121951219512,351,0.0,Loyal Customers,0.8172136850955773,test
15463,At Risk,United Kingdom,1.8557142857142856,0.7142857142857143,15.142857142857142,7,0.0,0,0.0,Hibernating or Lost,0.6625839037072621,train
15464,At Risk,United Kingdom,4.210891719745223,0.025477707006369428,2.229299363057325,155,0.0,0,0.0,At Risk,0.4250025504333783,train
15465,Champions,United Kingdom,5.307832699619772,0.2661596958174905,10.52851711026616,94,0.6083650190114068,710,0.1794871794871795,Champions,0.7015330034620072,test
15466,Loyal Customers,United Kingdom,2.2413207547169813,0.06415094339622641,3.5622641509433963,211,0.0,651,0.0,Champions,0.9527062675286382,train
15467,Loyal Customers,United Kingdom,2.2582692307692307,0.11538461538461539,5.961538461538462,41,0.75,142,0.25,At Risk,0.6954935236302515,test
15468,Loyal Customers,United Kingdom,3.239375,0.45,17.5,80,0.0,341,0.5714285714285714,Loyal Customers,0.8002112268313241,train
15469,Loyal Customers,United Kingdom,5.2593023255813955,0.2558139534883721,6.674418604651163,38,0.0,388,0.5,Loyal Customers,0.8742024095326586,train
15470,Hibernating or Lost,United Kingdom,0.315,1.0,58.0,4,0.0,0,0.0,Hibernating or Lost,0.6625839037072621,train
15471,Loyal Customers,United Kingdom,2.160925925925926,0.07407407407407407,4.216049382716049,122,0.0,548,0.0,Champions,0.9527062675286382,train
15472,At Risk,United Kingdom,2.2892105263157894,0.0,3.3026315789473686,76,0.0,0,0.0,At Risk,0.5782410539002637,train
15473,Champions,United Kingdom,2.664285714285714,1.0,55.42857142857143,5,0.0,430,0.2727272727272727,Loyal Customers,0.7548589819451383,train
15474,Hibernating or Lost,United Kingdom,4.381,0.05,2.8,19,0.0,0,0.0,At Risk,0.6790364749681377,train
15475,At Risk,United Kingdom,1.8268965517241378,0.8275862068965517,11.0,29,0.0,0,0.0,At Risk,0.8233358072462033,train
15476,Loyal Customers,United Kingdom,2.8462025316455697,0.6708860759493671,14.860759493670885,67,0.0,62,0.2,At Risk,0.5346079062853114,test
15477,At Risk,United Kingdom,1.5999999999999999,1.0,108.0,2,1.0,0,0.0,Hibernating or Lost,0.5338464198620827,test
15478,Loyal Customers,United Kingdom,3.2828169014084505,0.36619718309859156,12.732394366197184,53,0.30985915492957744,534,0.0,Champions,0.7632215919796231,train
15479,Hibernating or Lost,United Kingdom,5.044444444444444,0.1111111111111111,4.222222222222222,9,1.0,0,0.0,Hibernating or Lost,0.7107953943248793,train
15480,Loyal Customers,Other,15.882325581395348,0.3581395348837209,8.613953488372093,199,0.0,559,0.2857142857142857,Champions,0.9723008950296215,train
15481,At Risk,Other,1.730526315789474,1.0,38.1578947368421,38,0.0,0,0.0,At Risk,0.8767565643263171,train
15482,Champions,United Kingdom,3.687718120805369,0.8322147651006712,43.83892617449664,74,0.174496644295302,721,0.20833333333333334,Champions,0.8105379871062881,train
15483,Loyal Customers,United Kingdom,1.5661034482758622,0.08620689655172414,3.2551724137931033,216,0.3793103448275862,522,0.0,Champions,0.9588644593642219,train
15484,Champions,United Kingdom,2.1659336099585063,0.5103734439834025,16.91286307053942,180,0.13692946058091288,732,0.14285714285714285,Champions,0.9779790862569014,test
15485,Champions,United Kingdom,3.738447204968944,0.6086956521739131,16.111801242236027,80,0.0,707,0.125,Champions,0.7869438186734504,test
15486,Hibernating or Lost,United Kingdom,2.55,1.0,40.0,1,0.0,0,0.0,Hibernating or Lost,0.6138854892987397,train
15487,Hibernating or Lost,United Kingdom,2.462142857142857,0.5714285714285714,10.285714285714286,14,0.0,0,0.0,At Risk,0.5378948354889166,train
15488,Loyal Customers,United Kingdom,3.2218181818181817,0.5454545454545454,22.818181818181817,10,0.0,490,0.0,Loyal Customers,0.681567820577668,train
15489,Champions,United Kingdom,3.334385964912281,0.47368421052631576,11.087719298245615,75,0.06140350877192982,670,0.3333333333333333,Champions,0.8033193951936685,test
15490,Hibernating or Lost,United Kingdom,3.148214285714286,0.07142857142857142,3.0357142857142856,22,0.0,0,0.5,At Risk,0.8173939309402574,test
15491,Champions,United Kingdom,3.89538961038961,0.5584415584415584,10.688311688311689,108,0.0,140,0.14285714285714285,Loyal Customers,0.39497212054230624,train
15492,Loyal Customers,United Kingdom,2.5388571428571427,0.7142857142857143,13.8,32,0.0,46,0.0,At Risk,0.8035679349329616,train
15493,Champions,United Kingdom,4.305753846153847,0.003076923076923077,1.9384615384615385,289,0.0,622,0.18181818181818182,Champions,0.9565138246732336,train
15494,Champions,United Kingdom,2.1998153034300794,0.25065963060686014,8.17150395778364,307,0.0,707,0.16666666666666666,Champions,0.9624997762593833,train
15495,At Risk,United Kingdom,1.9675,0.5,9.7,20,0.0,0,0.0,At Risk,0.8373151763866855,train
15496,Hibernating or Lost,United Kingdom,2.640454545454545,0.09090909090909091,4.454545454545454,22,0.0,0,0.0,At Risk,0.6490496539052968,test
15497,Champions,United Kingdom,3.752479338842975,0.9504132231404959,24.272727272727273,66,0.0,703,0.18181818181818182,Champions,0.7869438186734504,train
15498,Champions,United Kingdom,3.0796498455200827,0.4799176107106076,12.998970133882596,597,0.05664263645726056,720,0.2,Champions,0.981259281452183,test
15499,Hibernating or Lost,United Kingdom,2.8666666666666667,0.0,1.4285714285714286,40,0.0,0,0.0,At Risk,0.6490496539052968,train
15500,Champions,United Kingdom,4.561323529411765,0.38235294117647056,8.411764705882353,64,0.3235294117647059,73,0.0,Loyal Customers,0.5918992437545618,train
15501,At Risk,United Kingdom,3.1848571428571426,0.05714285714285714,2.942857142857143,64,0.3,10,0.0,Loyal Customers,0.5798402326660045,test
15502,Champions,United Kingdom,13.33376731301939,0.45429362880886426,16.235457063711912,231,0.19113573407202217,539,0.48148148148148145,Champions,0.9862278399063468,train
15503,At Risk,United Kingdom,2.0433333333333334,0.0,1.1056910569105691,112,1.0,363,0.0,Champions,0.5190670437087724,train
15504,Loyal Customers,United Kingdom,3.2620289855072464,0.0,2.1449275362318843,42,0.0,584,0.2,Loyal Customers,0.6008385180716365,train
15505,Champions,United Kingdom,2.352061855670103,0.7216494845360825,24.63917525773196,90,0.0,102,0.2857142857142857,Loyal Customers,0.5599075715179924,train
15506,Champions,United Kingdom,1.880251798561151,0.1474820143884892,5.924460431654676,180,0.38848920863309355,454,0.0,Champions,0.5789993067563232,train
15507,At Risk,United Kingdom,4.053260869565217,0.021739130434782608,3.5217391304347827,41,0.0,0,0.0,At Risk,0.6790364749681377,train
15508,Loyal Customers,United Kingdom,3.392608695652174,0.11956521739130435,4.782608695652174,78,0.0,46,0.0,At Risk,0.6313688337125513,test
15509,Hibernating or Lost,United Kingdom,3.9979310344827583,0.10344827586206896,2.4827586206896552,26,0.0,0,0.0,At Risk,0.6790364749681377,train
15510,At Risk,United Kingdom,125.0,0.0,2.0,1,0.0,0,0.0,Hibernating or Lost,0.8053437570891684,train
15511,Champions,United Kingdom,3.9933750000000003,0.00625,1.69375,117,0.0,73,0.0,At Risk,0.4250025504333783,train
15512,At Risk,United Kingdom,2.926875,0.25,7.34375,29,0.75,520,0.0,Loyal Customers,0.5047241258431391,train
15513,Champions,United Kingdom,4.985160142348755,0.6459074733096085,19.272241992882563,278,0.17793594306049823,661,0.14634146341463414,Champions,0.9808167774094827,train
15514,Champions,United Kingdom,2.135294117647059,0.3411764705882353,12.488235294117647,171,0.12352941176470589,722,0.1,Champions,0.9682743477650553,train
15515,Hibernating or Lost,United Kingdom,2.8742857142857146,0.5714285714285714,18.714285714285715,7,0.0,0,0.0,Hibernating or Lost,0.5286258793910906,train
15516,At Risk,United Kingdom,2.7786666666666666,0.0,1.8,15,0.0,1,0.0,Hibernating or Lost,0.8147627841867663,train
15517,At Risk,United Kingdom,1.807777777777778,0.4444444444444444,10.851851851851851,27,0.0,0,0.0,At Risk,0.8373151763866855,test
15518,Champions,United Kingdom,2.568373626373626,0.15604395604395604,6.204395604395605,250,0.31648351648351647,655,0.34782608695652173,Champions,0.9838941817548533,test
15519,At Risk,United Kingdom,2.951081081081081,0.10810810810810811,3.135135135135135,34,1.0,63,0.0,At Risk,0.6311892606008653,train
15520,At Risk,United Kingdom,1.7244444444444444,0.9444444444444444,17.444444444444443,18,0.0,0,0.0,Hibernating or Lost,0.6625839037072621,train
15521,Champions,United Kingdom,3.3340246913580245,0.37777777777777777,11.150617283950618,186,0.14320987654320988,663,0.3333333333333333,Champions,0.9852790493222477,train
15522,Loyal Customers,United Kingdom,0.9498245614035088,0.2807017543859649,10.052631578947368,47,0.0,54,0.0,At Risk,0.6465775964661576,train
15523,Champions,United Kingdom,2.465,0.6915887850467289,74.17289719626169,65,0.09345794392523364,653,0.1111111111111111,Champions,0.7990968564501582,train
15524,Loyal Customers,United Kingdom,21.355555555555554,0.1111111111111111,3.111111111111111,9,0.0,582,0.0,Loyal Customers,0.4934070687099909,train
15525,Champions,United Kingdom,2.711081081081081,0.04633204633204633,2.6254826254826256,152,0.0,380,0.2,Champions,0.5998457545140751,train
15526,At Risk,United Kingdom,5.494999999999999,0.25,6.0,4,1.0,0,0.0,At Risk,0.596955181781055,train
15527,Champions,United Kingdom,3.653867069486405,0.17220543806646527,6.712990936555891,226,0.14803625377643503,705,0.25806451612903225,Champions,0.9800666513585105,train
15528,At Risk,United Kingdom,2.6076923076923078,0.07692307692307693,4.730769230769231,26,0.0,0,0.0,At Risk,0.6490496539052968,train
15529,Champions,United Kingdom,1.7447530864197531,0.1617283950617284,5.54074074074074,451,0.0,371,0.07692307692307693,Champions,0.5166959498010072,train
15530,Champions,United Kingdom,2.61027972027972,0.2937062937062937,9.37062937062937,111,0.0,491,0.0,Champions,0.6566684130847887,train
15531,Loyal Customers,United Kingdom,3.037982456140351,0.13157894736842105,4.8464912280701755,196,0.0,22,0.0,Loyal Customers,0.3921816908164315,train
15532,Champions,United Kingdom,3.699681020733652,0.03349282296650718,2.1515151515151514,417,0.4944178628389155,523,0.16666666666666666,Champions,0.9721425832198033,train
15533,Loyal Customers,United Kingdom,4.041927710843374,0.04819277108433735,3.4819277108433737,73,1.0,69,0.4,Loyal Customers,0.6551790245214081,train
15534,Hibernating or Lost,United Kingdom,3.7375,0.25,7.875,8,0.0,0,0.0,At Risk,0.5947845570931846,train
15535,Loyal Customers,United Kingdom,4.575970149253732,0.04477611940298507,2.41044776119403,88,0.7910447761194029,275,0.4,Loyal Customers,0.9099843926825865,train
15536,Hibernating or Lost,United Kingdom,1.486875,0.875,15.125,16,0.0,0,0.0,Hibernating or Lost,0.6625839037072621,test
15537,At Risk,United Kingdom,3.862083333333333,0.0,1.2083333333333333,24,0.0,0,0.0,At Risk,0.6790364749681377,train
15538,Loyal Customers,United Kingdom,7.457142857142856,1.0,72.57142857142857,3,0.2857142857142857,125,0.45454545454545453,At Risk,0.7153836024311114,train
15539,Loyal Customers,United Kingdom,1.343658536585366,0.43902439024390244,10.0,41,0.0,0,0.0,At Risk,0.8373151763866855,train
15540,Loyal Customers,United Kingdom,1.553225806451613,0.5483870967741935,14.32258064516129,31,0.0,364,0.0,Loyal Customers,0.830738764034316,train
15541,At Risk,United Kingdom,2.0941379310344828,0.0,1.6896551724137931,29,0.0,0,0.0,At Risk,0.622888518232414,train
15542,At Risk,United Kingdom,2.624920634920635,0.03968253968253968,1.8611111111111112,212,0.0,225,0.25,Champions,0.6580586672494315,train
15543,At Risk,United Kingdom,2.1108620689655173,0.06896551724137931,2.913793103448276,50,0.0,171,0.0,At Risk,0.6439543522648258,train
15544,Champions,United Kingdom,1.5786355475763014,0.4955116696588869,12.601436265709156,175,0.0807899461400359,671,0.23076923076923078,Champions,0.9781224605723451,test
15545,Loyal Customers,United Kingdom,2.7725,0.07142857142857142,2.125,78,0.44642857142857145,316,0.0,Loyal Customers,0.8973604003191129,train
15546,At Risk,United Kingdom,5.45,0.5,16.5,6,0.0,0,0.3333333333333333,At Risk,0.7514915543987638,train
15547,Champions,United Kingdom,2.7066126656848306,0.13843888070692195,5.421207658321061,652,0.7533136966126657,725,0.07142857142857142,Champions,0.9774243939849566,train
15548,Hibernating or Lost,United Kingdom,3.245217391304348,0.08695652173913043,2.782608695652174,23,0.0,0,0.0,At Risk,0.7386192680994106,train
15549,Champions,United Kingdom,3.4691358024691357,0.12962962962962962,5.802469135802469,139,0.0,620,0.1111111111111111,Champions,0.9708814921492195,test
15550,Champions,United Kingdom,2.722583333333333,0.15416666666666667,4.766666666666667,166,0.0,732,0.14285714285714285,Champions,0.9740101743543672,train
15551,Champions,United Kingdom,3.0976158940397354,0.12582781456953643,5.3907284768211925,117,0.013245033112582781,513,0.2222222222222222,Champions,0.9747582747155219,test
15552,At Risk,United Kingdom,2.2143333333333337,0.13333333333333333,5.533333333333333,29,0.0,405,0.0,Loyal Customers,0.7563950384726024,train
15553,At Risk,United Kingdom,2.4103571428571433,0.30357142857142855,8.053571428571429,51,0.0,0,0.0,At Risk,0.5703677493858214,train
15554,At Risk,United Kingdom,4.810714285714285,0.21428571428571427,5.285714285714286,14,0.0,0,0.0,Hibernating or Lost,0.643709969611338,train
15555,Champions,United Kingdom,1.9971386079714455,0.11719214753123142,5.375966686496133,667,0.6311719214753123,721,0.21739130434782608,Champions,0.9588644593642219,train
15556,At Risk,United Kingdom,1.7899999999999998,0.3225806451612903,7.612903225806452,31,0.0,0,0.0,At Risk,0.8369925355788373,train
15557,At Risk,United Kingdom,3.5595,0.35,10.95,16,0.0,0,0.0,At Risk,0.6554986189036304,test
15558,Hibernating or Lost,United Kingdom,4.2844,0.12,3.44,23,0.0,0,0.5,At Risk,0.8306671323565687,train
15559,At Risk,United Kingdom,3.7193548387096773,0.3548387096774194,8.483870967741936,62,0.0,0,0.0,At Risk,0.6070465126912832,train
15560,At Risk,United Kingdom,2.644,0.3,7.2,10,1.0,0,0.0,At Risk,0.5633047734126153,train
15561,Champions,United Kingdom,3.1106521739130435,0.4782608695652174,14.5,65,0.6521739130434783,651,0.1111111111111111,Champions,0.8242506000628108,train
15562,At Risk,United Kingdom,2.1773529411764705,0.3235294117647059,16.5,32,0.8235294117647058,374,0.0,Loyal Customers,0.9140151370313839,train
15563,Champions,United Kingdom,1.8936293436293437,0.3436293436293436,11.656370656370656,179,0.0,658,0.36363636363636365,Champions,0.975022173065733,test
15564,At Risk,United Kingdom,2.2175000000000002,0.75,10.5,4,0.0,212,0.0,Loyal Customers,0.5852220913662528,train
15565,At Risk,United Kingdom,4.56625,0.5,7.5,8,0.0,20,0.0,Hibernating or Lost,0.4959737363081736,train
15566,At Risk,United Kingdom,2.1441666666666666,0.5,12.75,9,0.0,331,0.0,Loyal Customers,0.636048811781471,train
15567,At Risk,United Kingdom,3.2357142857142853,0.7142857142857143,31.857142857142858,7,0.0,0,0.0,Hibernating or Lost,0.49531214555001774,train
15568,Loyal Customers,United Kingdom,2.5564150943396227,0.2830188679245283,8.69811320754717,27,0.0,70,0.0,At Risk,0.8208232558852596,train
15569,Champions,United Kingdom,2.411619718309859,0.19014084507042253,12.225352112676056,123,0.9436619718309859,545,0.0,Champions,0.9827063607332647,train
15570,Champions,United Kingdom,3.742875318066158,0.16412213740458015,5.4440203562340965,442,0.2748091603053435,614,0.07407407407407407,Champions,0.9757447180537585,train
15571,Champions,United Kingdom,2.543291338582677,0.10078740157480315,3.9464566929133857,442,0.4456692913385827,721,0.0,Champions,0.9740655364669074,train
15572,Champions,United Kingdom,3.547275280898876,0.1601123595505618,6.033707865168539,259,0.11235955056179775,599,0.0,Champions,0.9746517878282736,train
15573,Loyal Customers,United Kingdom,2.7892272727272727,0.07727272727272727,3.5454545454545454,181,0.0,697,0.0,Champions,0.9701483488954694,train
15574,Loyal Customers,United Kingdom,2.3044235924932974,0.029490616621983913,2.544235924932976,191,0.0,286,0.14285714285714285,Champions,0.5998457545140751,train
15575,Hibernating or Lost,United Kingdom,5.183333333333334,0.0,2.0,3,0.0,0,0.0,Hibernating or Lost,0.8053437570891684,train
15576,Loyal Customers,United Kingdom,3.5811111111111114,0.2222222222222222,8.977777777777778,43,0.0,0,0.0,At Risk,0.8596366604048866,test
15577,Loyal Customers,United Kingdom,3.4051666666666667,0.0,2.0166666666666666,58,0.31666666666666665,575,0.0,Champions,0.6804291187926712,train
15578,At Risk,United Kingdom,2.3884615384615384,0.07692307692307693,4.0,13,0.0,0,0.0,Hibernating or Lost,0.8147627841867663,train
15579,Loyal Customers,United Kingdom,3.4243274853801164,0.11695906432748537,4.228070175438597,140,0.8421052631578947,363,0.2857142857142857,Champions,0.6742229691889624,test
15580,Loyal Customers,United Kingdom,2.427816593886463,0.09606986899563319,4.187772925764192,150,0.4978165938864629,293,0.42857142857142855,Champions,0.6901733718522715,test
15581,Champions,United Kingdom,6.653612273361227,0.11297071129707113,4.387726638772664,542,0.10181311018131102,616,0.11627906976744186,Champions,0.9565138246732336,train
15582,Loyal Customers,United Kingdom,2.3970454545454545,0.45454545454545453,10.295454545454545,39,0.0,195,0.0,At Risk,0.8021283796886285,train
15583,At Risk,United Kingdom,1.8513043478260869,0.0,1.3695652173913044,37,1.0,0,0.0,At Risk,0.6592528257403111,train
15584,Champions,United Kingdom,3.1770535714285715,0.017857142857142856,2.174107142857143,174,0.44642857142857145,646,0.14285714285714285,Champions,0.9721425832198033,train
15585,At Risk,United Kingdom,2.2641935483870967,0.5161290322580645,10.32258064516129,31,0.0,0,0.0,At Risk,0.8373151763866855,train
15586,At Risk,United Kingdom,1.58,0.7631578947368421,35.21052631578947,30,0.0,108,0.25,At Risk,0.833833798195812,train
15587,Champions,United Kingdom,2.9014285714285717,1.0,37.714285714285715,3,0.14285714285714285,441,0.0,Loyal Customers,0.6625890821436974,train
15588,At Risk,United Kingdom,6.0375,1.0,24.0,4,1.0,0,0.0,At Risk,0.495483946705618,train
15589,At Risk,United Kingdom,3.6893103448275864,0.41379310344827586,8.379310344827585,28,0.0,54,0.25,At Risk,0.7926822479081909,train
15590,Loyal Customers,United Kingdom,2.528275862068966,0.4367816091954023,9.563218390804598,75,0.4482758620689655,224,0.16666666666666666,Loyal Customers,0.841294887011656,train
15591,At Risk,United Kingdom,4.564285714285715,0.2857142857142857,8.285714285714286,6,0.0,91,0.0,At Risk,0.4984835712030462,train
15592,At Risk,United Kingdom,1.5645833333333334,0.625,14.75,24,0.0,0,0.0,At Risk,0.7850858886768727,train
15593,At Risk,United Kingdom,3.3299999999999996,1.0,12.0,5,0.0,0,0.0,At Risk,0.577171417163366,train
15594,Champions,United Kingdom,3.1589320388349513,0.4368932038834951,9.54368932038835,85,0.0,218,0.16666666666666666,Loyal Customers,0.8583389205544516,train
15595,At Risk,United Kingdom,2.2,1.0,36.0,4,0.0,0,0.0,Hibernating or Lost,0.6625839037072621,test
15596,Champions,United Kingdom,4.042329545454546,0.2215909090909091,7.818181818181818,82,0.0,398,0.4375,Loyal Customers,0.892988418677923,test
15597,Loyal Customers,United Kingdom,2.2675675675675677,0.6486486486486487,10.621621621621621,35,0.0,540,0.3333333333333333,Loyal Customers,0.5397333078598247,train
15598,Loyal Customers,United Kingdom,2.1894444444444443,0.5277777777777778,11.222222222222221,32,0.0,374,0.5,Loyal Customers,0.897674728316215,train
15599,Loyal Customers,United Kingdom,1.9466265060240964,0.7469879518072289,13.228915662650602,77,0.27710843373493976,419,0.0,Loyal Customers,0.8983091256827075,train
15600,Loyal Customers,United Kingdom,3.5646478873239436,0.43661971830985913,9.253521126760564,55,0.28169014084507044,165,0.2,Loyal Customers,0.6791360211379578,train
15601,Champions,United Kingdom,2.4864449541284404,0.6444954128440367,12.684633027522937,310,0.08486238532110092,727,0.14285714285714285,Champions,0.9809190454734944,test
15602,Champions,United Kingdom,2.554140625,0.671875,18.3515625,62,0.0,729,0.36,Champions,0.8358912364500819,train
15603,At Risk,United Kingdom,0.8775,1.0,32.0,4,0.0,569,0.3333333333333333,Champions,0.6231538935504816,train
15604,At Risk,United Kingdom,1.543529411764706,0.5294117647058824,9.352941176470589,17,0.0,0,0.0,Hibernating or Lost,0.5623740537863559,test
15605,Champions,United Kingdom,4.751711711711712,0.25225225225225223,6.414414414414415,80,0.0990990990990991,658,0.1,Champions,0.6298972710469025,train
15606,Champions,United Kingdom,3.898,0.5310344827586206,11.137931034482758,84,0.2689655172413793,586,0.10526315789473684,Champions,0.7291758592801169,train
15607,Loyal Customers,United Kingdom,2.336238532110092,0.6238532110091743,13.486238532110091,95,0.0,364,0.3076923076923077,Loyal Customers,0.8366284506349865,test
15608,Loyal Customers,United Kingdom,2.7525714285714282,0.6,12.019047619047619,93,0.0,387,0.0,Loyal Customers,0.8588609862987221,train
15609,At Risk,United Kingdom,4.44625,0.4375,9.25,16,0.0,0,0.5,At Risk,0.7694071641348192,train
15610,At Risk,United Kingdom,1.8733333333333333,0.3333333333333333,11.0,6,0.0,0,0.0,At Risk,0.502078794807007,test
15611,Champions,United Kingdom,6.12159574468085,0.1702127659574468,7.946808510638298,43,0.20212765957446807,673,0.1875,Loyal Customers,0.5970167807275412,train
15612,At Risk,United Kingdom,6.141666666666667,0.3333333333333333,8.666666666666666,4,0.5,25,0.0,At Risk,0.596955181781055,test
15613,At Risk,United Kingdom,1.7103703703703703,0.7407407407407407,25.925925925925927,27,0.0,0,0.0,At Risk,0.7850858886768727,train
15614,Loyal Customers,United Kingdom,3.404197530864198,0.6172839506172839,20.14814814814815,73,0.0,188,0.42857142857142855,Loyal Customers,0.5370111924858123,train
15615,Champions,United Kingdom,2.533762486126526,0.5127635960044395,13.41842397336293,292,0.02774694783573807,726,0.12962962962962962,Champions,0.9825654733277243,test
15616,Hibernating or Lost,United Kingdom,7.006923076923077,0.46153846153846156,10.538461538461538,13,0.0,0,0.0,At Risk,0.5615387263657337,train
15617,At Risk,United Kingdom,3.2083333333333335,0.5476190476190477,11.547619047619047,41,0.0,111,0.0,At Risk,0.8368435692463948,train
15618,Loyal Customers,United Kingdom,2.550911111111111,0.5555555555555556,10.088888888888889,39,0.0,103,0.2,At Risk,0.8021283796886285,test
15619,At Risk,United Kingdom,4.416666666666667,1.0,45.333333333333336,3,0.0,0,0.0,Hibernating or Lost,0.6005744235979578,test
15620,Loyal Customers,United Kingdom,3.467286821705426,0.4806201550387597,9.682170542635658,114,0.0,353,0.5,Champions,0.7563025540221495,train
15621,Champions,United Kingdom,2.06625,0.875,31.3125,11,0.0,17,0.3333333333333333,At Risk,0.6450182397136387,train
15622,Champions,United Kingdom,3.62237089201878,0.41784037558685444,9.603286384976526,331,0.0,602,0.43333333333333335,Champions,0.9852790493222477,train
15623,Champions,United Kingdom,3.8724074074074077,0.3148148148148148,10.064814814814815,91,0.17592592592592593,588,0.0,Champions,0.7015330034620072,train
15624,Loyal Customers,United Kingdom,3.6561764705882354,0.4411764705882353,10.5,26,0.0,139,0.0,At Risk,0.8368435692463948,train
15625,Champions,United Kingdom,1.4271929824561405,0.8128654970760234,17.660818713450293,106,0.23391812865497075,438,0.35714285714285715,Champions,0.7352119024529202,train
15626,Loyal Customers,United Kingdom,1.6396249999999999,0.675,14.225,73,0.0,346,0.25,Loyal Customers,0.8597796442720461,train
15627,At Risk,United Kingdom,1.6354166666666667,0.625,14.333333333333334,23,0.0,65,0.0,At Risk,0.7850858886768727,test
15628,Champions,United Kingdom,2.4677987421383647,0.6477987421383647,12.00943396226415,136,0.05660377358490566,721,0.19047619047619047,Champions,0.9809190454734944,train
15629,Loyal Customers,United Kingdom,2.879220779220779,0.7272727272727273,19.714285714285715,39,0.0,82,0.0,At Risk,0.7754822360979571,train
15630,Loyal Customers,United Kingdom,2.682875,0.5125,12.3375,76,0.0,599,0.25,Champions,0.8146951866859856,train
15631,At Risk,United Kingdom,2.244102564102564,0.5897435897435898,13.461538461538462,39,1.0,0,0.0,At Risk,0.7355503591633592,train
15632,Champions,United Kingdom,2.695928143712575,0.48502994011976047,12.62874251497006,107,0.0,259,0.2,Champions,0.7229019052453675,test
15633,Loyal Customers,United Kingdom,3.3668361581920903,0.3107344632768362,11.627118644067796,77,0.192090395480226,221,0.2777777777777778,Loyal Customers,0.8375337248568185,train
15634,Loyal Customers,United Kingdom,3.6470588235294117,0.29411764705882354,6.676470588235294,34,0.5588235294117647,366,0.0,Loyal Customers,0.9243243451415237,train
15635,Hibernating or Lost,United Kingdom,18.85,0.0,2.5,2,0.0,0,0.0,Hibernating or Lost,0.8053437570891684,train
15636,Loyal Customers,United Kingdom,3.621578947368421,0.5614035087719298,9.824561403508772,39,0.2982456140350877,479,0.0,Loyal Customers,0.9224450613117298,train
15637,Loyal Customers,United Kingdom,3.0697560975609757,0.36585365853658536,15.878048780487806,37,0.0,671,0.0,Champions,0.5343084815160817,train
15638,Loyal Customers,United Kingdom,3.3760000000000003,0.88,45.36,20,0.2,231,0.3333333333333333,Loyal Customers,0.9075508677264519,train
15639,Loyal Customers,United Kingdom,3.0427536231884056,0.5942028985507246,12.304347826086957,61,0.0,471,0.4,Loyal Customers,0.8451478318057171,train
15640,Champions,United Kingdom,2.8343137254901962,0.515032679738562,16.19607843137255,303,0.2980392156862745,720,0.14705882352941177,Champions,0.9880484876560749,test
15641,Champions,United Kingdom,1.9905466237942124,0.5498392282958199,14.218649517684888,249,0.18971061093247588,627,0.0,Champions,0.9808865031451612,train
15642,Hibernating or Lost,United Kingdom,0.4166666666666667,1.0,45.0,6,0.0,0,0.0,Hibernating or Lost,0.6625839037072621,train
15643,At Risk,United Kingdom,5.933030303030303,0.12121212121212122,7.454545454545454,31,0.0,90,0.5,At Risk,0.862026866232175,train
15644,Loyal Customers,United Kingdom,1.7819327731092438,0.025210084033613446,2.3403361344537816,166,0.5294117647058824,94,0.0,Loyal Customers,0.5261593429904574,train
15645,Loyal Customers,United Kingdom,3.34,0.17647058823529413,5.823529411764706,59,0.22058823529411764,406,0.25,Loyal Customers,0.8589329579194651,train
15646,Loyal Customers,United Kingdom,2.1363529411764706,0.5764705882352941,12.364705882352942,65,0.0,252,0.16666666666666666,Loyal Customers,0.8895545673836586,train
15647,Hibernating or Lost,United Kingdom,1.6909090909090911,0.5454545454545454,11.272727272727273,11,0.0,0,0.0,At Risk,0.4967706698319442,train
15648,At Risk,United Kingdom,4.58,0.28,8.84,23,0.0,62,0.5,At Risk,0.8657381856703236,train
15649,Loyal Customers,United Kingdom,5.766666666666667,0.75,40.416666666666664,8,0.0,50,0.0,Hibernating or Lost,0.6005744235979578,train
15650,At Risk,United Kingdom,4.862777777777778,0.19444444444444445,5.833333333333333,33,0.6944444444444444,106,0.3333333333333333,At Risk,0.6682171831858043,test
15651,Loyal Customers,United Kingdom,2.0708333333333333,0.6666666666666666,14.516666666666667,52,0.0,559,0.0,Champions,0.7110812118740526,test
15652,Loyal Customers,United Kingdom,4.239807692307692,0.20192307692307693,6.336538461538462,93,0.0,393,0.16666666666666666,Loyal Customers,0.8946968414577486,train
15653,Loyal Customers,United Kingdom,0.9066666666666666,1.0,200.0,4,0.0,23,0.0,Hibernating or Lost,0.6625839037072621,test
15654,Loyal Customers,United Kingdom,3.070952380952381,0.7619047619047619,22.61904761904762,15,0.42857142857142855,16,0.0,At Risk,0.5738627720252253,test
15655,At Risk,United Kingdom,3.0920588235294115,0.6470588235294118,9.529411764705882,34,1.0,0,0.5,At Risk,0.5248341428169286,train
15656,Loyal Customers,United Kingdom,4.41127659574468,0.3404255319148936,7.297872340425532,46,0.0,238,0.0,Loyal Customers,0.8946968414577486,train
15657,At Risk,United Kingdom,1.25,1.0,24.0,1,0.0,0,0.0,Hibernating or Lost,0.6625839037072621,train
15658,Champions,United Kingdom,5.479827586206897,0.2413793103448276,5.956896551724138,79,0.0,546,0.38461538461538464,Champions,0.6859952626420271,test
15659,Loyal Customers,United Kingdom,5.651428571428572,0.23809523809523808,7.666666666666667,14,0.0,609,0.0,Loyal Customers,0.4621204036617547,train
15660,Champions,United Kingdom,2.302857142857143,0.5279503105590062,11.75776397515528,73,0.0,647,0.16666666666666666,Champions,0.774545527743185,test
15661,Loyal Customers,United Kingdom,2.6963636363636363,0.6363636363636364,17.704545454545453,27,0.06818181818181818,261,0.0,Loyal Customers,0.8468870886107716,test
15662,At Risk,United Kingdom,3.783333333333333,0.5,12.083333333333334,12,0.0,77,0.0,At Risk,0.6489482792953484,test
15663,At Risk,United Kingdom,2.51,0.6666666666666666,11.777777777777779,9,0.0,0,0.0,Hibernating or Lost,0.5226520580879255,train
15664,Loyal Customers,United Kingdom,2.9247142857142854,0.2571428571428571,7.571428571428571,54,0.38571428571428573,598,0.42857142857142855,Champions,0.7886258061337429,train
15665,Loyal Customers,United Kingdom,2.2375,0.2847222222222222,9.70138888888889,163,0.8645833333333334,466,0.0,Champions,0.6205611249581198,train
15666,At Risk,United Kingdom,2.0407462686567164,0.19402985074626866,7.0,62,0.5522388059701493,23,0.0,Loyal Customers,0.5633237638321114,train
15667,At Risk,United Kingdom,1.5553846153846154,1.0,18.46153846153846,13,0.0,0,0.0,Hibernating or Lost,0.6625839037072621,train
15668,At Risk,United Kingdom,1.06,1.0,72.0,1,0.0,0,0.0,Hibernating or Lost,0.6625839037072621,train
15669,Loyal Customers,United Kingdom,3.212121212121212,0.2727272727272727,10.363636363636363,31,0.24242424242424243,223,0.2,Loyal Customers,0.9244145922202457,train
15670,At Risk,United Kingdom,3.918421052631579,0.3684210526315789,6.947368421052632,19,0.0,259,0.3333333333333333,Loyal Customers,0.8835480885453842,train
15671,Champions,United Kingdom,2.4162820512820513,0.7692307692307693,21.78205128205128,52,0.0,252,0.3,Loyal Customers,0.8023675291202824,train
15672,Hibernating or Lost,United Kingdom,6.883333333333333,0.0,3.3333333333333335,3,0.0,0,0.0,Hibernating or Lost,0.8053437570891684,test
15673,Champions,United Kingdom,2.820627177700348,0.4529616724738676,11.710801393728223,177,0.18466898954703834,567,0.1,Champions,0.984865917299532,test
15674,Champions,United Kingdom,4.222820512820513,0.39886039886039887,10.393162393162394,262,0.05982905982905983,657,0.2777777777777778,Champions,0.9799290668134282,test
15675,Loyal Customers,United Kingdom,3.213142857142857,0.37142857142857144,17.82857142857143,32,0.4,322,0.0,Loyal Customers,0.9080408839949883,train
15676,Champions,United Kingdom,3.1958415841584156,0.4801980198019802,11.148514851485148,191,0.0,265,0.4,Champions,0.7563025540221495,train
15677,Loyal Customers,United Kingdom,3.5230555555555556,0.5138888888888888,9.375,63,0.0,414,0.0,Loyal Customers,0.8729612708501394,train
15678,Loyal Customers,United Kingdom,2.821340206185567,0.4020618556701031,11.0,77,0.0,469,0.0,Loyal Customers,0.8514693798878483,train
15679,Loyal Customers,United Kingdom,1.1043636363636364,0.3090909090909091,10.636363636363637,98,0.0,158,0.0,At Risk,0.6465775964661576,train
15680,Champions,United Kingdom,2.8870676691729327,0.5864661654135338,11.556390977443609,155,0.21428571428571427,728,0.16666666666666666,Champions,0.9834369061644229,train
15681,Champions,United Kingdom,2.874318181818182,0.7727272727272727,15.818181818181818,48,0.0,539,0.125,Champions,0.7990968564501582,test
15682,At Risk,United Kingdom,2.1412,0.4,8.88,25,0.0,88,0.3333333333333333,At Risk,0.8383564495516044,train
15683,At Risk,United Kingdom,2.414230769230769,0.6538461538461539,12.76923076923077,25,0.38461538461538464,356,0.0,Loyal Customers,0.9205363440438112,train
15684,At Risk,United Kingdom,4.913636363636363,0.18181818181818182,7.0,9,0.0,188,0.5,At Risk,0.7763403132456486,train
15685,Hibernating or Lost,United Kingdom,1.7629411764705885,0.0,2.1176470588235294,17,0.0,0,0.0,Hibernating or Lost,0.843854912113596,train
15686,Hibernating or Lost,United Kingdom,1.25,1.0,72.0,1,0.0,0,0.0,Hibernating or Lost,0.6625839037072621,test
15687,Champions,United Kingdom,4.248253012048193,0.3433734939759036,7.891566265060241,119,0.0,321,0.18181818181818182,Champions,0.5632592984564477,train
15688,Hibernating or Lost,United Kingdom,2.3840740740740745,0.037037037037037035,3.5185185185185186,26,1.0,0,0.0,At Risk,0.6311892606008653,test
15689,At Risk,United Kingdom,3.56625,0.5416666666666666,8.625,20,0.0,497,0.0,Loyal Customers,0.857351724932802,train
15690,Loyal Customers,United Kingdom,0.6831578947368421,1.0,21.473684210526315,19,0.0,96,0.0,At Risk,0.7850858886768727,train
15691,Loyal Customers,United Kingdom,3.3857142857142857,0.5,15.142857142857142,12,0.35714285714285715,480,0.2,Loyal Customers,0.8193343144091091,train
15692,At Risk,United Kingdom,1.9041666666666668,0.5833333333333334,11.5,12,0.0,0,0.0,Hibernating or Lost,0.5750626267462317,test
15693,Hibernating or Lost,United Kingdom,1.25,1.0,30.0,1,0.0,0,0.0,Hibernating or Lost,0.6625839037072621,train
15694,Champions,United Kingdom,4.614516129032258,0.5870967741935483,17.148387096774194,55,0.01935483870967742,731,0.1724137931034483,Champions,0.7287753732365004,train
15695,Loyal Customers,United Kingdom,3.9196610169491524,0.3389830508474576,8.203389830508474,55,0.0,414,0.0,Loyal Customers,0.8946968414577486,train
15696,Champions,United Kingdom,4.684642857142856,0.19196428571428573,6.245535714285714,163,0.35267857142857145,650,0.38095238095238093,Champions,0.9764239335773066,train
15697,Hibernating or Lost,United Kingdom,3.4464285714285716,0.42857142857142855,9.071428571428571,14,0.0,0,0.0,At Risk,0.5888990040447544,train
15698,Hibernating or Lost,United Kingdom,0.95,1.0,30.0,2,0.0,0,0.0,Hibernating or Lost,0.6625839037072621,train
15699,At Risk,United Kingdom,6.181111111111111,0.2222222222222222,6.277777777777778,18,0.0,0,0.0,At Risk,0.4984835712030462,train
15700,At Risk,United Kingdom,2.933488372093023,0.05813953488372093,4.151162790697675,85,0.9883720930232558,1,0.3333333333333333,Loyal Customers,0.7477747403421859,train
15701,Champions,United Kingdom,2.94168776371308,0.11814345991561181,3.8945147679324896,193,0.8438818565400844,108,0.0,Loyal Customers,0.4790925992139787,train
15702,At Risk,Other,3.416,0.1,3.433333333333333,30,0.0,205,0.0,At Risk,0.8521501607439337,train
15703,At Risk,United Kingdom,2.93,1.0,13.2,5,1.0,0,0.0,At Risk,0.5426620063603063,train
15704,Loyal Customers,United Kingdom,3.217487922705314,0.2946859903381642,8.323671497584542,129,0.5362318840579711,442,0.25,Champions,0.7249033138533625,train
15705,At Risk,United Kingdom,6.05,0.16666666666666666,10.333333333333334,6,1.0,0,0.0,At Risk,0.6491616281533729,train
15706,Loyal Customers,United Kingdom,5.126181818181818,0.23636363636363636,5.836363636363636,50,0.41818181818181815,52,0.42857142857142855,Loyal Customers,0.7104880547704248,train
15707,Loyal Customers,United Kingdom,2.2814953271028036,0.03271028037383177,2.8271028037383177,126,0.0,51,0.0,At Risk,0.4176832484611063,test
15708,Champions,United Kingdom,4.193341772151899,0.10632911392405063,4.2405063291139244,135,1.0,384,0.35714285714285715,Champions,0.6014391904664202,train
15709,At Risk,United Kingdom,4.618518518518518,0.14814814814814814,6.2592592592592595,26,0.0,305,0.0,Loyal Customers,0.7940006714673897,test
15710,At Risk,United Kingdom,2.4634545454545456,0.11818181818181818,5.827272727272727,110,0.0,0,0.0,Loyal Customers,0.3943224971875318,test
15711,At Risk,United Kingdom,3.378,0.44,7.96,25,0.28,128,0.0,At Risk,0.681379193554289,train
15712,Champions,United Kingdom,3.9047590361445788,0.19879518072289157,7.692771084337349,86,0.21686746987951808,729,0.07692307692307693,Champions,0.6640751011780958,train
15713,Loyal Customers,United Kingdom,4.597049180327869,0.36065573770491804,8.360655737704919,48,0.0,580,0.3333333333333333,Champions,0.6859952626420271,train
15714,Loyal Customers,United Kingdom,2.8987755102040813,0.32653061224489793,7.387755102040816,45,0.20408163265306123,543,0.0,Champions,0.7448086779745412,train
15715,At Risk,United Kingdom,4.088421052631579,0.15789473684210525,6.473684210526316,33,0.0,63,0.0,At Risk,0.8607784496184314,train
15716,Champions,United Kingdom,2.684846625766871,0.08895705521472393,5.585889570552148,188,0.7055214723926381,586,0.0,Champions,0.9740655364669074,train
15717,Loyal Customers,United Kingdom,3.389583333333333,0.5833333333333334,9.333333333333334,17,0.0,358,0.0,Loyal Customers,0.6232921991559596,train
15718,Hibernating or Lost,United Kingdom,5.051111111111111,0.16666666666666666,5.277777777777778,18,0.0,0,0.0,Hibernating or Lost,0.643709969611338,train
15719,Champions,United Kingdom,2.4224550561797753,0.037640449438202245,3.0157303370786517,449,0.028651685393258425,705,0.20512820512820512,Champions,0.9701483488954694,train
15720,Loyal Customers,United Kingdom,2.7288387096774196,0.0064516129032258064,2.1225806451612903,152,0.0,525,0.0,Champions,0.9701483488954694,train
15721,Loyal Customers,United Kingdom,2.0571428571428574,0.10989010989010989,4.4945054945054945,80,0.0,0,0.0,At Risk,0.6439543522648258,train
15722,Champions,United Kingdom,3.638121546961326,0.3314917127071823,12.613259668508288,91,0.292817679558011,604,0.26666666666666666,Champions,0.804695395315576,test
15723,Loyal Customers,United Kingdom,2.7270542635658916,0.07751937984496124,3.441860465116279,108,0.15503875968992248,209,0.0,Loyal Customers,0.3942893623348598,train
15724,At Risk,United Kingdom,3.126470588235294,0.23529411764705882,6.882352941176471,17,0.35294117647058826,199,0.4,At Risk,0.7515806865469006,train
15725,Loyal Customers,United Kingdom,2.65125,0.21875,6.90625,32,0.0,0,0.0,At Risk,0.8208232558852596,train
15726,Hibernating or Lost,United Kingdom,4.838260869565217,0.21739130434782608,5.3478260869565215,23,1.0,0,0.0,At Risk,0.7531072186457669,test
15727,Champions,United Kingdom,3.5653602305475505,0.2219020172910663,8.561959654178674,426,0.31988472622478387,668,0.0,Champions,0.9779856337643557,train
15728,At Risk,United Kingdom,4.133333333333334,0.3333333333333333,11.0,10,0.0,64,0.3333333333333333,At Risk,0.8092815351331907,train
15729,At Risk,United Kingdom,4.8136363636363635,0.09090909090909091,4.2727272727272725,10,0.0,190,0.4,Hibernating or Lost,0.5072537080810667,train
15730,Loyal Customers,United Kingdom,3.058918918918919,0.40540540540540543,9.558558558558559,102,0.0,365,0.2857142857142857,Champions,0.7563025540221495,train
15731,Hibernating or Lost,United Kingdom,1.1125,0.875,15.25,8,0.0,0,0.0,Hibernating or Lost,0.6625839037072621,train
15732,Loyal Customers,United Kingdom,2.19,0.3269230769230769,13.086538461538462,53,0.0673076923076923,461,0.16666666666666666,Loyal Customers,0.8959941324835589,train
15733,At Risk,United Kingdom,4.35,0.3,6.2,10,0.0,0,0.0,At Risk,0.4984835712030462,test
15734,Loyal Customers,United Kingdom,11.489302325581395,0.3488372093023256,12.0,36,0.0,432,0.0,Loyal Customers,0.8212609666225296,train
15735,Hibernating or Lost,United Kingdom,3.2263157894736842,0.631578947368421,10.842105263157896,19,0.0,0,0.0,At Risk,0.8444445681876142,train
15736,At Risk,United Kingdom,3.209514563106796,0.5339805825242718,12.310679611650485,95,0.0,0,0.3333333333333333,Loyal Customers,0.6074326597460005,train
15737,Champions,United Kingdom,3.910416666666667,0.3055555555555556,8.319444444444445,60,0.0,228,0.3333333333333333,Loyal Customers,0.892988418677923,train
15738,Champions,United Kingdom,2.0180040322580646,0.6673387096774194,18.719758064516128,70,0.12701612903225806,710,0.08888888888888889,Champions,0.7110812118740526,train
15739,At Risk,United Kingdom,2.52375,0.625,59.0,8,0.0,0,0.0,Hibernating or Lost,0.6138854892987397,train
15740,At Risk,United Kingdom,2.4722222222222223,0.3333333333333333,16.88888888888889,9,0.0,0,0.0,Hibernating or Lost,0.5261141543719641,train
15741,At Risk,United Kingdom,4.036666666666666,0.16666666666666666,5.833333333333333,11,0.0,160,0.0,At Risk,0.4984835712030462,train
15742,Hibernating or Lost,United Kingdom,3.540731707317073,0.0,1.2439024390243902,41,0.0,0,0.0,At Risk,0.7386192680994106,train
15743,Loyal Customers,United Kingdom,4.683863636363636,0.045454545454545456,2.4545454545454546,59,0.0,168,0.0,At Risk,0.6745487483719981,train
15744,At Risk,United Kingdom,0.29,1.0,40.0,3,0.0,0,0.0,Hibernating or Lost,0.6625839037072621,test
15745,Champions,United Kingdom,4.3022580645161295,0.22580645161290322,6.790322580645161,57,0.7096774193548387,217,0.3333333333333333,Loyal Customers,0.8909098317487241,train
15746,At Risk,United Kingdom,1.4835714285714285,0.10714285714285714,6.357142857142857,28,0.0,0,0.5,At Risk,0.8464731566512739,train
15747,Champions,United Kingdom,2.392590909090909,0.13636363636363635,6.2272727272727275,116,0.2909090909090909,678,0.1,Champions,0.9795133047476816,train
15748,Loyal Customers,United Kingdom,3.6218918918918916,0.02702702702702703,7.081081081081081,34,0.5675675675675675,408,0.0,Loyal Customers,0.9199598188546698,train
15749,Loyal Customers,United Kingdom,3.0439999999999996,1.0,1802.8,5,0.0,97,0.25,At Risk,0.7550083009812483,train
15750,Champions,United Kingdom,2.696247692307692,0.24,7.0661538461538465,389,0.0,735,0.25,Champions,0.9814535213134379,train
15751,Loyal Customers,United Kingdom,4.787923076923077,0.05384615384615385,3.4076923076923076,90,1.0,272,0.21428571428571427,Loyal Customers,0.9206943930211208,test
15752,Champions,United Kingdom,1.8962622950819672,0.1180327868852459,4.863934426229508,359,0.0,417,0.1,Loyal Customers,0.5111718900434721,test
15753,At Risk,United Kingdom,0.55,1.0,144.0,1,0.0,0,0.0,Hibernating or Lost,0.6625839037072621,train
15754,Champions,United Kingdom,3.6125954198473282,0.5190839694656488,13.450381679389313,114,0.0,604,0.25,Champions,0.9852790493222477,train
15755,Champions,United Kingdom,2.751455525606469,0.49865229110512127,10.873315363881401,281,0.04582210242587601,725,0.15,Champions,0.9825654733277243,train
15756,Loyal Customers,United Kingdom,2.477239583333333,0.0,1.2604166666666667,160,0.546875,187,0.0,Loyal Customers,0.4790925992139787,train
15757,Champions,United Kingdom,3.6814507772020724,0.38341968911917096,9.103626943005182,162,0.0,481,0.0,Champions,0.6705945168626131,train
15758,At Risk,United Kingdom,4.427777777777778,0.0,5.222222222222222,9,0.0,0,0.0,Hibernating or Lost,0.8053437570891684,test
15759,Loyal Customers,United Kingdom,4.722941176470589,0.5294117647058824,30.764705882352942,10,0.0,519,0.3,Champions,0.6674845172531452,train
15760,Loyal Customers,Other,6958.17,0.0,1.0,1,0.0,0,0.6,At Risk,0.6914214755547375,train
15761,Hibernating or Lost,United Kingdom,7.290000000000001,0.2,6.2,5,0.0,0,0.0,At Risk,0.4984835712030462,train
15762,Loyal Customers,United Kingdom,4.0018918918918915,0.1891891891891892,6.783783783783784,37,0.0,12,0.0,At Risk,0.8607784496184314,train
15763,Loyal Customers,United Kingdom,6.6593442622950825,0.16393442622950818,4.442622950819672,58,0.0,45,0.3333333333333333,At Risk,0.5574106442229887,train
15764,Champions,United Kingdom,2.7738152610441764,0.4859437751004016,11.82730923694779,187,0.0,390,0.42857142857142855,Champions,0.7696325898599794,train
15765,At Risk,United Kingdom,2.6956,0.72,13.4,25,0.0,0,0.0,At Risk,0.8035679349329616,test
15766,Loyal Customers,United Kingdom,3.3515384615384614,0.5769230769230769,12.846153846153847,21,0.0,618,0.25,Champions,0.5737876528101212,train
15768,Champions,United Kingdom,5.241300484652665,0.05654281098546042,3.4402261712439417,437,0.045234248788368334,620,0.05555555555555555,Champions,0.9565138246732336,train
15769,Champions,United Kingdom,1.9147321428571427,1.0,219.21428571428572,26,0.022321428571428572,721,0.09803921568627451,Loyal Customers,0.5329303934415414,train
15770,Hibernating or Lost,United Kingdom,6.027777777777778,0.0,3.7222222222222223,18,0.0,0,0.0,Hibernating or Lost,0.8053437570891684,train
15771,Loyal Customers,United Kingdom,3.3353571428571427,0.5357142857142857,18.285714285714285,26,0.0,89,0.0,At Risk,0.826512454776752,train
15772,Hibernating or Lost,United Kingdom,4.52,0.25,6.875,16,1.0,0,0.0,At Risk,0.596955181781055,test
15773,Loyal Customers,United Kingdom,1.9300000000000002,0.2553191489361702,8.72340425531915,46,0.2127659574468085,403,0.0,Loyal Customers,0.9139092226256305,train
15774,Loyal Customers,United Kingdom,4.856371681415929,0.08849557522123894,4.185840707964601,88,0.911504424778761,587,0.14285714285714285,Champions,0.6081222136413248,train
15775,At Risk,United Kingdom,1.9855555555555557,0.7777777777777778,28.88888888888889,9,0.0,386,0.0,Loyal Customers,0.5664796629088443,train
15776,At Risk,United Kingdom,4.183888888888889,0.2777777777777778,7.666666666666667,18,0.0,0,0.0,At Risk,0.4984835712030462,train
15777,Loyal Customers,United Kingdom,4.493846153846154,0.4358974358974359,15.35897435897436,29,0.0,327,0.2222222222222222,Loyal Customers,0.8789411535624694,train
15778,Hibernating or Lost,United Kingdom,4.626470588235295,0.17647058823529413,5.9411764705882355,17,0.0,0,0.0,At Risk,0.4984835712030462,train
15779,At Risk,United Kingdom,8.355,0.0,2.5,8,0.0,69,0.0,Hibernating or Lost,0.8053437570891684,train
15780,Loyal Customers,United Kingdom,4.157586206896552,0.3793103448275862,7.586206896551724,26,0.0,174,0.0,At Risk,0.8512045679765924,train
15781,Loyal Customers,United Kingdom,3.9675,0.55,9.0,20,0.0,280,0.25,Loyal Customers,0.8835480885453842,train
15782,Champions,United Kingdom,4.859016393442623,0.6721311475409836,30.229508196721312,51,0.3442622950819672,420,0.3333333333333333,Loyal Customers,0.8403588243388609,test
15783,At Risk,United Kingdom,3.4364285714285714,0.2857142857142857,15.142857142857142,14,0.0,0,0.0,At Risk,0.5735462686717431,test
15784,At Risk,United Kingdom,3.9939534883720924,0.4418604651162791,8.86046511627907,33,0.3488372093023256,204,0.0,At Risk,0.7512051557811408,train
15785,Champions,United Kingdom,2.6812,0.6222222222222222,19.906666666666666,102,0.08888888888888889,691,0.38461538461538464,Champions,0.9881638809913595,train
15786,Champions,United Kingdom,2.9786051502145923,0.628755364806867,12.834763948497853,358,0.0,490,0.4444444444444444,Champions,0.7388919906168961,train
15787,Loyal Customers,United Kingdom,2.164708737864078,0.019417475728155338,2.621359223300971,156,1.0,35,0.0,Loyal Customers,0.5261593429904574,train
15788,Hibernating or Lost,United Kingdom,4.875714285714286,0.2857142857142857,8.214285714285714,14,0.0,0,0.5,At Risk,0.7763403132456486,train
15789,Loyal Customers,United Kingdom,1.8370289855072464,0.7101449275362319,18.108695652173914,110,0.2608695652173913,265,0.14285714285714285,Champions,0.6845613780609131,train
15790,At Risk,United Kingdom,3.424285714285714,0.05714285714285714,3.257142857142857,34,0.0,0,0.0,At Risk,0.7386192680994106,train
15791,Champions,United Kingdom,2.665209580838323,0.4431137724550898,11.796407185628743,121,0.0,598,0.4444444444444444,Champions,0.9863078406293203,train
15792,At Risk,United Kingdom,2.437017543859649,0.5087719298245614,10.631578947368421,57,0.0,218,0.0,Loyal Customers,0.8514693798878483,train
15793,Champions,United Kingdom,2.5679999999999996,0.8333333333333334,56.166666666666664,12,0.0,723,0.1111111111111111,Champions,0.6721041062211807,test
15794,At Risk,United Kingdom,3.3766666666666665,0.6,19.2,15,0.0,0,0.0,Hibernating or Lost,0.49531214555001774,train
15795,Loyal Customers,United Kingdom,2.7830534351145038,0.4198473282442748,10.770992366412214,111,0.3282442748091603,540,0.0,Champions,0.984865917299532,train
15796,Champions,United Kingdom,4.089762711864407,0.17288135593220338,5.88135593220339,138,0.535593220338983,617,0.22727272727272727,Champions,0.9764239335773066,train
15797,Loyal Customers,United Kingdom,3.3383333333333334,0.9166666666666666,106.75,12,0.0,568,0.0,Champions,0.6530029652793402,test
15798,Loyal Customers,United Kingdom,2.4274698795180725,0.6144578313253012,11.024096385542169,73,0.0,188,0.0,At Risk,0.5313261023221421,train
15799,Loyal Customers,United Kingdom,2.2564516129032257,0.2903225806451613,8.658064516129032,143,0.9032258064516129,342,0.0,Champions,0.5789993067563232,train
15800,Loyal Customers,United Kingdom,2.595,0.03278688524590164,2.4098360655737703,198,0.22950819672131148,511,0.0,Champions,0.9740655364669074,train
15801,Loyal Customers,United Kingdom,2.96421875,0.390625,8.90625,61,0.0,63,0.25,Loyal Customers,0.5648063316687558,train
15802,At Risk,United Kingdom,451.42,0.0,1.0,1,0.0,0,0.6666666666666666,Hibernating or Lost,0.5072537080810667,train
15803,Loyal Customers,United Kingdom,2.846470588235294,0.6862745098039216,20.19607843137255,48,0.0,624,0.0,Champions,0.7990968564501582,train
15804,Champions,United Kingdom,3.7104961832061067,0.4312977099236641,9.790076335877863,170,0.1183206106870229,198,0.3157894736842105,Champions,0.5721168171103751,train
15805,Champions,United Kingdom,2.7195291902071563,0.4632768361581921,11.72316384180791,337,0.08286252354048965,706,0.25,Champions,0.9863078406293203,train
15806,Loyal Customers,United Kingdom,2.004193548387097,0.7741935483870968,19.419354838709676,24,0.0,230,0.0,Loyal Customers,0.8036177146847769,train
15807,Loyal Customers,United Kingdom,2.6036363636363635,0.48863636363636365,17.40909090909091,85,0.0,615,0.16666666666666666,Champions,0.813553925890134,test
15808,Champions,United Kingdom,3.3504662004662005,0.2762237762237762,8.425407925407926,348,0.24708624708624707,431,0.125,Champions,0.6732576304977271,test
15809,Champions,United Kingdom,8.70551724137931,0.4482758620689655,12.068965517241379,51,0.0,499,0.2222222222222222,Loyal Customers,0.8689505082547436,test
15810,Champions,United Kingdom,2.588674698795181,0.25301204819277107,9.957831325301205,89,0.0,594,0.38461538461538464,Champions,0.7933082284267313,train
15811,Champions,United Kingdom,3.286,0.2,6.2,205,0.0,365,0.3,Champions,0.6949058684228896,train
15812,Champions,United Kingdom,3.3519200000000002,0.392,27.6,87,0.0,617,0.07692307692307693,Champions,0.8020806131763079,train
15813,Loyal Customers,United Kingdom,3.775,0.55,15.075,40,0.0,31,0.0,At Risk,0.826512454776752,train
15814,Champions,United Kingdom,3.2038775510204083,0.6428571428571429,17.632653061224488,83,0.0,586,0.25,Champions,0.8255265268215899,test
15815,Loyal Customers,United Kingdom,2.160408163265306,0.8979591836734694,37.87755102040816,33,0.0,196,0.0,At Risk,0.7850858886768727,train
15816,At Risk,United Kingdom,3.6954545454545453,0.09090909090909091,4.909090909090909,11,0.0,0,0.3333333333333333,At Risk,0.5732193657240177,train
15817,Loyal Customers,United Kingdom,2.9944736842105266,0.5,10.5,133,0.0,122,0.0,Champions,0.4706378126235272,train
15818,Hibernating or Lost,United Kingdom,1.8336363636363637,0.6363636363636364,25.818181818181817,11,0.0,0,0.0,Hibernating or Lost,0.6625839037072621,train
15819,Champions,United Kingdom,1.9078846153846154,0.49230769230769234,11.261538461538462,182,0.09230769230769231,582,0.09090909090909091,Champions,0.9721936167501243,test
15820,At Risk,United Kingdom,2.2494117647058824,0.17647058823529413,7.529411764705882,17,0.0,0,0.0,Hibernating or Lost,0.5589618482557781,test
15821,Loyal Customers,United Kingdom,3.696451612903226,0.016129032258064516,3.2580645161290325,57,0.5483870967741935,17,0.0,Loyal Customers,0.5798402326660045,train
15822,Champions,United Kingdom,2.856923076923077,0.6307692307692307,14.615384615384615,46,0.3384615384615385,729,0.25,Champions,0.8547790168034048,train
15823,Loyal Customers,United Kingdom,3.717692307692308,0.5256410256410257,11.378205128205128,155,0.0,358,0.5,Champions,0.7563025540221495,train
15824,At Risk,United Kingdom,2.5896153846153847,0.6538461538461539,18.384615384615383,24,0.6153846153846154,78,0.0,At Risk,0.6431227722515215,train
15825,At Risk,United Kingdom,8.8395,0.6,11.0,20,0.0,0,0.0,At Risk,0.8481550537524788,train
15826,Champions,United Kingdom,2.942941176470588,0.5966386554621849,15.327731092436975,100,0.0,511,0.3333333333333333,Champions,0.8358912364500819,train
15827,Champions,United Kingdom,4.760952380952381,0.36796536796536794,7.896103896103896,124,0.047619047619047616,627,0.3333333333333333,Champions,0.9728698621407936,train
15828,At Risk,United Kingdom,4.543783783783784,0.12162162162162163,4.95945945945946,74,0.0,0,0.0,At Risk,0.6745487483719981,train
15829,At Risk,United Kingdom,1.0527450980392157,0.9215686274509803,19.529411764705884,44,0.0,41,0.0,At Risk,0.7850858886768727,train
15830,At Risk,United Kingdom,2.913846153846154,0.48717948717948717,10.64102564102564,39,0.0,0,0.5,At Risk,0.7294524478311958,test
15831,Loyal Customers,United Kingdom,2.6416176470588235,0.4411764705882353,16.25,63,0.08823529411764706,265,0.25,Loyal Customers,0.7892074478540717,train
15832,At Risk,United Kingdom,2.310185185185185,0.3888888888888889,8.61111111111111,54,0.0,0,0.0,At Risk,0.5291912171803411,train
15833,Hibernating or Lost,United Kingdom,3.87,0.0,4.8,5,0.0,0,0.0,Hibernating or Lost,0.8053437570891684,train
15834,Champions,United Kingdom,3.8796560846560846,0.14285714285714285,4.8121693121693125,333,0.07936507936507936,354,0.2222222222222222,Champions,0.6002019033475879,train
15835,Loyal Customers,United Kingdom,3.073,0.26,8.78,47,0.0,286,0.0,Loyal Customers,0.8823249656131642,test
15836,At Risk,United Kingdom,9.244,0.0,2.6,10,0.0,0,0.5,Hibernating or Lost,0.5072537080810667,train
15837,Loyal Customers,United Kingdom,3.713461538461538,0.3076923076923077,7.788461538461538,52,0.0,420,0.0,Loyal Customers,0.8823249656131642,train
15838,Champions,United Kingdom,1.8520095693779903,1.0,309.39712918660285,61,0.028708133971291867,713,0.10526315789473684,Champions,0.7110812118740526,train
15839,Loyal Customers,United Kingdom,2.1283870967741936,0.45161290322580644,10.887096774193548,56,0.20967741935483872,114,0.4,Loyal Customers,0.7684766952303708,train
15840,Loyal Customers,United Kingdom,1.961111111111111,0.5925925925925926,14.666666666666666,26,0.0,113,0.3333333333333333,At Risk,0.833833798195812,train
15841,Champions,United Kingdom,1.7823913043478259,0.6847826086956522,25.98913043478261,60,0.05434782608695652,657,0.25,Champions,0.7594687145263168,train
15842,At Risk,United Kingdom,3.4092000000000002,0.48,11.84,24,0.0,134,0.3333333333333333,At Risk,0.7574184472245591,train
15843,At Risk,United Kingdom,7.14375,0.0,3.375,8,0.0,0,0.0,Hibernating or Lost,0.8053437570891684,train
15844,At Risk,United Kingdom,1.7936363636363637,0.9090909090909091,12.181818181818182,11,0.0,0,0.0,Hibernating or Lost,0.5750626267462317,train
15845,Champions,United Kingdom,3.2174712643678163,0.5402298850574713,12.229885057471265,129,0.0,664,0.21428571428571427,Champions,0.981259281452183,train
15846,Hibernating or Lost,United Kingdom,1.8168965517241378,0.034482758620689655,2.7241379310344827,27,0.0,0,0.0,At Risk,0.622888518232414,test
15847,Loyal Customers,United Kingdom,3.5904166666666666,0.2708333333333333,13.395833333333334,39,0.0,603,0.0,Loyal Customers,0.5102238786246405,train
15848,Hibernating or Lost,United Kingdom,3.278285714285714,0.0,1.3142857142857143,34,1.0,0,0.0,At Risk,0.6949360266619181,test
15850,Champions,United Kingdom,1.970508982035928,0.0658682634730539,4.12874251497006,269,0.3652694610778443,707,0.0,Champions,0.9588644593642219,train
15851,Hibernating or Lost,United Kingdom,1.9925000000000002,0.25,8.375,8,0.0,0,0.0,Hibernating or Lost,0.5589618482557781,train
15852,At Risk,United Kingdom,4.776060606060606,0.0,1.8181818181818181,31,0.0,340,0.0,Loyal Customers,0.7492841312829094,test
15853,At Risk,United Kingdom,1.4693333333333334,0.2,4.5,29,0.0,0,0.0,At Risk,0.766762494178712,train
15854,Champions,United Kingdom,3.3503875968992247,0.14728682170542637,6.604651162790698,168,0.27906976744186046,725,0.0,Champions,0.9779856337643557,train
15855,Loyal Customers,United Kingdom,1.9130526315789476,0.21052631578947367,7.494736842105263,72,0.0,339,0.0,Loyal Customers,0.9011724327482624,train
15856,Champions,United Kingdom,1.9346080964685615,0.6236003445305771,17.598621877691645,384,0.06029285099052541,732,0.10344827586206896,Champions,0.9759037735330374,test
15857,Loyal Customers,United Kingdom,1.2904166666666665,0.9583333333333334,24.333333333333332,21,0.0,411,0.0,Loyal Customers,0.8036177146847769,train
15858,Champions,United Kingdom,2.6820496894409938,0.2318840579710145,6.043478260869565,273,0.0,714,0.13333333333333333,Champions,0.9764092050776733,train
15859,At Risk,United Kingdom,4.9381818181818184,0.36363636363636365,7.909090909090909,22,1.0,0,0.0,At Risk,0.7763338967350972,train
15860,Champions,United Kingdom,3.2833152173913045,0.04619565217391304,3.6467391304347827,249,0.49728260869565216,692,0.0,Champions,0.9721425832198033,test
15861,Champions,United Kingdom,1.7777318295739346,0.04887218045112782,4.837092731829574,452,0.2957393483709273,667,0.2,Champions,0.9588644593642219,train
15862,Champions,United Kingdom,2.777142857142857,0.04819277108433735,2.891566265060241,417,0.0,714,0.0,Champions,0.9701483488954694,train
15863,Loyal Customers,United Kingdom,3.0936708860759494,0.012658227848101266,2.0759493670886076,74,0.0,697,0.0,Champions,0.6472551320674609,train
15864,Champions,United Kingdom,2.5321739130434784,0.6956521739130435,64.6086956521739,18,0.08695652173913043,358,0.2222222222222222,Loyal Customers,0.7548589819451383,train
15865,Loyal Customers,United Kingdom,4.221338582677165,0.3543307086614173,9.031496062992126,119,0.07086614173228346,662,0.0,Champions,0.9655486081780054,test
15866,At Risk,United Kingdom,3.8722222222222222,0.08888888888888889,2.8,43,0.0,0,0.0,At Risk,0.6790364749681377,train
15867,Champions,United Kingdom,3.3593012275731824,0.10859301227573183,4.852691218130311,547,0.12370160528800755,719,0.11428571428571428,Champions,0.9679373006859754,train
15868,Hibernating or Lost,United Kingdom,2.5175,0.75,14.25,4,0.0,0,0.0,Hibernating or Lost,0.6138854892987397,train
15869,At Risk,United Kingdom,2.2605714285714287,0.14285714285714285,7.828571428571428,29,0.0,349,0.0,Loyal Customers,0.8005165448718804,test
15870,Loyal Customers,United Kingdom,2.850136054421769,0.10884353741496598,3.45578231292517,127,0.3945578231292517,413,0.0,Champions,0.6352384448555851,train
15871,Hibernating or Lost,United Kingdom,6.619999999999999,0.0,1.0,5,0.0,0,0.0,Hibernating or Lost,0.8053437570891684,test
15872,Loyal Customers,United Kingdom,2.203860465116279,0.06046511627906977,2.353488372093023,164,0.0,535,0.0,Champions,0.9527062675286382,train
15873,At Risk,United Kingdom,0.2833333333333333,1.0,192.0,3,0.0,1,0.2,Hibernating or Lost,0.6625839037072621,train
15874,Champions,United Kingdom,6.710584795321638,0.45614035087719296,14.91812865497076,262,0.0,637,0.16,Champions,0.9797964374374841,test
15875,Hibernating or Lost,United Kingdom,1.7548,0.12,3.04,18,0.0,0,0.0,Hibernating or Lost,0.843854912113596,train
15876,At Risk,United Kingdom,3.7018181818181817,0.8181818181818182,80.54545454545455,11,0.0,39,0.0,Hibernating or Lost,0.49531214555001774,train
15877,Loyal Customers,United Kingdom,1.8717829457364341,0.031007751937984496,2.875968992248062,122,0.0,16,0.3333333333333333,Loyal Customers,0.4564781159126702,train
15878,At Risk,United Kingdom,2.192745098039216,0.1568627450980392,4.764705882352941,47,0.5686274509803921,171,0.0,Loyal Customers,0.543160158687833,train
15879,Loyal Customers,United Kingdom,3.362459016393443,0.10382513661202186,3.5136612021857925,171,0.4098360655737705,317,0.0,Champions,0.6179814692796378,test
15880,At Risk,United Kingdom,2.1701904761904762,0.047619047619047616,2.0095238095238095,95,1.0,0,0.5,Loyal Customers,0.6622057424004054,train
15881,Loyal Customers,United Kingdom,3.3168965517241378,0.20689655172413793,8.96551724137931,26,0.0,52,0.375,At Risk,0.817850804346037,train
15882,Loyal Customers,United Kingdom,1.9574666666666667,0.44,10.853333333333333,49,0.0,530,0.2,Champions,0.6802767752532008,train
15883,Loyal Customers,United Kingdom,2.9546938775510205,0.16326530612244897,4.551020408163265,42,0.40816326530612246,31,0.0,At Risk,0.6633805171544711,train
15884,At Risk,United Kingdom,2.0873333333333335,0.26666666666666666,10.533333333333333,14,0.06666666666666667,303,0.3333333333333333,Loyal Customers,0.7402529359504414,train
15885,Champions,United Kingdom,4.2297391304347824,0.1826086956521739,5.408695652173913,83,0.008695652173913044,594,0.25,Champions,0.6641827459503195,train
15886,Loyal Customers,United Kingdom,3.3409677419354837,0.24193548387096775,10.758064516129032,58,0.0,537,0.0,Champions,0.7357540809716737,train
15887,Loyal Customers,United Kingdom,2.7045945945945946,0.4864864864864865,16.35135135135135,27,0.13513513513513514,148,0.0,At Risk,0.7843675251583553,test
15888,Loyal Customers,United Kingdom,3.7851282051282054,0.05128205128205128,3.5641025641025643,33,0.0,446,0.25,Loyal Customers,0.8846545080058251,test
15889,Loyal Customers,United Kingdom,2.76328320802005,0.03759398496240601,2.4786967418546366,256,0.3308270676691729,572,0.1111111111111111,Champions,0.9740655364669074,train
15890,At Risk,United Kingdom,12.553,0.3,11.9,10,0.0,210,0.0,At Risk,0.567010852999173,train
15891,At Risk,United Kingdom,2.651774193548387,0.27419354838709675,7.129032258064516,60,0.0,0,0.0,At Risk,0.5703677493858214,train
15892,Hibernating or Lost,United Kingdom,2.7626315789473685,0.0,1.2105263157894737,38,0.0,0,0.0,At Risk,0.6490496539052968,train
15893,Hibernating or Lost,United Kingdom,1.06,1.0,288.0,1,1.0,0,0.0,Hibernating or Lost,0.5338464198620827,test
15894,At Risk,United Kingdom,2.0045569620253167,0.16455696202531644,3.5822784810126582,35,0.9620253164556962,115,0.0,At Risk,0.7296482687061626,train
15895,At Risk,United Kingdom,1.9845454545454544,0.18181818181818182,8.545454545454545,11,0.0,0,0.0,Hibernating or Lost,0.5589618482557781,test
15897,At Risk,United Kingdom,2.0920833333333335,0.16666666666666666,10.875,17,1.0,0,0.0,At Risk,0.5941365452088195,train
15898,Champions,United Kingdom,3.583400286944046,0.054519368723098996,3.4691535150645625,281,0.09038737446197992,726,0.13793103448275862,Champions,0.9679373006859754,test
15899,At Risk,United Kingdom,4.125,0.5,9.75,4,0.0,0,0.0,At Risk,0.5615387263657337,train
15900,Champions,United Kingdom,2.0709230769230773,0.1076923076923077,5.084615384615384,100,0.0,539,0.2,Champions,0.5497649426147413,train
15901,Champions,United Kingdom,2.0854385964912283,0.11695906432748537,4.105263157894737,145,0.0,527,0.2222222222222222,Champions,0.9626689074593153,test
15902,Hibernating or Lost,United Kingdom,2.1494444444444443,0.16666666666666666,6.888888888888889,18,0.0,0,0.0,Hibernating or Lost,0.5589618482557781,train
15903,Champions,United Kingdom,2.480258620689655,0.9741379310344828,33.8448275862069,58,0.05172413793103448,684,0.2,Champions,0.7990968564501582,train
15904,At Risk,United Kingdom,2.953333333333333,0.06666666666666667,2.8,30,0.0,0,0.0,At Risk,0.6490496539052968,train
15905,Hibernating or Lost,United Kingdom,2.7677272727272726,0.09090909090909091,3.727272727272727,22,0.0,0,0.0,At Risk,0.6490496539052968,train
15906,Champions,United Kingdom,4.323448275862069,0.04926108374384237,3.6995073891625614,143,0.39408866995073893,431,0.16666666666666666,Champions,0.5409613870919555,train
15907,Champions,United Kingdom,2.590240963855422,0.024096385542168676,2.0441767068273093,175,0.0,206,0.0,Loyal Customers,0.3942893623348598,train
15908,At Risk,United Kingdom,3.3997560975609753,0.0975609756097561,4.2439024390243905,37,0.0,21,0.0,At Risk,0.7386192680994106,train
15909,At Risk,United Kingdom,1.8599999999999999,0.8571428571428571,14.0,7,1.0,0,0.0,At Risk,0.5175554567972127,train
15910,Champions,United Kingdom,1.7829140127388536,0.07484076433121019,3.4570063694267517,394,0.0,686,0.0,Champions,0.9527062675286382,train
15911,Loyal Customers,United Kingdom,2.802123552123552,0.03474903474903475,3.1312741312741315,162,0.0,106,0.2,Loyal Customers,0.3942893623348598,train
15912,Loyal Customers,United Kingdom,2.7523157894736845,0.2736842105263158,7.989473684210527,83,0.0,551,0.0,Champions,0.715929125683814,train
15913,Hibernating or Lost,United Kingdom,2.1,0.0,3.0,1,0.0,0,0.0,Hibernating or Lost,0.843854912113596,train
15914,At Risk,United Kingdom,3.4707692307692306,0.3076923076923077,11.461538461538462,13,0.0,0,0.0,At Risk,0.6554986189036304,train
15915,At Risk,United Kingdom,1.752876712328767,0.0821917808219178,3.089041095890411,105,0.0,0,0.0,At Risk,0.4176832484611063,train
15916,Champions,United Kingdom,3.7191743119266056,0.13149847094801223,5.207951070336391,227,0.10397553516819572,712,0.23529411764705882,Champions,0.9747582747155219,train
15917,Loyal Customers,United Kingdom,2.5436774193548386,0.01935483870967742,1.696774193548387,127,0.0,489,0.0,Champions,0.5998457545140751,train
15918,Loyal Customers,United Kingdom,2.844590163934426,0.09836065573770492,3.9344262295081966,49,0.36065573770491804,441,0.0,Loyal Customers,0.8973604003191129,train
15919,Loyal Customers,United Kingdom,2.5801041666666666,0.15104166666666666,4.098958333333333,103,0.4895833333333333,349,0.0,Champions,0.6675919178013867,test
15920,Loyal Customers,United Kingdom,3.032129629629629,0.037037037037037035,2.2222222222222223,93,0.0,571,0.0,Champions,0.6472551320674609,train
15921,Loyal Customers,United Kingdom,4.1901204819277105,0.0963855421686747,4.120481927710843,69,0.0,468,0.0,Loyal Customers,0.8978707102564389,train
15922,At Risk,United Kingdom,4.409090909090909,0.36363636363636365,12.545454545454545,11,0.0,0,0.5,At Risk,0.8092815351331907,train
15923,At Risk,United Kingdom,2.814761904761905,0.09523809523809523,5.809523809523809,21,0.0,0,0.0,At Risk,0.7498785253025309,test
15924,Hibernating or Lost,United Kingdom,3.564,0.13333333333333333,6.866666666666666,14,0.0,0,0.0,Hibernating or Lost,0.5927947763044744,train
15925,At Risk,United Kingdom,2.8958333333333335,0.4166666666666667,7.75,12,1.0,0,0.0,At Risk,0.5525590410468182,train
15926,Hibernating or Lost,United Kingdom,1.0371428571428571,1.0,22.142857142857142,7,0.0,0,0.0,Hibernating or Lost,0.6625839037072621,test
15927,Hibernating or Lost,United Kingdom,3.3188235294117647,0.058823529411764705,4.0588235294117645,13,0.0,0,0.0,Hibernating or Lost,0.7305408822328047,train
15928,Hibernating or Lost,United Kingdom,2.2363636363636363,0.7272727272727273,14.909090909090908,11,1.0,0,0.0,Hibernating or Lost,0.5338464198620827,train
15929,At Risk,United Kingdom,4.95,1.0,120.0,1,0.0,0,0.0,Hibernating or Lost,0.6005744235979578,train
15930,At Risk,United Kingdom,4.022857142857143,0.09523809523809523,6.619047619047619,21,0.0,0,0.0,At Risk,0.7825402931728277,train
15931,Hibernating or Lost,United Kingdom,4.814285714285715,0.35714285714285715,8.428571428571429,14,0.0,0,0.0,At Risk,0.4984835712030462,train
15932,Champions,United Kingdom,1.4927826086956522,0.8347826086956521,20.217391304347824,93,0.0,285,0.2727272727272727,Loyal Customers,0.8597796442720461,train
15933,Champions,United Kingdom,2.1356756756756754,0.5540540540540541,11.95945945945946,63,0.0,65,0.0,At Risk,0.6087421704377465,train
15934,At Risk,United Kingdom,1.7706896551724138,0.9655172413793104,74.6896551724138,29,0.0,11,0.0,At Risk,0.7850858886768727,train
15935,At Risk,United Kingdom,27.295,0.75,9.583333333333334,12,0.0,2,0.3333333333333333,At Risk,0.7619601006625075,test
15936,At Risk,United Kingdom,2.934736842105263,0.47368421052631576,11.105263157894736,16,0.5789473684210527,88,0.0,At Risk,0.594697225057052,train
15937,At Risk,United Kingdom,2.3714285714285714,0.7142857142857143,10.428571428571429,7,0.0,0,0.0,Hibernating or Lost,0.5226520580879255,train
15938,Loyal Customers,United Kingdom,2.2302564102564104,0.5641025641025641,11.512820512820513,27,0.28205128205128205,444,0.0,Loyal Customers,0.9265845739286206,train
15939,Champions,United Kingdom,1.8562732919254659,0.7018633540372671,38.88198757763975,52,0.08074534161490683,284,0.058823529411764705,Loyal Customers,0.8704724511414116,test
15940,At Risk,United Kingdom,8.95,0.0,4.0,1,0.0,0,0.6666666666666666,Hibernating or Lost,0.5072537080810667,train
15941,At Risk,United Kingdom,6.75,0.6666666666666666,10.0,6,0.0,0,0.5,At Risk,0.7619601006625075,train
15942,At Risk,United Kingdom,2.657857142857143,0.7857142857142857,16.571428571428573,14,0.0,0,0.0,Hibernating or Lost,0.6138854892987397,train
15943,At Risk,United Kingdom,1.7325,0.6666666666666666,15.25,12,1.0,28,0.0,Hibernating or Lost,0.5338464198620827,train
15944,Loyal Customers,United Kingdom,3.814473684210526,0.5526315789473685,22.605263157894736,25,0.21052631578947367,449,0.0,Loyal Customers,0.9080408839949883,train
15945,Loyal Customers,United Kingdom,3.690666666666667,0.5,13.233333333333333,24,0.0,372,0.0,Loyal Customers,0.8701937413527897,test
15946,Loyal Customers,United Kingdom,2.5384615384615383,0.9615384615384616,62.07692307692308,25,0.5769230769230769,131,0.0,At Risk,0.6431227722515215,train
15947,Loyal Customers,United Kingdom,4.022068965517241,0.6551724137931034,30.96551724137931,29,1.0,0,0.0,At Risk,0.743356679117783,train
15948,Champions,United Kingdom,2.5377894736842106,0.35789473684210527,8.968421052631578,63,0.0,416,0.0,Loyal Customers,0.8780938454915321,train
15949,Loyal Customers,United Kingdom,1.8247368421052632,0.5789473684210527,14.947368421052632,12,0.0,54,0.0,Hibernating or Lost,0.5817565378872296,train
15950,Champions,United Kingdom,3.0095949367088606,0.2,8.567088607594936,225,0.0,650,0.23076923076923078,Champions,0.9800666513585105,train
15951,Champions,United Kingdom,4.05135593220339,0.2542372881355932,7.11864406779661,44,0.3728813559322034,372,0.25,Loyal Customers,0.9355702495399447,train
15952,Loyal Customers,United Kingdom,3.2756043956043954,0.08791208791208792,4.384615384615385,65,0.8461538461538461,191,0.0,Loyal Customers,0.5798402326660045,train
15953,Champions,United Kingdom,3.295430107526882,0.26881720430107525,9.956989247311828,102,0.3333333333333333,721,0.14285714285714285,Champions,0.9814125090457337,train
15954,Hibernating or Lost,United Kingdom,1.7,0.1,5.95,20,0.0,0,0.0,At Risk,0.7406935537148845,test
15955,Champions,United Kingdom,2.8661325966850826,0.5082872928176796,11.638121546961326,222,0.052486187845303865,629,0.12,Champions,0.9825654733277243,train
15956,At Risk,United Kingdom,2.05,0.16666666666666666,15.444444444444445,18,1.0,175,0.0,At Risk,0.5138410960536751,train
15957,Loyal Customers,United Kingdom,2.4172185430463577,0.019867549668874173,3.033112582781457,121,0.0,389,0.0,Champions,0.5998457545140751,train
15958,Loyal Customers,United Kingdom,3.2375675675675675,0.0,2.2162162162162162,50,0.0,476,0.0,Loyal Customers,0.8942440043812727,train
15959,At Risk,United Kingdom,3.7924358974358974,0.10256410256410256,3.6153846153846154,58,0.0,0,0.0,At Risk,0.6313688337125513,train
15960,Loyal Customers,United Kingdom,3.55,0.34615384615384615,9.923076923076923,24,0.0,61,0.2,At Risk,0.8536832873060178,train
15961,At Risk,United Kingdom,3.7423809523809526,0.07142857142857142,3.6666666666666665,42,0.0,0,0.0,At Risk,0.7386192680994106,train
15962,Hibernating or Lost,United Kingdom,1.6124137931034481,0.06896551724137931,4.051724137931035,43,0.0,0,0.0,At Risk,0.622888518232414,train
15963,Loyal Customers,United Kingdom,2.41,0.6071428571428571,10.642857142857142,26,0.35714285714285715,25,0.0,At Risk,0.6457770490922923,train
15964,Hibernating or Lost,United Kingdom,3.5123809523809526,0.09523809523809523,4.476190476190476,20,1.0,0,0.0,At Risk,0.6949360266619181,train
15965,Champions,United Kingdom,2.4713858695652173,0.057065217391304345,3.8940217391304346,202,0.20380434782608695,719,0.07142857142857142,Champions,0.9740655364669074,train
15966,At Risk,United Kingdom,1.9855555555555555,0.18518518518518517,10.185185185185185,27,0.0,0,0.5,At Risk,0.8380687881594736,train
15967,Champions,United Kingdom,3.11140562248996,0.018072289156626505,2.4176706827309236,316,0.20682730923694778,715,0.07692307692307693,Champions,0.9721425832198033,train
15968,At Risk,United Kingdom,2.5581176470588236,0.023529411764705882,2.976470588235294,70,0.0,0,0.0,At Risk,0.5782410539002637,train
15969,Champions,United Kingdom,6.990857142857143,0.17142857142857143,6.371428571428571,31,0.34285714285714286,519,0.16666666666666666,Loyal Customers,0.5970167807275412,train
15970,Loyal Customers,United Kingdom,2.8995833333333336,0.5,20.75,19,0.0,295,0.0,Loyal Customers,0.8612316378406829,train
15971,Champions,United Kingdom,2.5285714285714285,0.8095238095238095,53.595238095238095,12,0.0,714,0.1,Champions,0.6721041062211807,train
15972,Loyal Customers,United Kingdom,5.157241379310345,0.020689655172413793,3.310344827586207,104,0.4206896551724138,143,0.0,Loyal Customers,0.5110315373755027,test
15973,Loyal Customers,United Kingdom,4.9446666666666665,0.7333333333333333,20.066666666666666,8,0.0,62,0.4,At Risk,0.6992316940889529,train
15974,Champions,United Kingdom,2.819545454545455,0.5795454545454546,12.852272727272727,141,0.0,249,0.125,Champions,0.7229019052453675,train
15975,At Risk,United Kingdom,2.1433333333333335,0.5833333333333334,10.125,24,0.0,0,0.0,At Risk,0.8233358072462033,train
15976,Loyal Customers,United Kingdom,2.5340201005025125,0.035175879396984924,2.708542713567839,265,0.46984924623115576,385,0.0,Champions,0.6352384448555851,train
15977,Loyal Customers,United Kingdom,2.9993846153846153,0.3384615384615385,15.63076923076923,48,0.0,21,0.0,At Risk,0.5625595982274865,train
15978,Champions,United Kingdom,2.2670542635658912,0.7209302325581395,18.94573643410853,107,0.37209302325581395,567,0.4,Champions,0.9835608252930538,train
15979,Hibernating or Lost,United Kingdom,1.2840909090909092,0.9090909090909091,20.454545454545453,22,0.0,0,0.0,At Risk,0.7850858886768727,train
15980,Champions,United Kingdom,2.0246153846153847,0.8803418803418803,41.55555555555556,101,0.0,467,0.2222222222222222,Loyal Customers,0.8597796442720461,train
15981,Champions,United Kingdom,2.6528819444444443,0.5868055555555556,16.760416666666668,151,0.013888888888888888,595,0.2222222222222222,Champions,0.9881638809913595,train
15982,Hibernating or Lost,United Kingdom,3.4331111111111112,0.044444444444444446,2.911111111111111,45,0.0,0,0.0,At Risk,0.6313688337125513,train
15983,Champions,United Kingdom,2.107056962025317,0.21835443037974683,7.753164556962025,137,0.20253164556962025,711,0.0,Champions,0.9674022571261007,train
15984,Champions,United Kingdom,2.586532797858099,0.1753681392235609,8.144578313253012,458,0.16733601070950468,735,0.0625,Champions,0.9795133047476816,test
15985,Champions,United Kingdom,1.8096153846153848,0.7211538461538461,26.442307692307693,50,0.25961538461538464,438,0.125,Loyal Customers,0.8756077574025906,train
15986,Loyal Customers,United Kingdom,1.4424000000000001,0.68,14.72,25,0.0,351,0.0,Loyal Customers,0.8036177146847769,train
15987,Champions,United Kingdom,2.1231632653061223,0.09183673469387756,8.75,143,0.2755102040816326,367,0.0,Champions,0.5438289507643834,train
15988,Loyal Customers,United Kingdom,3.012248062015504,0.07751937984496124,3.7674418604651163,114,1.0,637,0.0,Champions,0.9721425832198033,train
15989,At Risk,United Kingdom,3.1139772727272725,0.03409090909090909,1.9431818181818181,81,0.0,361,0.0,Loyal Customers,0.8942440043812727,test
15990,Champions,United Kingdom,2.824222222222222,0.15,6.055555555555555,117,0.3388888888888889,605,0.0,Champions,0.9795133047476816,train
15991,Hibernating or Lost,United Kingdom,6.833333333333333,0.3333333333333333,6.833333333333333,6,0.0,0,0.0,At Risk,0.4984835712030462,test
15992,Loyal Customers,United Kingdom,2.535185185185185,0.46296296296296297,9.518518518518519,53,0.35185185185185186,449,0.0,Loyal Customers,0.8618300023380804,train
15993,Champions,United Kingdom,2.233713768115942,0.059782608695652176,3.7155797101449277,335,0.19927536231884058,35,0.3,Loyal Customers,0.5377847896528131,test
15994,Loyal Customers,United Kingdom,3.483947368421053,0.06140350877192982,4.114035087719298,93,1.0,581,0.4,Champions,0.7313896297495932,test
15995,At Risk,United Kingdom,2.757837837837838,0.05405405405405406,3.18018018018018,108,0.0,0,0.0,Loyal Customers,0.3942893623348598,test
15996,Champions,United Kingdom,3.6485849056603774,0.04716981132075472,3.5235849056603774,140,0.3915094339622642,308,0.125,Champions,0.6179814692796378,train
15998,Champions,United Kingdom,2.5693871866295264,0.060584958217270196,3.7409470752089136,682,0.17200557103064068,702,0.23809523809523808,Champions,0.9795888182470818,train
15999,Hibernating or Lost,United Kingdom,0.85,1.0,24.0,1,0.0,0,0.0,Hibernating or Lost,0.6625839037072621,train
16000,Champions,United Kingdom,3.3455555555555554,1.0,567.7777777777778,9,0.0,0,0.0,Hibernating or Lost,0.49531214555001774,train
16001,At Risk,United Kingdom,2.327241379310345,0.7586206896551724,11.620689655172415,29,0.0,0,0.5,At Risk,0.7673231463505317,train
16002,Hibernating or Lost,United Kingdom,2.8233333333333333,0.0,1.6666666666666667,42,0.0,0,0.0,At Risk,0.6490496539052968,train
16003,Champions,United Kingdom,4.514137931034483,0.4088669950738916,10.886699507389162,146,0.2019704433497537,706,0.0,Champions,0.9778345823021533,train
16004,Loyal Customers,United Kingdom,3.0701111111111112,0.4777777777777778,11.955555555555556,63,0.18888888888888888,208,0.0,Loyal Customers,0.7119358352075399,train
16005,Champions,United Kingdom,2.28795719844358,0.0311284046692607,2.5486381322957197,315,0.24319066147859922,438,0.09090909090909091,Champions,0.6352384448555851,train
16006,At Risk,United Kingdom,2.34609756097561,0.07317073170731707,2.573170731707317,75,0.0,176,0.0,At Risk,0.5782410539002637,train
16007,Champions,United Kingdom,1.8547747747747747,0.0945945945945946,3.9684684684684686,337,0.8918918918918919,495,0.0,Champions,0.5190670437087724,train
16008,Champions,United Kingdom,2.504055118110236,0.4015748031496063,12.885826771653543,63,0.452755905511811,606,0.0,Champions,0.7989414551368489,train
16009,Champions,United Kingdom,3.313888888888889,0.14444444444444443,4.2,68,0.7333333333333333,137,0.0,Loyal Customers,0.6379818656497607,train
16010,Loyal Customers,United Kingdom,2.0512709030100336,0.033444816053511704,3.1137123745819397,122,0.6655518394648829,165,0.08333333333333333,Loyal Customers,0.5261593429904574,train
16011,Champions,United Kingdom,2.5518901098901097,0.3120879120879121,7.628571428571429,181,0.12967032967032968,730,0.03333333333333333,Champions,0.9764092050776733,train
16012,Champions,United Kingdom,2.5239834024896264,0.25311203319502074,7.327800829875518,207,0.0,494,0.0,Champions,0.6566684130847887,train
16013,Champions,United Kingdom,2.693545454545455,0.9136363636363637,117.96363636363637,54,0.0,728,0.10638297872340426,Champions,0.7990968564501582,train
16014,Loyal Customers,United Kingdom,2.6205841924398627,0.0,1.6426116838487972,219,0.5257731958762887,639,0.16666666666666666,Champions,0.9740655364669074,train
16015,Loyal Customers,United Kingdom,1.2462637362637363,0.1043956043956044,4.9945054945054945,146,0.32967032967032966,45,0.25,Loyal Customers,0.5377847896528131,test
16016,Champions,United Kingdom,3.172696335078534,0.02356020942408377,2.7722513089005236,181,0.0,399,0.21428571428571427,Champions,0.5817880101099283,train
16017,Loyal Customers,United Kingdom,3.1176335877862598,0.0916030534351145,4.885496183206107,99,0.37404580152671757,656,0.0,Champions,0.6804291187926712,train
16018,Loyal Customers,United Kingdom,2.4987500000000002,0.25,8.982142857142858,48,0.26785714285714285,693,0.0,Champions,0.7448086779745412,train
16019,Champions,United Kingdom,3.6772839506172836,0.5555555555555556,17.224691358024693,256,0.0,678,0.22857142857142856,Champions,0.9883755335020277,train
16020,Loyal Customers,United Kingdom,2.4445652173913044,0.45652173913043476,10.58695652173913,42,0.0,48,0.0,At Risk,0.8021283796886285,train
16021,At Risk,United Kingdom,2.4333793103448276,0.041379310344827586,2.0482758620689654,117,0.23448275862068965,149,0.0,Loyal Customers,0.4790925992139787,test
16022,At Risk,United Kingdom,3.3089473684210526,0.039473684210526314,3.4342105263157894,68,0.0,0,0.0,At Risk,0.6313688337125513,train
16023,Loyal Customers,United Kingdom,3.1293069306930694,0.04950495049504951,3.5445544554455446,90,0.0,220,0.0,Loyal Customers,0.8942440043812727,train
16024,Loyal Customers,United Kingdom,1.3230232558139534,0.13953488372093023,5.872093023255814,78,1.0,399,0.0,Loyal Customers,0.9139092226256305,train
16025,At Risk,United Kingdom,1.9764285714285712,0.5357142857142857,12.071428571428571,28,0.0,0,0.0,At Risk,0.8373151763866855,train
16026,At Risk,United Kingdom,1.285625,0.3125,7.59375,30,0.0,0,0.0,At Risk,0.8369925355788373,test
16027,Champions,United Kingdom,8.180857142857143,0.7142857142857143,59.97142857142857,20,0.11428571428571428,608,0.16666666666666666,Loyal Customers,0.5117084177292769,test
16028,Hibernating or Lost,United Kingdom,5.3,0.0,3.6,5,0.0,0,0.0,Hibernating or Lost,0.8053437570891684,train
16029,Champions,United Kingdom,24.249138381201046,0.9686684073107049,147.48302872062663,57,0.0,692,0.144,Champions,0.7287753732365004,train
16030,At Risk,United Kingdom,2.3137931034482757,0.3103448275862069,9.758620689655173,28,0.0,0,0.0,At Risk,0.8200734138157137,test
16031,Loyal Customers,United Kingdom,2.7897000000000003,0.16,4.23,91,0.0,154,0.0,At Risk,0.5708271197161457,train
16032,Loyal Customers,United Kingdom,2.1187735849056604,0.1792452830188679,6.981132075471698,130,0.4716981132075472,67,0.0,Loyal Customers,0.5141412358293224,train
16033,Champions,United Kingdom,3.352082738944365,0.03495007132667618,3.05848787446505,605,0.37660485021398005,479,0.25,Champions,0.6742229691889624,train
16034,Loyal Customers,United Kingdom,2.335614035087719,0.45614035087719296,10.473684210526315,43,0.15789473684210525,213,0.14285714285714285,Loyal Customers,0.8764008263447058,test
16035,Hibernating or Lost,United Kingdom,7.772857142857142,0.0,1.5714285714285714,21,0.0,0,0.0,At Risk,0.6790364749681377,train
16036,Champions,United Kingdom,3.2760714285714285,0.30714285714285716,9.778571428571428,120,0.0,533,0.0,Champions,0.9785923498334637,train
16037,Loyal Customers,United Kingdom,3.022676056338028,0.5633802816901409,10.788732394366198,62,0.2535211267605634,378,0.2857142857142857,Loyal Customers,0.8187314163843398,train
16038,Loyal Customers,United Kingdom,3.19,0.46153846153846156,9.384615384615385,24,0.7307692307692307,194,0.25,At Risk,0.5212371617840363,train
16039,At Risk,United Kingdom,1.7359375,0.53125,12.78125,27,0.34375,204,0.3333333333333333,At Risk,0.5692895505234888,train
16040,Champions,United Kingdom,4.0395199999999996,0.344,9.48,95,0.0,544,0.125,Champions,0.6298972710469025,train
16041,Champions,United Kingdom,5.39,1.0,264.0,6,0.0,110,0.0,Hibernating or Lost,0.6005744235979578,train
16042,Champions,United Kingdom,2.976,0.46923076923076923,11.092307692307692,88,0.2846153846153846,431,0.2727272727272727,Loyal Customers,0.8187314163843398,test
16043,Champions,United Kingdom,4.140684931506849,0.5205479452054794,13.849315068493151,56,0.2465753424657534,444,0.0,Loyal Customers,0.8832240841388926,train
16044,Hibernating or Lost,United Kingdom,3.023157894736842,0.3684210526315789,8.947368421052632,19,0.0,0,0.0,At Risk,0.8456920669792868,test
16045,Champions,United Kingdom,2.7103378378378378,0.5945945945945946,14.243243243243244,111,0.18243243243243243,378,0.1111111111111111,Champions,0.7777605068924599,train
16046,Hibernating or Lost,United Kingdom,2.523181818181818,0.2727272727272727,11.272727272727273,22,0.0,0,0.0,At Risk,0.8200734138157137,train
16047,Hibernating or Lost,Other,107.14,0.0,1.0,1,0.0,0,0.0,Hibernating or Lost,0.6229781651543516,train
16048,Loyal Customers,United Kingdom,2.1134090909090912,0.6818181818181818,12.931818181818182,30,0.0,176,0.3333333333333333,At Risk,0.8389054355732848,train
16049,Loyal Customers,United Kingdom,2.294291417165669,0.03592814371257485,2.3253493013972055,383,0.6007984031936128,475,0.0,Champions,0.6352384448555851,train
16050,At Risk,United Kingdom,2.354761904761905,0.6666666666666666,18.476190476190474,19,0.7142857142857143,227,0.0,Loyal Customers,0.9062453534218612,train
16051,Hibernating or Lost,United Kingdom,2.6366666666666667,0.08333333333333333,6.666666666666667,12,0.0,0,0.0,Hibernating or Lost,0.7025009347304892,train
16052,At Risk,United Kingdom,2.4885294117647057,0.35294117647058826,8.294117647058824,34,1.0,0,0.0,At Risk,0.6779982120978826,train
16053,Champions,United Kingdom,3.352525773195876,0.36082474226804123,15.809278350515465,169,0.2268041237113402,578,0.25,Champions,0.9884661011514164,train
16054,Loyal Customers,United Kingdom,6.82639344262295,0.1885245901639344,6.483606557377049,109,0.7213114754098361,471,0.42857142857142855,Champions,0.6577401772566296,train
16055,At Risk,United Kingdom,8.9875,0.0,2.75,8,0.0,0,0.0,Hibernating or Lost,0.8053437570891684,train
16056,At Risk,United Kingdom,3.7658823529411762,0.14705882352941177,5.102941176470588,66,0.0,0,0.0,At Risk,0.611650916429058,test
16057,Champions,United Kingdom,3.7055045871559633,0.29357798165137616,7.756880733944954,175,0.10550458715596331,684,0.4117647058823529,Champions,0.9800666513585105,train
16058,Hibernating or Lost,United Kingdom,3.35,0.5,9.0,2,0.0,0,0.0,At Risk,0.5888990040447544,test
16059,Champions,United Kingdom,2.87654028436019,0.07345971563981042,3.575829383886256,233,0.23696682464454977,503,0.0,Champions,0.6352384448555851,train
16060,At Risk,United Kingdom,4.502083333333333,0.4583333333333333,10.125,22,0.0,93,0.0,At Risk,0.8564446663241873,test
16061,Hibernating or Lost,United Kingdom,11.383333333333333,0.3333333333333333,6.333333333333333,3,0.0,0,0.6666666666666666,At Risk,0.7763403132456486,train
16062,Champions,United Kingdom,2.696108108108108,0.6648648648648648,11.0,134,0.0,526,0.0,Champions,0.9809190454734944,test
16063,At Risk,United Kingdom,2.242608695652174,0.5217391304347826,11.391304347826088,23,0.0,0,0.0,At Risk,0.8373151763866855,train
16064,Hibernating or Lost,United Kingdom,2.647222222222222,0.05555555555555555,3.111111111111111,17,0.0,0,0.0,Hibernating or Lost,0.8147627841867663,train
16065,Champions,United Kingdom,2.0663972286374133,0.04387990762124711,3.3418013856812934,214,0.18937644341801385,97,0.2,Loyal Customers,0.5261593429904574,train
16066,Champions,United Kingdom,3.1003921568627453,0.2647058823529412,9.176470588235293,77,0.6078431372549019,107,0.0,Loyal Customers,0.6510238949798486,train
16067,Loyal Customers,United Kingdom,3.852054794520548,0.589041095890411,17.52054794520548,60,0.1506849315068493,112,0.5,At Risk,0.5145603037953757,test
16068,Hibernating or Lost,United Kingdom,2.5035897435897434,0.0,1.3333333333333333,34,1.0,0,0.0,At Risk,0.6311892606008653,train
16069,At Risk,United Kingdom,5.182,0.08,5.52,25,0.0,0,0.0,At Risk,0.6790364749681377,train
16070,Loyal Customers,United Kingdom,2.1045454545454545,0.696969696969697,13.848484848484848,32,0.0,9,0.0,At Risk,0.8233358072462033,train
16071,Loyal Customers,United Kingdom,2.4535616438356165,0.3835616438356164,9.547945205479452,62,0.0,610,0.0,Champions,0.774545527743185,train
16072,Loyal Customers,United Kingdom,3.9383093525179853,0.04316546762589928,2.897482014388489,414,0.0,260,0.0,Champions,0.5022067570673451,train
16073,At Risk,United Kingdom,2.55,1.0,48.0,1,0.0,0,0.5,At Risk,0.6690963625778594,train
16074,Hibernating or Lost,United Kingdom,7.621153846153846,0.0,1.5,23,1.0,0,0.0,At Risk,0.699121992610056,train
16075,At Risk,United Kingdom,4.703414634146341,0.2682926829268293,6.609756097560975,41,0.3902439024390244,61,0.3333333333333333,At Risk,0.6682171831858043,train
16076,Champions,United Kingdom,2.541007751937985,0.4806201550387597,11.124031007751938,71,0.12403100775193798,205,0.09090909090909091,At Risk,0.47609359423201725,train
16077,At Risk,United Kingdom,2.025,1.0,105.0,8,0.0,0,0.5,At Risk,0.6450182397136387,train
16078,At Risk,United Kingdom,2.133076923076923,0.07692307692307693,5.128205128205129,39,0.0,385,0.0,Loyal Customers,0.7563950384726024,train
16079,Champions,United Kingdom,2.9714285714285715,0.7619047619047619,41.142857142857146,18,0.5238095238095238,23,0.0,At Risk,0.5738627720252253,test
16080,Loyal Customers,United Kingdom,2.699,0.4,9.933333333333334,29,0.0,368,0.3333333333333333,Loyal Customers,0.9012952256697686,train
16081,Champions,United Kingdom,2.95328320802005,0.17293233082706766,5.62406015037594,235,0.0,618,0.0,Champions,0.9740101743543672,train
16082,Hibernating or Lost,United Kingdom,4.14375,0.0625,2.4375,16,1.0,0,0.0,Hibernating or Lost,0.7107953943248793,train
16083,Loyal Customers,United Kingdom,1.8340845070422536,0.6619718309859155,21.323943661971832,61,0.0,287,0.0,Loyal Customers,0.8704724511414116,train
16084,At Risk,United Kingdom,2.6457894736842107,0.23684210526315788,5.684210526315789,38,1.0,0,0.0,At Risk,0.6779982120978826,test
16085,Champions,United Kingdom,2.755718085106383,0.026595744680851064,3.6808510638297873,259,0.27393617021276595,664,0.07692307692307693,Champions,0.9740655364669074,train
16086,Champions,United Kingdom,3.1257664233576645,0.4233576642335766,11.138686131386862,66,0.0,677,0.09090909090909091,Champions,0.7613813838957879,train
16087,Loyal Customers,United Kingdom,2.41,1.0,66.4,6,0.0,300,0.0,Loyal Customers,0.6625890821436974,train
16088,At Risk,United Kingdom,4.359999999999999,1.0,62.166666666666664,3,0.0,15,0.0,Hibernating or Lost,0.6005744235979578,train
16089,At Risk,United Kingdom,3.2058,0.06,2.44,42,0.54,122,0.0,At Risk,0.6949360266619181,train
16090,Hibernating or Lost,United Kingdom,4.7165,0.05,3.25,18,0.0,0,0.0,Hibernating or Lost,0.8053437570891684,train
16091,At Risk,United Kingdom,2.841666666666667,0.2777777777777778,8.555555555555555,16,0.0,43,0.0,Hibernating or Lost,0.5068579629241098,train
16092,Loyal Customers,United Kingdom,2.116888888888889,0.6444444444444445,13.2,60,0.3,464,0.4,Loyal Customers,0.8789265493724953,train
16093,At Risk,United Kingdom,0.85,1.0,20.0,1,0.0,0,0.0,Hibernating or Lost,0.6625839037072621,test
16094,Champions,United Kingdom,4.315510204081633,0.4387755102040816,10.306122448979592,101,0.0,590,0.42105263157894735,Champions,0.7485712375720822,test
16095,At Risk,United Kingdom,2.4066666666666667,0.5666666666666667,8.833333333333334,30,0.0,0,0.0,At Risk,0.8059974635658709,train
16096,Loyal Customers,United Kingdom,7.075606060606061,0.45454545454545453,10.606060606060606,58,0.18181818181818182,380,0.0,Loyal Customers,0.8832240841388926,train
16097,At Risk,United Kingdom,5.359999999999999,0.5,8.7,10,0.0,0,0.0,Hibernating or Lost,0.4959737363081736,train
16098,Champions,United Kingdom,3.682576687116564,0.32515337423312884,13.190184049079754,83,0.0,637,0.0,Champions,0.7357540809716737,train
16099,Champions,United Kingdom,1.8508695652173914,0.5652173913043478,13.91304347826087,44,0.0,596,0.125,Loyal Customers,0.5715335840084844,train
16100,At Risk,United Kingdom,1.6881081081081082,0.7297297297297297,11.837837837837839,37,0.0,0,0.0,At Risk,0.8233358072462033,train
16101,Champions,United Kingdom,2.7966145833333336,0.2552083333333333,9.604166666666666,153,0.125,490,0.42857142857142855,Champions,0.7446533904860143,test
16102,Loyal Customers,United Kingdom,2.5987719298245615,0.7894736842105263,16.526315789473685,41,0.0,86,0.0,At Risk,0.7754822360979571,train
16103,Champions,United Kingdom,3.523,0.49,13.195,111,0.0,693,0.18518518518518517,Champions,0.981259281452183,train
16104,Champions,United Kingdom,3.583562231759657,0.08583690987124463,4.497854077253219,187,1.0,671,0.18181818181818182,Champions,0.9721425832198033,train
16105,Loyal Customers,United Kingdom,1.7637272727272726,0.7,19.318181818181817,92,0.0,355,0.0,Loyal Customers,0.8704724511414116,train
16106,At Risk,United Kingdom,1.5133333333333334,0.8333333333333334,12.333333333333334,6,0.0,0,0.0,Hibernating or Lost,0.5750626267462317,train
16107,Champions,United Kingdom,4.36483870967742,0.7096774193548387,37.935483870967744,16,0.25806451612903225,165,0.0,At Risk,0.495483946705618,train
16108,Loyal Customers,United Kingdom,2.760222222222222,0.5333333333333333,10.911111111111111,124,0.0,546,0.5,Champions,0.9863078406293203,train
16109,Loyal Customers,United Kingdom,1.2016129032258065,1.0,35.225806451612904,30,0.41935483870967744,479,0.25,Loyal Customers,0.9235015022489131,test
16110,Loyal Customers,United Kingdom,2.576948775055679,0.013363028953229399,2.0089086859688194,343,0.0,477,0.0,Champions,0.5998457545140751,train
16111,At Risk,United Kingdom,3.0548,0.05333333333333334,3.1466666666666665,72,0.0,0,0.0,At Risk,0.6313688337125513,test
16112,At Risk,United Kingdom,0.5575,0.625,35.875,15,0.0,195,0.0,Hibernating or Lost,0.6625839037072621,test
16113,At Risk,United Kingdom,2.6510000000000002,0.06666666666666667,5.866666666666666,30,0.0,0,0.0,At Risk,0.7498785253025309,test
16114,At Risk,United Kingdom,3.34375,0.0,5.375,8,0.0,0,0.0,Hibernating or Lost,0.7305408822328047,train
16115,Champions,United Kingdom,2.377289719626168,0.053738317757009345,3.7406542056074765,230,0.5887850467289719,564,0.0,Champions,0.9740655364669074,train
16116,At Risk,United Kingdom,4.36735294117647,0.35294117647058826,7.294117647058823,34,0.0,0,0.5,At Risk,0.8657381856703236,train
16117,Loyal Customers,United Kingdom,2.494494382022472,0.056179775280898875,3.606741573033708,64,0.0,401,0.25,Loyal Customers,0.8837325029159634,train
16118,At Risk,United Kingdom,2.763170731707317,0.8536585365853658,69.53658536585365,41,0.0,0,0.8,At Risk,0.7681353962562927,train
16119,Champions,United Kingdom,2.964259259259259,0.5925925925925926,15.018518518518519,37,0.16666666666666666,715,0.0,Champions,0.5855976598596897,train
16120,Champions,United Kingdom,1.6013684210526316,0.6526315789473685,23.210526315789473,84,0.0,362,0.14285714285714285,Loyal Customers,0.8704724511414116,train
16121,Loyal Customers,United Kingdom,2.0639275766016714,0.027855153203342618,2.498607242339833,256,0.6155988857938719,508,0.16666666666666666,Champions,0.9588644593642219,train
16122,Loyal Customers,United Kingdom,1.74421875,0.59375,21.84375,28,0.125,352,0.0,Loyal Customers,0.8036177146847769,train
16123,At Risk,United Kingdom,3.1075,0.625,10.625,16,0.0,0,0.0,At Risk,0.577171417163366,test
16124,Loyal Customers,United Kingdom,4.574634146341463,0.4268292682926829,9.71951219512195,63,0.3170731707317073,415,0.3333333333333333,Loyal Customers,0.8596087865199582,train
16125,Champions,United Kingdom,3.6038538205980064,0.15282392026578073,6.458471760797342,168,0.0,358,0.0,Champions,0.6397103353526308,train
16126,Champions,United Kingdom,3.2484334203655356,0.5300261096605744,16.036553524804177,144,0.044386422976501305,708,0.0,Champions,0.98518792681502,test
16127,Loyal Customers,United Kingdom,2.966266666666667,0.17333333333333334,5.213333333333333,75,0.4666666666666667,687,0.0,Champions,0.7105811890733159,test
16128,Champions,United Kingdom,2.328076923076923,0.5934065934065934,13.434065934065934,155,0.0,493,0.21428571428571427,Champions,0.7039127332095191,train
16129,Loyal Customers,United Kingdom,3.4642708333333334,0.65625,13.135416666666666,91,0.0,100,0.0,At Risk,0.5686030434233779,train
16130,Loyal Customers,United Kingdom,5.916727272727273,0.14545454545454545,5.381818181818182,53,0.0,195,0.0,At Risk,0.6904812178472649,train
16131,Champions,United Kingdom,3.047990867579909,0.7579908675799086,21.771689497716896,131,0.1004566210045662,686,0.2,Champions,0.9837839865153755,train
16132,At Risk,United Kingdom,4.526470588235294,0.6470588235294118,16.470588235294116,14,0.4117647058823529,83,0.0,At Risk,0.495483946705618,train
16133,Champions,United Kingdom,4.233547794117648,0.6066176470588235,25.097426470588236,303,0.07536764705882353,614,0.28205128205128205,Champions,0.9826318750096155,train
16134,Champions,United Kingdom,2.2329310344827586,0.6293103448275862,14.112068965517242,85,0.0,519,0.2857142857142857,Champions,0.7594687145263168,train
16135,At Risk,United Kingdom,3.47948717948718,0.5128205128205128,10.128205128205128,35,0.0,321,0.0,Loyal Customers,0.8701937413527897,train
16136,Loyal Customers,United Kingdom,2.3967391304347827,0.6521739130434783,14.652173913043478,44,0.1956521739130435,603,0.2,Champions,0.6035489793220519,test
16137,At Risk,United Kingdom,2.6964285714285716,0.35714285714285715,7.5,28,0.0,0,0.0,At Risk,0.8208232558852596,train
16138,Loyal Customers,United Kingdom,4.008108108108108,0.35135135135135137,20.91891891891892,35,0.0,212,0.25,Loyal Customers,0.8735288274121848,test
16139,Champions,United Kingdom,2.7759649122807017,0.5263157894736842,10.56140350877193,47,0.0,717,0.0,Champions,0.774545527743185,test
16140,Loyal Customers,United Kingdom,1.9935211267605633,0.6901408450704225,19.380281690140844,50,0.0,376,0.4,Loyal Customers,0.8597796442720461,train
16141,Loyal Customers,United Kingdom,5.1948,0.34,8.2,47,0.0,328,0.0,Loyal Customers,0.8946968414577486,train
16142,At Risk,United Kingdom,2.8767567567567567,0.5135135135135135,11.405405405405405,37,0.0,0,0.0,At Risk,0.8021283796886285,test
16143,Champions,United Kingdom,3.6481589958158995,0.28870292887029286,8.414225941422593,107,0.13389121338912133,726,0.25,Champions,0.9800666513585105,train
16144,At Risk,United Kingdom,10.95,1.0,16.0,1,0.0,0,0.0,Hibernating or Lost,0.6005744235979578,train
16145,Champions,United Kingdom,2.7634343434343434,0.49242424242424243,13.308080808080808,217,0.06565656565656566,575,0.3448275862068966,Champions,0.9863078406293203,train
16146,Loyal Customers,United Kingdom,2.1814634146341465,0.5609756097560976,13.268292682926829,34,0.0,291,0.0,Loyal Customers,0.8439112625566225,train
16147,Loyal Customers,United Kingdom,3.1163235294117646,0.4632352941176471,10.257352941176471,113,0.0,538,0.2857142857142857,Champions,0.9852790493222477,test
16148,At Risk,United Kingdom,2.04,1.0,27.77777777777778,9,0.0,140,0.5,At Risk,0.6450182397136387,train
16149,Loyal Customers,United Kingdom,1.0443333333333333,0.8,19.933333333333334,30,0.0,424,0.0,Loyal Customers,0.8036177146847769,train
16150,Champions,United Kingdom,3.123697478991597,0.3865546218487395,9.092436974789916,143,0.0,679,0.5,Champions,0.9825514741684045,train
16152,At Risk,United Kingdom,5.976206896551724,0.6551724137931034,22.137931034482758,29,0.0,0,0.0,At Risk,0.8173343332323036,train
16153,Champions,United Kingdom,2.6622123893805307,0.5132743362831859,16.34070796460177,161,0.04424778761061947,512,0.15384615384615385,Champions,0.9862242843067787,train
16155,At Risk,United Kingdom,3.4614583333333333,0.4166666666666667,10.3125,45,0.22916666666666666,158,0.16666666666666666,Loyal Customers,0.7119358352075399,train
16156,Champions,United Kingdom,2.7200760456273763,0.55893536121673,12.319391634980988,199,0.0,728,0.23076923076923078,Champions,0.9863078406293203,train
16157,Loyal Customers,United Kingdom,3.445555555555556,0.4444444444444444,19.27777777777778,12,0.0,56,0.25,At Risk,0.7872572958317398,train
16158,Loyal Customers,United Kingdom,7.056285714285714,0.14285714285714285,5.2,29,0.4,211,0.1,Loyal Customers,0.9135580453111495,test
16159,Loyal Customers,United Kingdom,3.329038461538462,0.5,12.211538461538462,31,0.0,455,0.2,Loyal Customers,0.8701937413527897,train
16160,Loyal Customers,United Kingdom,1.741,0.95,58.1,20,0.0,20,0.5,At Risk,0.833833798195812,train
16161,Champions,United Kingdom,2.8588341968911917,0.09326424870466321,5.509499136442142,458,0.05267702936096719,668,0.24561403508771928,Champions,0.9765065129176332,train
16162,At Risk,United Kingdom,9.35,0.0,2.0,2,0.0,0,0.0,Hibernating or Lost,0.8053437570891684,train
16163,Loyal Customers,United Kingdom,5.182876712328768,0.3698630136986301,10.520547945205479,59,0.0,505,0.5714285714285714,Champions,0.7485712375720822,test
16164,Loyal Customers,United Kingdom,2.433529411764706,0.6470588235294118,12.735294117647058,27,0.0,25,0.25,At Risk,0.7673231463505317,train
16165,Hibernating or Lost,United Kingdom,39.95,0.0,2.0,1,0.0,0,0.0,Hibernating or Lost,0.8053437570891684,train
16166,At Risk,United Kingdom,3.5700000000000003,0.4090909090909091,7.863636363636363,18,0.5454545454545454,263,0.5,Loyal Customers,0.8634087302255855,train
16167,Loyal Customers,United Kingdom,4.1814285714285715,0.3968253968253968,23.714285714285715,51,0.0,324,0.16666666666666666,Loyal Customers,0.8582072443860662,test
16168,Champions,United Kingdom,4.0575404530744335,0.4563106796116505,16.501618122977348,131,0.15210355987055016,726,0.0958904109589041,Champions,0.9797964374374841,train
16169,Champions,United Kingdom,2.0698823529411765,0.5411764705882353,15.588235294117647,71,0.3058823529411765,67,0.0,Loyal Customers,0.6239173510396508,train
16170,Champions,United Kingdom,1.9001136363636362,0.5931818181818181,13.763636363636364,254,0.1159090909090909,608,0.2,Champions,0.9695910852987902,train
16171,At Risk,United Kingdom,3.4166666666666665,0.3333333333333333,8.0,3,0.0,0,0.0,At Risk,0.5947845570931846,train
16172,Champions,United Kingdom,1.9620353982300887,0.49557522123893805,12.557522123893806,81,0.0,417,0.0,Loyal Customers,0.8895545673836586,train
16173,Champions,United Kingdom,4.0340476190476195,0.25,6.845238095238095,70,0.0,82,0.14285714285714285,At Risk,0.6984043884516892,train
16174,Loyal Customers,United Kingdom,2.4473846153846153,0.7076923076923077,22.015384615384615,28,0.0,476,0.0,Loyal Customers,0.8468870886107716,test
16175,Champions,United Kingdom,3.3553061224489795,0.5510204081632653,9.510204081632653,59,0.0,469,0.0,Loyal Customers,0.8729612708501394,train
16176,Loyal Customers,United Kingdom,3.585,0.5416666666666666,13.222222222222221,53,0.0,198,0.42857142857142855,Loyal Customers,0.6074326597460005,train
16177,Champions,United Kingdom,3.952627118644068,0.4915254237288136,8.652542372881356,79,0.0,596,0.3333333333333333,Champions,0.7145663398649381,test
16178,At Risk,United Kingdom,3.0992,0.56,12.16,24,0.32,263,0.0,Loyal Customers,0.9224450613117298,train
16179,At Risk,United Kingdom,3.732727272727273,0.36363636363636365,9.0,11,0.0,0,0.0,At Risk,0.5947845570931846,test
16180,Champions,United Kingdom,2.2343119266055047,0.6880733944954128,30.009174311926607,171,0.07339449541284404,434,0.1875,Champions,0.6510498014533858,test
16181,At Risk,United Kingdom,2.411818181818182,0.45454545454545453,13.818181818181818,11,0.0,0,0.0,At Risk,0.5378948354889166,train
16182,Champions,United Kingdom,1.8494117647058823,0.9607843137254902,115.43137254901961,20,0.0784313725490196,568,0.0,Loyal Customers,0.5329303934415414,train
16183,Loyal Customers,United Kingdom,3.8909756097560977,0.2682926829268293,8.560975609756097,32,0.0,340,0.0,Loyal Customers,0.7940006714673897,test
16184,Loyal Customers,United Kingdom,4.008,0.4888888888888889,12.466666666666667,26,0.0,147,0.14285714285714285,At Risk,0.8564446663241873,train
16185,Loyal Customers,United Kingdom,3.2009999999999996,0.325,8.025,39,0.0,547,0.0,Loyal Customers,0.5495628962140633,train
16186,Champions,United Kingdom,1.916095238095238,0.5885714285714285,13.0,172,0.03619047619047619,707,0.13333333333333333,Champions,0.9695910852987902,train
16187,Champions,United Kingdom,2.1664745762711863,0.6610169491525424,17.11186440677966,160,0.1152542372881356,252,0.11764705882352941,Champions,0.6510498014533858,train
16188,Loyal Customers,United Kingdom,2.3704054054054056,0.5405405405405406,11.324324324324325,72,0.0,364,0.16666666666666666,Loyal Customers,0.8514693798878483,train
16189,Loyal Customers,United Kingdom,3.9436363636363634,0.6363636363636364,12.181818181818182,9,0.0,69,0.0,Hibernating or Lost,0.508902716968125,test
16190,Champions,United Kingdom,4.367647058823529,0.40336134453781514,10.344537815126051,89,0.05042016806722689,685,0.0,Champions,0.6990749762353027,test
16191,Champions,United Kingdom,2.644549356223176,0.8326180257510729,40.17167381974249,113,0.0,725,0.4,Champions,0.9881638809913595,train
16192,At Risk,United Kingdom,2.083636363636364,0.8181818181818182,18.90909090909091,11,0.0,0,0.0,Hibernating or Lost,0.6625839037072621,train
16193,At Risk,United Kingdom,2.693157894736842,0.5,9.973684210526315,38,0.5,174,0.0,At Risk,0.6022814389492007,train
16194,At Risk,United Kingdom,5.3875,0.75,17.5,8,0.0,0,0.0,Hibernating or Lost,0.6005744235979578,train
16195,Hibernating or Lost,United Kingdom,3.3312500000000003,0.375,7.6875,16,0.0,0,0.0,At Risk,0.5888990040447544,train
16196,Hibernating or Lost,United Kingdom,3.7125,0.0,6.5,4,1.0,0,0.0,At Risk,0.4999588719419993,train
16197,Loyal Customers,United Kingdom,3.235698924731183,0.6236559139784946,15.268817204301076,52,0.0,254,0.0,Loyal Customers,0.8371584094135806,test
16198,Loyal Customers,United Kingdom,3.7985151515151516,0.6060606060606061,11.636363636363637,31,0.45454545454545453,362,0.0,Loyal Customers,0.9204261278297314,train
16199,Loyal Customers,United Kingdom,3.34,0.8,32.1,2,0.1,238,0.0,Loyal Customers,0.6423924882473523,train
16200,Champions,United Kingdom,2.833859649122807,0.11802232854864433,4.926634768740032,361,0.11961722488038277,732,0.07692307692307693,Champions,0.9701483488954694,train
16201,Champions,United Kingdom,2.197177419354839,0.3548387096774194,11.459677419354838,86,0.0,412,0.16666666666666666,Loyal Customers,0.8959941324835589,train
16202,Champions,United Kingdom,4.036209677419355,0.4274193548387097,10.540322580645162,105,0.0,376,0.18181818181818182,Champions,0.6379832117589825,train
16203,Loyal Customers,United Kingdom,2.7367532467532465,0.33766233766233766,7.883116883116883,56,0.0,445,0.14285714285714285,Loyal Customers,0.8780938454915321,train
16204,Champions,United Kingdom,2.2177272727272728,0.12727272727272726,6.236363636363636,86,0.0,707,0.25,Champions,0.634229045843283,train
16205,Champions,United Kingdom,2.26765,0.13,7.275,147,0.0,511,0.0,Champions,0.9569903016685691,train
16206,Champions,United Kingdom,3.0435245901639343,0.20901639344262296,5.672131147540983,187,0.7131147540983607,629,0.07142857142857142,Champions,0.9779856337643557,train
16207,Loyal Customers,United Kingdom,4.256842105263158,0.21052631578947367,7.368421052631579,19,0.0,0,0.0,At Risk,0.8607784496184314,train
16208,Champions,United Kingdom,3.403201581027668,0.1383399209486166,6.090909090909091,180,0.3241106719367589,608,0.0,Champions,0.9779856337643557,train
16209,Champions,United Kingdom,2.9779104477611944,0.6417910447761194,28.28358208955224,51,0.0,458,0.0,Loyal Customers,0.8371584094135806,train
16210,Champions,United Kingdom,3.9709608540925263,0.6014234875444839,50.75800711743772,145,0.0,735,0.05405405405405406,Champions,0.9778880687222996,test
16211,Loyal Customers,United Kingdom,3.37,0.2222222222222222,14.416666666666666,35,0.0,349,0.25,Loyal Customers,0.8853748149639191,train
16212,Champions,United Kingdom,4.003461538461538,0.19230769230769232,7.32051282051282,71,0.3333333333333333,650,0.2,Champions,0.6640751011780958,train
16213,At Risk,United Kingdom,3.8166666666666664,0.3333333333333333,8.0,6,0.0,0,0.0,At Risk,0.5947845570931846,train
16214,Loyal Customers,United Kingdom,3.8806122448979594,0.47959183673469385,13.346938775510203,84,0.0,264,0.0,Loyal Customers,0.8816832699760822,test
16215,At Risk,United Kingdom,4.285714285714286,0.42857142857142855,7.428571428571429,14,0.0,0,0.0,Hibernating or Lost,0.4959737363081736,train
16216,At Risk,United Kingdom,8.991621621621622,0.21621621621621623,6.864864864864865,37,0.0,0,0.0,At Risk,0.8607784496184314,train
16217,At Risk,United Kingdom,4.21,0.26666666666666666,6.066666666666666,13,0.0,46,0.5,At Risk,0.7763403132456486,train
16218,Champions,United Kingdom,1.6021341463414633,0.7621951219512195,19.73780487804878,82,0.12195121951219512,531,0.3157894736842105,Champions,0.7594687145263168,test
16219,Hibernating or Lost,United Kingdom,0.85,1.0,48.0,1,0.0,0,0.0,Hibernating or Lost,0.6625839037072621,train
16221,Champions,United Kingdom,2.8813740458015267,0.1183206106870229,5.782442748091603,177,0.05343511450381679,449,0.1,Champions,0.6235349152343552,train
16222,Loyal Customers,United Kingdom,3.4654375,0.05,3.14375,133,0.0,402,0.0,Champions,0.5817880101099283,test
16223,Loyal Customers,United Kingdom,2.7111111111111112,0.047619047619047616,5.166666666666667,101,0.0,20,0.0,At Risk,0.5782410539002637,test
16224,Loyal Customers,United Kingdom,2.4400000000000004,0.6379310344827587,13.405172413793103,107,0.0,330,0.0,Champions,0.7039127332095191,train
16225,Champions,United Kingdom,2.7674172185430463,0.07947019867549669,4.254966887417218,189,0.052980132450331126,625,0.16666666666666666,Champions,0.9701483488954694,test
16226,Loyal Customers,United Kingdom,1.79,0.7741935483870968,16.806451612903224,23,0.0,210,0.0,At Risk,0.7850858886768727,train
16227,Loyal Customers,United Kingdom,3.078823529411765,0.6176470588235294,12.823529411764707,28,0.0,310,0.5,Loyal Customers,0.8947151356952735,test
16228,At Risk,United Kingdom,2.9223636363636363,0.2545454545454545,10.2,45,0.0,14,0.25,Loyal Customers,0.6004596599567795,test
16229,Champions,United Kingdom,2.687215909090909,0.16477272727272727,7.340909090909091,144,0.0,477,0.14285714285714285,Champions,0.6566684130847887,train
16230,At Risk,United Kingdom,1.9505714285714284,0.4,10.428571428571429,32,0.0,30,0.0,At Risk,0.8373151763866855,train
16231,Loyal Customers,United Kingdom,2.241089108910891,0.09900990099009901,5.584158415841584,69,0.0,218,0.0,Loyal Customers,0.9035836186682284,train
16232,Champions,United Kingdom,2.1703809523809525,0.6,17.60952380952381,60,0.18095238095238095,506,0.3,Champions,0.7850900537360093,train
16233,Champions,United Kingdom,4.2758666666666665,0.26666666666666666,9.186666666666667,49,0.09333333333333334,666,0.25,Champions,0.6859952626420271,train
16234,At Risk,United Kingdom,3.058,0.4666666666666667,11.333333333333334,13,0.0,85,0.25,At Risk,0.8209144918055121,train
16235,Champions,United Kingdom,5.1359130434782605,0.24347826086956523,6.852173913043479,80,0.0782608695652174,429,0.18181818181818182,Loyal Customers,0.8946968414577486,train
16236,At Risk,United Kingdom,2.8775000000000004,0.55,9.2,20,0.0,0,0.0,At Risk,0.8059974635658709,test
16237,Hibernating or Lost,United Kingdom,4.128571428571428,0.14285714285714285,8.142857142857142,7,0.0,0,0.0,At Risk,0.4984835712030462,train
16238,Hibernating or Lost,United Kingdom,0.8083333333333332,1.0,14.166666666666666,6,0.0,0,0.0,Hibernating or Lost,0.6625839037072621,train
16239,Loyal Customers,United Kingdom,2.4257142857142857,0.7142857142857143,19.771428571428572,24,0.0,406,0.14285714285714285,Loyal Customers,0.8468870886107716,test
16240,Champions,United Kingdom,4.088148148148148,0.5185185185185185,12.155555555555555,126,0.0,53,0.6,Champions,0.472216784397579,train
16241,Champions,United Kingdom,2.364164989939638,0.04124748490945674,2.391348088531187,500,0.34004024144869216,400,0.0,Champions,0.6352384448555851,test
16242,Champions,United Kingdom,2.7232111436950146,0.12463343108504399,5.799120234604105,348,0.08064516129032258,625,0.2222222222222222,Champions,0.9786792479870698,train
16243,Loyal Customers,United Kingdom,5.841372549019608,0.0,2.156862745098039,49,1.0,21,0.0,Loyal Customers,0.4668812028183201,train
16244,Loyal Customers,United Kingdom,2.594220779220779,0.45454545454545453,9.571428571428571,88,0.0,160,0.0,At Risk,0.47609359423201725,train
16245,Champions,United Kingdom,2.924444444444444,0.5222222222222223,11.266666666666667,80,0.0,233,0.4,Loyal Customers,0.8255364234234961,train
16246,At Risk,United Kingdom,2.893258426966292,0.06741573033707865,3.797752808988764,79,0.0,209,0.0,At Risk,0.5782410539002637,test
16247,At Risk,United Kingdom,2.7112499999999997,0.25,11.375,16,0.0,0,0.0,At Risk,0.5442529912069115,train
16248,At Risk,United Kingdom,2.0314285714285716,0.8571428571428571,11.142857142857142,7,1.0,0,0.0,At Risk,0.5175554567972127,test
16249,Loyal Customers,United Kingdom,3.4831884057971014,0.5217391304347826,13.768115942028986,67,0.07246376811594203,186,0.0,At Risk,0.5118624674150901,train
16250,Loyal Customers,United Kingdom,3.576326530612245,0.40816326530612246,7.673469387755102,29,0.0,125,0.0,At Risk,0.8456920669792868,train
16251,Hibernating or Lost,United Kingdom,3.0309999999999997,0.0,2.2,20,0.0,0,0.0,At Risk,0.7386192680994106,train
16252,Hibernating or Lost,United Kingdom,3.195238095238095,0.19047619047619047,7.523809523809524,21,0.0,0,0.5,At Risk,0.817850804346037,train
16253,Champions,United Kingdom,1.962317880794702,0.6920529801324503,20.06953642384106,218,0.0,664,0.2222222222222222,Champions,0.9810640772469079,train
16254,Loyal Customers,United Kingdom,3.1521333333333335,0.14666666666666667,7.32,65,0.0,253,0.0,Loyal Customers,0.8823249656131642,train
16255,Champions,United Kingdom,3.0870093457943923,0.14018691588785046,5.700934579439252,231,0.3925233644859813,668,0.21052631578947367,Champions,0.9779856337643557,train
16256,Loyal Customers,United Kingdom,4.030344827586207,0.7586206896551724,54.827586206896555,27,0.0,331,0.25,Loyal Customers,0.8663519014157035,test
16257,At Risk,United Kingdom,23.475,0.0,1.0,2,0.0,0,0.0,Hibernating or Lost,0.8053437570891684,train
16258,Champions,United Kingdom,2.6555232558139537,0.6162790697674418,20.930232558139537,253,0.06686046511627906,593,0.0625,Champions,0.984917761558242,train
16259,At Risk,United Kingdom,2.7467741935483874,0.0,1.7419354838709677,75,0.0,194,0.0,At Risk,0.5782410539002637,train
16260,Loyal Customers,United Kingdom,5.366666666666666,0.4444444444444444,17.27777777777778,18,0.0,0,0.0,Hibernating or Lost,0.5157906567635884,train
16261,Champions,United Kingdom,3.064464285714286,0.05357142857142857,2.732142857142857,118,0.1488095238095238,425,0.0,Champions,0.5817880101099283,test
16262,At Risk,United Kingdom,3.0539130434782606,0.4782608695652174,9.695652173913043,46,0.0,0,0.6666666666666666,Loyal Customers,0.6074326597460005,train
16263,At Risk,United Kingdom,2.535833333333333,0.2916666666666667,8.333333333333334,19,0.0,0,0.0,At Risk,0.8208232558852596,train
16264,At Risk,United Kingdom,2.5074242424242428,0.3181818181818182,9.575757575757576,62,0.5454545454545454,7,0.0,Loyal Customers,0.7065030826622762,train
16265,Champions,United Kingdom,4.269495548961424,0.3857566765578635,9.537091988130564,192,0.05934718100890208,398,0.2,Champions,0.6379832117589825,train
16266,Champions,United Kingdom,4.2930275229357795,0.21100917431192662,7.256880733944954,73,0.0,599,0.0,Champions,0.6298972710469025,train
16267,Hibernating or Lost,United Kingdom,1.2457142857142858,0.8571428571428571,28.285714285714285,7,0.0,0,0.0,Hibernating or Lost,0.6625839037072621,train
16268,Loyal Customers,United Kingdom,4.259111111111111,0.5555555555555556,11.844444444444445,45,0.0,0,0.0,At Risk,0.6196585791569648,train
16269,At Risk,United Kingdom,2.3118867924528304,0.5660377358490566,10.924528301886792,53,0.0,0,0.5,Loyal Customers,0.629030051403094,train
16270,At Risk,United Kingdom,3.222777777777778,0.48148148148148145,12.74074074074074,54,0.0,0,0.0,At Risk,0.5118624674150901,train
16271,Champions,United Kingdom,1.9276065573770491,0.18360655737704917,7.865573770491803,176,0.33114754098360655,640,0.09090909090909091,Champions,0.9674022571261007,train
16272,At Risk,United Kingdom,1.7372,0.12,8.96,25,0.0,0,0.0,At Risk,0.7406935537148845,test
16273,At Risk,United Kingdom,7.74625,0.0,2.875,15,0.9375,7,0.0,Hibernating or Lost,0.7107953943248793,train
16274,At Risk,United Kingdom,4.277611940298508,0.08955223880597014,2.3134328358208953,64,0.0,0,0.0,At Risk,0.6745487483719981,train
16275,Loyal Customers,United Kingdom,3.7185585585585583,0.5225225225225225,11.423423423423424,105,0.40540540540540543,444,0.0,Champions,0.7372621612930278,test
16276,Loyal Customers,United Kingdom,2.6469230769230774,0.7692307692307693,56.42307692307692,20,0.46153846153846156,430,0.0,Loyal Customers,0.9062453534218612,train
16277,Hibernating or Lost,United Kingdom,6.521304347826088,0.0,1.434782608695652,23,1.0,0,0.0,At Risk,0.699121992610056,train
16278,Loyal Customers,United Kingdom,7.549818181818182,0.2545454545454545,6.218181818181818,50,0.0,399,0.5714285714285714,Loyal Customers,0.892988418677923,train
16279,Champions,United Kingdom,2.517191977077364,0.3982808022922636,10.57593123209169,243,0.0,575,0.1,Champions,0.9825654733277243,train
16280,Hibernating or Lost,United Kingdom,3.80625,0.3125,6.3125,16,0.0,0,0.0,At Risk,0.5947845570931846,train
16281,Champions,United Kingdom,2.4815384615384617,0.8461538461538461,40.256410256410255,27,0.0,610,0.25,Champions,0.6262741487990494,train
16282,Loyal Customers,United Kingdom,3.4833333333333334,0.6060606060606061,23.939393939393938,31,0.0,378,0.0,Loyal Customers,0.8385187298486457,train
16283,Champions,United Kingdom,2.3338954468802697,0.10792580101180438,4.871838111298482,385,0.7740303541315345,643,0.3333333333333333,Champions,0.9795888182470818,train
16284,Loyal Customers,United Kingdom,2.107410071942446,0.10071942446043165,4.913669064748201,108,0.0,362,0.0,Loyal Customers,0.5111718900434721,train
16285,Hibernating or Lost,United Kingdom,2.987096774193548,0.0,1.935483870967742,31,0.0,0,0.0,At Risk,0.7386192680994106,train
16286,At Risk,United Kingdom,4.167647058823529,0.11764705882352941,5.9411764705882355,17,0.0,146,0.5,At Risk,0.6251529055014828,train
16287,Loyal Customers,United Kingdom,2.143809523809524,0.6666666666666666,33.95238095238095,18,0.19047619047619047,519,0.0,Champions,0.6067566085676112,train
16288,Hibernating or Lost,United Kingdom,8.721428571428572,0.0,2.7142857142857144,7,0.0,0,0.0,Hibernating or Lost,0.8053437570891684,test
16289,Hibernating or Lost,United Kingdom,1.8066666666666666,0.14285714285714285,4.619047619047619,21,0.0,0,0.5,At Risk,0.8418543204601747,train
16290,Loyal Customers,United Kingdom,5.243816793893131,0.1984732824427481,7.641221374045801,85,0.9770992366412213,101,0.0,Loyal Customers,0.5559412798332453,train
16291,Hibernating or Lost,Portugal,117.72,0.0,1.0,1,0.0,0,0.0,Hibernating or Lost,0.8551488738442513,train
16292,Loyal Customers,United Kingdom,4.495483870967742,0.41935483870967744,11.096774193548388,51,0.14516129032258066,482,0.4444444444444444,Loyal Customers,0.8689505082547436,train
16293,Champions,United Kingdom,4.01460580912863,0.3983402489626556,8.390041493775934,168,0.0,707,0.21052631578947367,Champions,0.9697973294441601,train
16294,Hibernating or Lost,United Kingdom,2.71875,0.125,6.75,8,0.0,0,0.0,Hibernating or Lost,0.7025009347304892,train
16295,Champions,United Kingdom,3.7668354430379747,0.45569620253164556,10.645569620253164,70,0.0,54,0.0,At Risk,0.5118624674150901,train
16296,Loyal Customers,United Kingdom,3.219864864864865,0.3783783783783784,8.716216216216216,56,0.0,95,0.3333333333333333,Loyal Customers,0.5648063316687558,train
16297,At Risk,United Kingdom,2.7915,0.4,10.3,20,0.0,0,0.75,At Risk,0.7294524478311958,train
16298,Champions,United Kingdom,4.7376595744680845,0.2553191489361702,6.553191489361702,32,0.10638297872340426,419,0.2222222222222222,Loyal Customers,0.8742024095326586,train
16299,Hibernating or Lost,United Kingdom,2.891666666666667,0.5,8.916666666666666,12,0.0,0,0.5,At Risk,0.7373369393419407,train
16300,Loyal Customers,United Kingdom,2.538714859437751,0.040160642570281124,2.642570281124498,190,0.0,245,0.0,Champions,0.5998457545140751,train
16301,Hibernating or Lost,United Kingdom,3.3233333333333337,0.3333333333333333,6.833333333333333,6,0.0,0,0.0,At Risk,0.5947845570931846,test
16302,At Risk,United Kingdom,1.7618181818181817,0.6363636363636364,14.363636363636363,11,0.0,0,0.5,At Risk,0.6450182397136387,train
16303,Champions,United Kingdom,3.0531118881118884,0.5454545454545454,13.493006993006993,156,0.0,605,0.2222222222222222,Champions,0.9852790493222477,train
16304,At Risk,United Kingdom,2.7604,0.4,9.12,25,0.0,0,0.0,At Risk,0.8059974635658709,train
16305,At Risk,United Kingdom,1.6831818181818183,0.45454545454545453,11.636363636363637,22,1.0,0,0.0,At Risk,0.7092830695530791,train
16306,Loyal Customers,United Kingdom,2.122608695652174,0.5797101449275363,10.753623188405797,55,0.0,221,0.3,Loyal Customers,0.8781923722871217,train
16307,Loyal Customers,United Kingdom,1.8333333333333333,0.6666666666666666,14.973333333333333,69,0.0,147,0.0,At Risk,0.6502418834660041,train
16308,Champions,United Kingdom,0.32,1.0,2285.714285714286,1,0.0,686,0.0,Champions,0.5440678580703685,train
16309,At Risk,United Kingdom,2.4180952380952383,0.5476190476190477,11.119047619047619,39,0.0,134,0.3333333333333333,At Risk,0.7294524478311958,train
16310,At Risk,United Kingdom,3.1278571428571427,0.5714285714285714,9.642857142857142,26,0.42857142857142855,227,0.0,Loyal Customers,0.9224450613117298,train
16311,Loyal Customers,United Kingdom,2.4735135135135136,0.5405405405405406,10.64864864864865,35,0.0,31,0.0,At Risk,0.8021283796886285,train
16312,Hibernating or Lost,United Kingdom,5.62,0.1,5.3,10,1.0,0,0.0,Hibernating or Lost,0.7107953943248793,train
16313,Loyal Customers,United Kingdom,3.098125,0.3125,10.3125,16,0.0,46,0.0,At Risk,0.6554986189036304,test
16314,Loyal Customers,United Kingdom,3.6217741935483874,0.4838709677419355,10.258064516129032,58,0.0,83,0.0,At Risk,0.5118624674150901,train
16315,At Risk,United Kingdom,4.886521739130435,0.21739130434782608,6.217391304347826,21,0.0,205,0.0,At Risk,0.8607784496184314,train
16316,Champions,United Kingdom,4.2712121212121215,0.4983164983164983,10.292929292929292,193,0.0,428,0.3157894736842105,Champions,0.693375570973197,test
16317,Loyal Customers,United Kingdom,3.697179487179487,0.4444444444444444,10.564102564102564,103,0.0,465,0.16666666666666666,Champions,0.7078234355232489,test
16318,At Risk,United Kingdom,2.473684210526316,0.42105263157894735,10.473684210526315,19,0.0,0,0.0,At Risk,0.8021283796886285,train
16319,At Risk,United Kingdom,5.616666666666667,1.0,24.0,3,0.0,0,0.0,Hibernating or Lost,0.6005744235979578,train
16320,Loyal Customers,Other,2.9297510373443987,0.6141078838174274,13.771784232365146,193,0.3153526970954357,509,0.25,Champions,0.9867154765696015,test
16321,Loyal Customers,Other,2.9217391304347826,0.6086956521739131,11.26086956521739,15,0.0,666,0.3,Champions,0.6784966538587778,test
16322,Loyal Customers,United Kingdom,2.437837837837838,0.32432432432432434,6.243243243243243,28,0.0,35,0.0,At Risk,0.8208232558852596,train
16323,At Risk,United Kingdom,2.335,1.0,36.5,4,0.0,381,0.0,Loyal Customers,0.6625890821436974,test
16324,Loyal Customers,United Kingdom,2.1305932203389832,0.0423728813559322,2.389830508474576,100,0.0,48,0.0,At Risk,0.6439543522648258,train
16325,Champions,United Kingdom,2.5881159420289856,0.7028985507246377,17.855072463768117,104,0.07971014492753623,688,0.29411764705882354,Champions,0.9881638809913595,train
16326,Champions,United Kingdom,5.159737373737374,0.00404040404040404,2.2626262626262625,243,0.8404040404040404,674,0.07692307692307693,Champions,0.9621997230560563,test
16327,Champions,United Kingdom,2.126948257655755,0.19429778247096094,9.017951425554383,289,0.2006335797254488,711,0.2,Champions,0.9674022571261007,train
16328,Hibernating or Lost,United Kingdom,2.879375,0.375,8.8125,16,0.0,0,0.0,Hibernating or Lost,0.5096815370698696,train
16329,Loyal Customers,United Kingdom,2.2677391304347827,0.2608695652173913,7.182608695652174,83,0.0,311,0.0,Loyal Customers,0.9011724327482624,train
16330,Champions,United Kingdom,2.5204237288135594,0.025423728813559324,2.7711864406779663,105,0.0,644,0.125,Champions,0.9701483488954694,train
16331,Loyal Customers,United Kingdom,4.917647058823529,0.47058823529411764,22.235294117647058,33,0.7647058823529411,210,0.0,At Risk,0.7212297892516037,train
16332,Champions,United Kingdom,2.86356783919598,0.1658291457286432,5.688442211055277,158,0.10050251256281408,561,0.15384615384615385,Champions,0.9764092050776733,train
16333,Champions,United Kingdom,1.0662222222222224,1.0,715.2,9,0.0,302,0.0,Loyal Customers,0.5664796629088443,train
16334,Hibernating or Lost,United Kingdom,2.7582758620689654,0.034482758620689655,3.6379310344827585,54,0.0,0,0.0,At Risk,0.5782410539002637,train
16335,Loyal Customers,United Kingdom,3.475710382513661,0.01092896174863388,2.7759562841530054,193,0.5,184,0.125,Loyal Customers,0.48891135866633423,train
16336,Loyal Customers,United Kingdom,3.6788235294117646,0.6911764705882353,21.66176470588235,64,0.0,211,0.0,Loyal Customers,0.8371584094135806,test
16337,At Risk,United Kingdom,3.04,0.5,8.7,10,0.0,0,0.0,At Risk,0.5888990040447544,train
16338,At Risk,United Kingdom,3.7345454545454544,0.2727272727272727,8.545454545454545,11,0.0,0,0.0,At Risk,0.5947845570931846,train
16339,At Risk,United Kingdom,5.2575,0.0,1.15,17,0.0,0,0.0,Hibernating or Lost,0.8053437570891684,train
16340,Loyal Customers,United Kingdom,1.5927851458885942,0.05570291777188329,3.5676392572944295,277,0.5941644562334217,444,0.0,Champions,0.5190670437087724,train
16341,Champions,United Kingdom,1.7100632911392404,0.6772151898734177,19.126582278481013,103,0.18354430379746836,584,0.3,Champions,0.9835608252930538,train
16342,Loyal Customers,United Kingdom,5.6033333333333335,0.3333333333333333,10.466666666666667,10,0.4,104,0.0,At Risk,0.6491616281533729,train
16343,Loyal Customers,United Kingdom,2.955,0.10465116279069768,4.906976744186046,54,0.0,391,0.0,Loyal Customers,0.892106178311767,test
16344,Loyal Customers,United Kingdom,2.009130434782609,0.717391304347826,15.347826086956522,43,0.5434782608695652,510,0.0,Loyal Customers,0.5085402530091717,train
16345,Loyal Customers,United Kingdom,3.1955855855855853,0.11711711711711711,5.585585585585585,95,0.0,438,0.0,Loyal Customers,0.8942440043812727,train
16346,Hibernating or Lost,United Kingdom,1.462,0.9333333333333333,19.266666666666666,15,0.0,0,0.0,Hibernating or Lost,0.6625839037072621,test
16347,Champions,United Kingdom,3.3908757062146897,0.09887005649717515,4.943502824858757,209,0.0,626,0.15384615384615385,Champions,0.9679373006859754,train
16348,Champions,United Kingdom,2.7016917293233083,0.10150375939849623,4.428571428571429,180,0.0,398,0.0,Champions,0.5998457545140751,test
16349,At Risk,United Kingdom,5.944444444444445,0.0,1.0,9,0.0,0,0.0,Hibernating or Lost,0.8053437570891684,train
16350,Champions,United Kingdom,3.715901639344262,0.38524590163934425,8.827868852459016,72,0.0,406,0.25,Loyal Customers,0.8550257888401521,train
16351,Champions,United Kingdom,2.054491978609626,0.4385026737967914,11.577540106951872,124,0.0427807486631016,402,0.2777777777777778,Champions,0.6743706472594453,train
16352,Loyal Customers,United Kingdom,1.9617857142857142,0.5714285714285714,10.714285714285714,28,0.0,20,0.0,At Risk,0.8373151763866855,train
16353,Champions,United Kingdom,2.58,0.8505747126436781,20.29310344827586,76,0.08620689655172414,728,0.07317073170731707,Champions,0.7990968564501582,train
16354,Loyal Customers,United Kingdom,2.7296478873239436,0.06338028169014084,4.21830985915493,116,0.0,528,0.0,Champions,0.9701483488954694,test
16355,At Risk,United Kingdom,3.192083333333333,0.0625,3.7291666666666665,47,0.0,0,0.5,At Risk,0.499436171905699,train
16356,Loyal Customers,United Kingdom,2.1684745762711866,0.0,3.2203389830508473,27,0.4745762711864407,354,0.14285714285714285,Loyal Customers,0.905853779200125,train
16357,Loyal Customers,United Kingdom,3.843191489361702,0.40425531914893614,8.27659574468085,43,0.46808510638297873,347,0.0,Loyal Customers,0.9188693300518224,train
16358,Champions,United Kingdom,1.8984415584415586,0.551948051948052,13.409090909090908,118,0.0,393,0.16666666666666666,Champions,0.6174757746577748,train
16359,Champions,United Kingdom,5.84136,0.392,14.112,78,0.344,654,0.2,Champions,0.7737614747056438,test
16360,Champions,United Kingdom,2.278761329305136,0.04078549848942598,3.2386706948640485,365,0.22205438066465258,83,0.25,Loyal Customers,0.5377847896528131,train
16361,Loyal Customers,United Kingdom,3.087735849056604,0.07547169811320754,3.9716981132075473,87,0.16981132075471697,61,0.0,Loyal Customers,0.5798402326660045,train
16362,Loyal Customers,United Kingdom,2.8398936170212763,0.1702127659574468,5.085106382978723,67,0.0,405,0.45454545454545453,Loyal Customers,0.8720331935850563,train
16363,At Risk,United Kingdom,2.9560000000000004,0.8,10.4,5,0.0,0,0.0,At Risk,0.577171417163366,train
16364,Loyal Customers,United Kingdom,3.453584905660377,0.1320754716981132,5.283018867924528,48,0.0,125,0.0,At Risk,0.6313688337125513,train
16365,Champions,United Kingdom,4.71023076923077,0.2153846153846154,8.73076923076923,97,0.0,710,0.0625,Champions,0.6298972710469025,test
16366,Champions,United Kingdom,3.1624358974358975,0.47435897435897434,11.307692307692308,74,0.0,704,0.0,Champions,0.7613813838957879,train
16367,Loyal Customers,United Kingdom,2.0137554585152837,0.048034934497816595,4.877729257641922,196,0.5938864628820961,345,0.0,Champions,0.5190670437087724,train
16368,Loyal Customers,United Kingdom,2.607040816326531,0.05102040816326531,3.2346938775510203,74,0.0,433,0.0,Loyal Customers,0.892106178311767,train
16369,Champions,United Kingdom,2.731411764705882,0.3,9.376470588235295,115,0.0,592,0.0,Champions,0.9764092050776733,test
16370,Loyal Customers,United Kingdom,2.8847368421052635,0.013157894736842105,2.837719298245614,143,0.5219298245614035,142,0.0,Loyal Customers,0.4790925992139787,train
16371,Hibernating or Lost,United Kingdom,3.686363636363636,0.5454545454545454,9.818181818181818,11,0.0,0,0.0,At Risk,0.6489482792953484,train
16372,Loyal Customers,United Kingdom,2.317267267267267,0.03003003003003003,2.2462462462462462,271,0.35735735735735735,573,0.16666666666666666,Champions,0.9740655364669074,train
16373,At Risk,United Kingdom,2.88448275862069,0.13793103448275862,4.103448275862069,25,0.8620689655172413,29,0.0,At Risk,0.6633805171544711,train
16374,Loyal Customers,United Kingdom,3.0047206703910616,0.025139664804469275,2.2346368715083798,276,0.0,522,0.0,Champions,0.9679373006859754,test
16375,At Risk,United Kingdom,1.7115384615384615,0.15384615384615385,5.6923076923076925,11,0.0,0,0.0,Hibernating or Lost,0.5589618482557781,test
16376,Loyal Customers,United Kingdom,2.5507199999999997,0.12,5.552,104,0.0,8,0.3333333333333333,Loyal Customers,0.4316283406813136,train
16377,Loyal Customers,United Kingdom,0.53,1.0,292.8,6,0.0,350,0.0,Loyal Customers,0.5664796629088443,train
16378,Loyal Customers,United Kingdom,1.8021739130434784,0.7391304347826086,11.608695652173912,22,0.0,63,0.0,At Risk,0.8233358072462033,test
16379,Champions,United Kingdom,1.9833333333333334,0.6481481481481481,13.055555555555555,87,0.0,74,0.2,At Risk,0.6529577984464682,train
16380,Loyal Customers,United Kingdom,1.8,0.65625,47.625,28,1.0,0,0.0,At Risk,0.7229983112036833,train
16381,At Risk,United Kingdom,3.016923076923077,0.03076923076923077,1.7230769230769232,60,0.9538461538461539,22,0.0,Loyal Customers,0.5798402326660045,train
16382,At Risk,United Kingdom,4.2275,0.06818181818181818,3.7954545454545454,42,0.0,142,0.0,At Risk,0.6790364749681377,train
16383,Champions,United Kingdom,2.7543540669856457,0.06698564593301436,3.875598086124402,239,0.0,598,0.2222222222222222,Champions,0.9765065129176332,train
16384,Loyal Customers,United Kingdom,2.587283950617284,0.5432098765432098,10.62962962962963,80,0.1111111111111111,500,0.0,Loyal Customers,0.8514693798878483,train
16385,Loyal Customers,United Kingdom,2.2503649635036496,0.08759124087591241,4.007299270072993,94,0.0,571,0.0,Champions,0.5497649426147413,train
16386,Loyal Customers,United Kingdom,2.0064625850340136,0.11564625850340136,4.918367346938775,127,0.0,359,0.0,Loyal Customers,0.5111718900434721,train
16387,Loyal Customers,United Kingdom,3.3444791666666664,0.14583333333333334,4.760416666666667,68,0.7604166666666666,315,0.0,Loyal Customers,0.8919403820149631,train
16388,Hibernating or Lost,United Kingdom,2.869230769230769,0.23076923076923078,6.384615384615385,13,0.0,0,0.0,Hibernating or Lost,0.5068579629241098,test
16389,Loyal Customers,United Kingdom,2.7785294117647057,0.7647058823529411,36.529411764705884,33,0.0,229,0.2,Loyal Customers,0.8468870886107716,train
16390,At Risk,United Kingdom,5.692857142857143,0.2857142857142857,5.809523809523809,16,0.47619047619047616,142,0.0,At Risk,0.596955181781055,test
16391,Loyal Customers,United Kingdom,2.288308157099698,0.054380664652567974,2.2598187311178246,261,0.0,161,0.0,Loyal Customers,0.3942893623348598,test
16392,Loyal Customers,United Kingdom,2.1303355704697986,0.10738255033557047,4.087248322147651,125,0.0,292,0.0,Loyal Customers,0.5111718900434721,train
16393,Champions,United Kingdom,1.9573664122137404,0.07633587786259542,3.984732824427481,313,0.07124681933842239,736,0.23333333333333334,Champions,0.9626689074593153,test
16394,Loyal Customers,United Kingdom,1.231566265060241,0.7831325301204819,31.373493975903614,61,0.0,232,0.4444444444444444,Loyal Customers,0.8597796442720461,train
16395,Champions,United Kingdom,2.1291499227202473,0.11746522411128284,4.511591962905719,416,0.12982998454404945,673,0.17647058823529413,Champions,0.9527062675286382,train
16396,Hibernating or Lost,United Kingdom,1.9,0.5,10.0,8,0.0,0,0.6666666666666666,At Risk,0.7643080063113724,test
16397,Hibernating or Lost,United Kingdom,4.903636363636363,0.18181818181818182,4.545454545454546,9,1.0,0,0.0,Hibernating or Lost,0.5153736833219555,train
16398,Loyal Customers,United Kingdom,5.544634146341464,0.3780487804878049,9.24390243902439,75,0.0,99,0.5,At Risk,0.5015424187841035,test
16399,Loyal Customers,United Kingdom,2.758318584070796,0.04424778761061947,4.035398230088496,97,0.37168141592920356,370,0.0,Loyal Customers,0.8973604003191129,train
16400,Champions,United Kingdom,2.4570462633451955,0.21708185053380782,7.683274021352313,214,0.12099644128113879,636,0.0,Champions,0.9764092050776733,train
16401,Champions,United Kingdom,1.5863636363636364,0.41597796143250687,16.62534435261708,110,0.34710743801652894,554,0.41025641025641024,Champions,0.9849791408428876,train
16402,At Risk,United Kingdom,2.6482905982905987,0.02564102564102564,2.1709401709401708,55,1.0,104,0.0,Loyal Customers,0.5967589475498478,train
16403,At Risk,United Kingdom,1.6099999999999999,0.5,11.4,10,0.0,0,0.5,At Risk,0.7643080063113724,train
16404,At Risk,United Kingdom,5.165217391304347,0.30434782608695654,6.826086956521739,23,0.0,0,0.5,At Risk,0.8657381856703236,train
16405,At Risk,United Kingdom,2.33,0.4,37.4,3,0.0,7,0.0,Hibernating or Lost,0.5286258793910906,train
16406,Loyal Customers,United Kingdom,2.577232704402516,0.006289308176100629,1.7044025157232705,135,0.0,635,0.25,Champions,0.9765065129176332,test
16407,Champions,United Kingdom,3.1237931034482758,0.21982758620689655,6.396551724137931,120,0.6551724137931034,419,0.0,Champions,0.6732576304977271,train
16408,Hibernating or Lost,United Kingdom,1.4766666666666668,0.044444444444444446,5.044444444444444,45,0.0,0,0.0,At Risk,0.6439543522648258,train
16409,Champions,United Kingdom,2.5657522123893806,0.09987357774968394,4.6852085967130215,335,0.2895069532237674,690,0.0,Champions,0.9740655364669074,train
16410,Hibernating or Lost,United Kingdom,0.796,1.0,69.6,5,1.0,0,0.0,Hibernating or Lost,0.5338464198620827,train
16411,Champions,United Kingdom,2.07512077294686,0.024154589371980676,2.6231884057971016,139,0.5265700483091788,408,0.0,Champions,0.5190670437087724,train
16412,Loyal Customers,United Kingdom,2.47375,0.014705882352941176,2.286764705882353,84,0.0,619,0.0,Champions,0.6640405193033903,train
16413,Loyal Customers,United Kingdom,2.777536231884058,0.057971014492753624,4.115942028985507,55,0.0,318,0.0,Loyal Customers,0.892106178311767,test
16414,Loyal Customers,United Kingdom,3.4828125,0.078125,3.15625,58,0.078125,672,0.0,Champions,0.6472551320674609,train
16415,Loyal Customers,United Kingdom,2.029506172839506,0.06172839506172839,3.253086419753086,120,0.0,632,0.0,Champions,0.9527062675286382,train
16416,Champions,United Kingdom,2.6611764705882353,0.35294117647058826,11.818181818181818,146,0.3850267379679144,628,0.1,Champions,0.9827063607332647,train
16417,Hibernating or Lost,United Kingdom,5.95,0.0,6.0,1,0.0,0,0.0,Hibernating or Lost,0.6896963609762642,train
16418,Loyal Customers,United Kingdom,3.646863905325444,0.07100591715976332,3.4319526627218937,121,0.0,378,0.0,Champions,0.5817880101099283,train
16419,Loyal Customers,United Kingdom,3.8497826086956524,0.2391304347826087,7.836956521739131,62,0.0,555,0.1111111111111111,Champions,0.6298972710469025,train
16420,Hibernating or Lost,United Kingdom,1.035,1.0,60.0,2,0.0,0,0.0,Hibernating or Lost,0.6625839037072621,train
16421,Loyal Customers,United Kingdom,6.691842105263158,0.05263157894736842,3.236842105263158,35,0.5,93,0.0,At Risk,0.699121992610056,train
16422,Champions,United Kingdom,1.8929634831460673,0.9311797752808989,93.21488764044943,111,0.1348314606741573,679,0.2534246575342466,Champions,0.9810640772469079,train
16423,At Risk,United Kingdom,1.9155555555555557,0.5,12.777777777777779,18,0.0,0,0.0,At Risk,0.4967706698319442,train
16424,At Risk,United Kingdom,3.5953846153846154,0.6923076923076923,16.307692307692307,10,0.0,191,0.3333333333333333,At Risk,0.7550083009812483,test
16425,At Risk,United Kingdom,4.171904761904762,0.38095238095238093,9.476190476190476,21,0.0,0,0.0,At Risk,0.8512045679765924,train
16426,Champions,United Kingdom,2.086666666666667,0.0456989247311828,3.3413978494623655,211,0.0,273,0.0,Loyal Customers,0.5111718900434721,test
16427,At Risk,United Kingdom,1.488888888888889,0.8888888888888888,17.333333333333332,8,0.0,21,0.0,Hibernating or Lost,0.6625839037072621,train
16428,At Risk,United Kingdom,2.2251470588235294,0.16911764705882354,4.375,121,0.0,84,0.25,Loyal Customers,0.4646253688986315,train
16429,At Risk,United Kingdom,19.950000000000003,0.0,4.5,2,0.0,0,0.0,Hibernating or Lost,0.8053437570891684,train
16430,Champions,United Kingdom,5.216785714285714,0.42857142857142855,10.964285714285714,19,0.32142857142857145,624,0.0,Loyal Customers,0.5241145246155294,train
16431,Loyal Customers,United Kingdom,1.8336144578313254,0.18072289156626506,5.457831325301205,51,0.0,84,0.0,At Risk,0.6725901368358399,train
16432,At Risk,United Kingdom,3.1675,0.75,34.5,8,0.0,0,0.0,Hibernating or Lost,0.49531214555001774,train
16433,Loyal Customers,United Kingdom,2.067941176470588,0.23529411764705882,6.294117647058823,33,0.0,380,0.0,Loyal Customers,0.8005165448718804,train
16434,Champions,United Kingdom,3.6940106951871656,0.28342245989304815,7.1550802139037435,126,0.7700534759358288,661,0.07692307692307693,Champions,0.9779856337643557,train
16435,Loyal Customers,United Kingdom,4.16952380952381,0.0873015873015873,4.833333333333333,119,0.0,2,0.0,At Risk,0.4250025504333783,train
16436,At Risk,United Kingdom,2.214146341463415,0.14634146341463414,5.829268292682927,37,0.36585365853658536,64,0.25,At Risk,0.6589179750640486,train
16437,At Risk,United Kingdom,2.0738095238095235,0.3333333333333333,9.380952380952381,17,0.0,48,0.0,Hibernating or Lost,0.5589618482557781,train
16438,Loyal Customers,United Kingdom,2.194015151515152,0.08333333333333333,3.507575757575758,74,0.6212121212121212,76,0.0,Loyal Customers,0.4680598979416356,train
16439,Hibernating or Lost,United Kingdom,4.672222222222222,0.4444444444444444,8.222222222222221,9,0.0,0,0.0,Hibernating or Lost,0.4959737363081736,train
16440,Champions,United Kingdom,2.27742671009772,0.11074918566775244,6.866449511400652,202,0.0,486,0.0,Champions,0.5053745466390387,test
16441,Loyal Customers,United Kingdom,3.2047674418604655,0.20930232558139536,5.627906976744186,67,0.0,559,0.16666666666666666,Champions,0.6793257825196031,train
16442,Champions,United Kingdom,2.34756,0.04,2.332,226,0.148,725,0.0,Champions,0.9701483488954694,train
16443,Hibernating or Lost,United Kingdom,1.69,1.0,96.0,1,0.0,0,0.0,Hibernating or Lost,0.6625839037072621,train
16444,Champions,United Kingdom,2.4499202127659574,0.12234042553191489,5.210106382978723,217,0.5957446808510638,578,0.15,Champions,0.9740655364669074,train
16445,Loyal Customers,United Kingdom,2.2354166666666666,0.0,1.5572916666666667,143,0.6614583333333334,377,0.0,Champions,0.5190670437087724,test
16446,Champions,United Kingdom,1.6600000000000001,0.3333333333333333,26999.0,3,0.0,204,0.5,At Risk,0.7133333923299524,train
16447,Loyal Customers,United Kingdom,4.932465753424657,0.0684931506849315,4.424657534246576,59,0.0,524,0.0,Champions,0.571350833347413,train
16448,At Risk,United Kingdom,2.3173076923076925,0.019230769230769232,3.4423076923076925,45,0.0,272,0.0,Loyal Customers,0.892106178311767,train
16449,At Risk,United Kingdom,3.2979999999999996,0.475,9.175,40,0.0,82,0.3333333333333333,At Risk,0.7926822479081909,train
16450,Loyal Customers,United Kingdom,3.581627906976744,0.46511627906976744,15.837209302325581,36,0.32558139534883723,506,0.25,Champions,0.6654793872393415,train
16451,Loyal Customers,United Kingdom,2.586,0.18461538461538463,8.061538461538461,61,0.0,647,0.25,Champions,0.7634873946794383,train
16452,At Risk,United Kingdom,1.8605555555555557,0.5555555555555556,11.055555555555555,14,0.0,63,0.0,At Risk,0.4967706698319442,train
16453,At Risk,United Kingdom,3.134,0.4666666666666667,9.266666666666667,15,0.3333333333333333,17,0.0,At Risk,0.6510838581586637,train
16454,Loyal Customers,United Kingdom,2.5,0.0,2.25,4,0.0,566,0.5,Champions,0.5728985366887627,train
16455,Champions,United Kingdom,2.384755555555556,0.47555555555555556,13.79111111111111,111,0.06666666666666667,556,0.15384615384615385,Champions,0.9825654733277243,train
16456,Champions,United Kingdom,2.6747469879518073,0.2746987951807229,8.975903614457831,226,0.36626506024096384,521,0.07142857142857142,Champions,0.9795133047476816,train
16457,At Risk,United Kingdom,2.67,0.4444444444444444,15.555555555555555,9,0.0,0,0.0,Hibernating or Lost,0.5286258793910906,train
16458,Champions,United Kingdom,2.0506788511749345,0.16449086161879894,8.89295039164491,91,0.05483028720626632,559,0.0,Champions,0.6092178083890781,test
16459,Hibernating or Lost,United Kingdom,2.568,0.2,11.8,5,0.0,0,0.0,At Risk,0.5442529912069115,train
16460,Loyal Customers,United Kingdom,1.6751851851851853,0.26666666666666666,6.511111111111111,128,0.0,53,0.0,Loyal Customers,0.39715692325349855,train
16461,Loyal Customers,United Kingdom,2.5892936802973976,0.07806691449814127,3.862453531598513,223,0.0,468,0.0,Champions,0.5998457545140751,train
16462,Loyal Customers,United Kingdom,8.5,0.0,5.333333333333333,1,0.0,210,0.25,Hibernating or Lost,0.5072537080810667,train
16463,Champions,United Kingdom,1.993170731707317,0.6829268292682927,14.182926829268293,74,0.0,182,0.42857142857142855,At Risk,0.5060970110873891,test
16464,Champions,United Kingdom,2.5087711864406783,0.059322033898305086,4.080508474576271,152,0.23728813559322035,122,0.0,Loyal Customers,0.4790925992139787,train
16465,At Risk,United Kingdom,2.4052083333333334,0.5208333333333334,10.5,45,0.0,23,0.3333333333333333,Loyal Customers,0.629030051403094,train
16466,Champions,United Kingdom,3.226685714285714,0.11142857142857143,5.16,207,0.9771428571428571,608,0.0625,Champions,0.9721425832198033,train
16467,Loyal Customers,United Kingdom,1.2175,1.0,307.6666666666667,14,0.0,228,0.125,Loyal Customers,0.5664796629088443,test
16468,Loyal Customers,United Kingdom,2.5700000000000003,0.2222222222222222,8.244444444444444,38,0.24444444444444444,407,0.0,Loyal Customers,0.9256670146292387,test
16469,Loyal Customers,United Kingdom,2.998731707317073,0.024390243902439025,1.6829268292682926,167,0.0,490,0.0,Champions,0.5817880101099283,train
16470,Champions,United Kingdom,2.3134368530020706,0.022774327122153208,2.8095238095238093,286,0.0,676,0.08333333333333333,Champions,0.9701483488954694,train
16471,Loyal Customers,United Kingdom,2.6683870967741936,0.5161290322580645,10.806451612903226,48,0.0,377,0.3333333333333333,Loyal Customers,0.8255364234234961,train
16472,At Risk,United Kingdom,7.023333333333334,0.28205128205128205,6.461538461538462,39,0.0,163,0.0,At Risk,0.8607784496184314,test
16473,Loyal Customers,United Kingdom,2.3017857142857143,0.5714285714285714,10.571428571428571,26,0.0,209,0.2,At Risk,0.8021283796886285,test
16474,Champions,United Kingdom,2.199777777777778,0.025,2.6194444444444445,237,0.3611111111111111,137,0.36363636363636365,Loyal Customers,0.5377847896528131,train
16475,Loyal Customers,United Kingdom,5.110714285714286,0.5714285714285714,11.392857142857142,23,0.0,185,0.0,At Risk,0.8564446663241873,train
16476,At Risk,United Kingdom,3.5104166666666665,0.375,7.791666666666667,24,0.0,0,0.6666666666666666,At Risk,0.7926822479081909,train
16477,Champions,United Kingdom,2.3059615384615384,0.3423076923076923,10.123076923076923,177,0.09230769230769231,421,0.0,Champions,0.6947668091035386,train
16478,Loyal Customers,United Kingdom,2.942941176470588,0.47058823529411764,13.176470588235293,15,0.0,40,0.0,At Risk,0.5378948354889166,train
16479,Loyal Customers,United Kingdom,3.177142857142857,0.0,2.914285714285714,35,0.0,0,0.0,At Risk,0.7386192680994106,test
16480,At Risk,United Kingdom,3.3305660377358492,0.24528301886792453,8.584905660377359,51,1.0,0,0.0,Loyal Customers,0.6510238949798486,train
16481,At Risk,United Kingdom,2.63125,0.1875,12.5625,16,0.0,0,0.6666666666666666,At Risk,0.7754972242193762,test
16482,At Risk,United Kingdom,1.3616666666666668,0.7222222222222222,19.22222222222222,18,0.0,0,0.0,Hibernating or Lost,0.6625839037072621,train
16483,At Risk,United Kingdom,4.410526315789474,0.0,2.3157894736842106,19,0.0,0,0.0,At Risk,0.6790364749681377,train
16484,At Risk,United Kingdom,3.2872000000000003,0.32,8.0,25,0.28,17,0.3333333333333333,At Risk,0.563434012696648,train
16485,Loyal Customers,United Kingdom,3.1952413793103447,0.2,7.958620689655173,126,0.7103448275862069,656,0.2857142857142857,Champions,0.9826879894781075,train
16486,Hibernating or Lost,United Kingdom,6.841428571428572,0.0,3.4285714285714284,7,1.0,0,0.0,Hibernating or Lost,0.7107953943248793,train
16487,At Risk,United Kingdom,2.0085714285714285,0.11428571428571428,4.6571428571428575,28,0.0,81,0.0,At Risk,0.622888518232414,train
16488,Loyal Customers,United Kingdom,4.441034482758622,0.7241379310344828,25.103448275862068,28,0.2413793103448276,115,0.25,At Risk,0.6430309561780829,train
16489,At Risk,United Kingdom,7.466666666666666,0.16666666666666666,6.333333333333333,4,0.0,55,0.0,At Risk,0.4984835712030462,train
16490,Hibernating or Lost,United Kingdom,2.3915384615384614,0.46153846153846156,8.692307692307692,13,0.0,0,0.5,At Risk,0.7373369393419407,train
16491,Loyal Customers,United Kingdom,2.360689655172414,0.6091954022988506,12.183908045977011,86,0.0,366,0.3333333333333333,Loyal Customers,0.8366284506349865,train
16492,At Risk,United Kingdom,2.554782608695652,0.4782608695652174,10.217391304347826,23,0.0,0,0.0,At Risk,0.8021283796886285,train
16493,Champions,United Kingdom,2.131711711711712,0.6396396396396397,17.90990990990991,77,0.25225225225225223,543,0.2222222222222222,Champions,0.7850900537360093,train
16494,At Risk,United Kingdom,1.4991999999999999,0.54,13.5,47,0.0,0,0.0,At Risk,0.6087421704377465,test
16495,Loyal Customers,United Kingdom,3.218144329896907,0.10309278350515463,3.4742268041237114,78,0.0,272,0.0,Loyal Customers,0.8942440043812727,test
16496,Champions,United Kingdom,2.6681884057971015,0.6086956521739131,12.782608695652174,120,0.21014492753623187,500,0.14285714285714285,Champions,0.7336911899973548,train
16497,Champions,United Kingdom,3.9847181008902073,0.41543026706231456,9.050445103857566,239,0.050445103857566766,686,0.0,Champions,0.9697973294441601,test
16498,At Risk,United Kingdom,2.3680000000000003,0.0,3.0,15,0.0,0,0.3333333333333333,Hibernating or Lost,0.5196449540374652,train
16499,Champions,United Kingdom,3.2911111111111113,0.4652777777777778,9.472222222222221,104,0.0,186,0.38461538461538464,Champions,0.5198021785080195,train
16500,Champions,United Kingdom,7.190294117647059,0.6470588235294118,11.352941176470589,24,0.0,538,0.1,Loyal Customers,0.5684770605860239,train
16501,At Risk,United Kingdom,2.664106280193237,0.04830917874396135,3.101449275362319,181,1.0,0,0.0,Loyal Customers,0.4790925992139787,test
16502,At Risk,United Kingdom,4.046511627906977,0.13953488372093023,5.837209302325581,41,0.0,0,0.0,At Risk,0.8607784496184314,train
16503,Champions,United Kingdom,4.0726291079812205,0.29577464788732394,7.206572769953052,161,0.0,429,0.15384615384615385,Champions,0.5632592984564477,train
16504,Loyal Customers,United Kingdom,1.2338372093023255,0.2558139534883721,6.093023255813954,76,0.0,0,0.0,At Risk,0.6855707981666673,train
16505,At Risk,United Kingdom,1.35,1.0,144.0,4,0.0,0,0.0,Hibernating or Lost,0.6625839037072621,train
16506,Loyal Customers,United Kingdom,2.183333333333333,1.0,14.0,3,1.0,20,0.0,At Risk,0.5175554567972127,train
16507,Hibernating or Lost,United Kingdom,1.966046511627907,0.023255813953488372,2.697674418604651,37,1.0,0,0.0,At Risk,0.6592528257403111,train
16508,Hibernating or Lost,United Kingdom,3.590444444444444,0.022222222222222223,2.3555555555555556,42,0.0,0,0.0,At Risk,0.7386192680994106,train
16509,At Risk,United Kingdom,7.623076923076923,0.15384615384615385,4.923076923076923,13,0.0,0,0.0,Hibernating or Lost,0.643709969611338,train
16510,Loyal Customers,United Kingdom,3.895496183206107,0.3893129770992366,8.213740458015268,94,0.6030534351145038,319,0.0,Loyal Customers,0.8975913655579922,train
16511,Champions,United Kingdom,3.1223437499999998,0.015625,2.459375,235,0.165625,626,0.0,Champions,0.9721425832198033,train
16513,Loyal Customers,United Kingdom,2.5905714285714287,0.45714285714285713,11.628571428571428,33,0.8571428571428571,38,0.0,At Risk,0.6022814389492007,train
16515,Champions,United Kingdom,2.5428333333333333,0.20833333333333334,6.670833333333333,184,0.0,488,0.0,Champions,0.6566684130847887,train
16516,At Risk,United Kingdom,2.1166666666666667,0.5,9.666666666666666,6,0.0,0,0.0,At Risk,0.4967706698319442,test
16517,At Risk,United Kingdom,2.8852941176470592,0.29411764705882354,5.647058823529412,17,0.0,0,0.0,Hibernating or Lost,0.5068579629241098,train
16518,Loyal Customers,United Kingdom,3.2725,0.27941176470588236,7.705882352941177,61,0.4264705882352941,495,0.3333333333333333,Loyal Customers,0.8589329579194651,train
16519,Loyal Customers,United Kingdom,4.839285714285714,0.09523809523809523,4.190476190476191,32,0.0,623,0.0,Loyal Customers,0.6551863928908079,test
16520,Loyal Customers,United Kingdom,2.6432530120481927,0.05542168674698795,3.0506024096385542,251,0.0,460,0.25,Champions,0.6580586672494315,train
16521,Loyal Customers,United Kingdom,2.537405857740586,0.12552301255230125,4.2510460251046025,212,0.0,232,0.0,Champions,0.5998457545140751,test
16522,At Risk,United Kingdom,4.754444444444444,0.5,11.777777777777779,16,0.0,14,0.0,At Risk,0.5615387263657337,test
16523,Champions,United Kingdom,3.991725067385445,0.48247978436657685,13.420485175202156,180,0.14824797843665768,682,0.28205128205128205,Champions,0.9799290668134282,train
16524,At Risk,United Kingdom,3.380555555555556,0.12962962962962962,4.814814814814815,50,1.0,245,0.0,Loyal Customers,0.9026307242250012,test
16525,Champions,United Kingdom,3.4754120879120878,0.6703296703296703,40.19230769230769,115,0.14560439560439561,735,0.1111111111111111,Champions,0.9837839865153755,train
16526,At Risk,United Kingdom,5.636857142857143,0.2857142857142857,7.9714285714285715,30,0.0,412,0.0,Loyal Customers,0.7940006714673897,train
16527,Loyal Customers,United Kingdom,3.252077922077922,0.3116883116883117,9.428571428571429,66,0.0,343,0.0,Loyal Customers,0.8823249656131642,train
16528,At Risk,United Kingdom,3.2235294117647055,0.5882352941176471,10.058823529411764,17,0.0,0,0.0,At Risk,0.577171417163366,train
16529,Loyal Customers,United Kingdom,3.522248062015504,0.20930232558139536,5.821705426356589,87,0.14728682170542637,340,0.0,Loyal Customers,0.8823249656131642,train
16530,Hibernating or Lost,United Kingdom,5.883333333333333,0.3333333333333333,5.666666666666667,3,0.0,0,0.0,At Risk,0.4984835712030462,train
16531,Champions,United Kingdom,2.705144927536232,0.5869565217391305,13.5,109,0.0,419,0.08333333333333333,Champions,0.7039127332095191,train
16532,Champions,United Kingdom,3.5833333333333335,1.0,424.0,2,0.0,603,0.0,Champions,0.6530029652793402,train
16533,Champions,United Kingdom,2.650677966101695,0.04519774011299435,3.457627118644068,112,1.0,48,0.4,Champions,0.510424708689734,train
16534,At Risk,United Kingdom,5.134444444444444,0.1111111111111111,4.666666666666667,36,1.0,0,0.0,At Risk,0.699121992610056,train
16535,Champions,United Kingdom,2.531842105263158,0.34210526315789475,9.013157894736842,67,0.40789473684210525,674,0.0,Champions,0.7448086779745412,test
16536,At Risk,United Kingdom,3.6401818181818184,0.07272727272727272,4.5636363636363635,49,1.0,0,0.5,Loyal Customers,0.7326006534102112,train
16537,Hibernating or Lost,United Kingdom,0.5125,0.75,14.75,3,0.0,0,0.0,Hibernating or Lost,0.6625839037072621,train
16538,At Risk,United Kingdom,1.9372093023255814,0.13953488372093023,5.976744186046512,35,0.0,54,0.0,At Risk,0.8369925355788373,train
16539,Champions,United Kingdom,5.41546052631579,0.3092105263157895,8.651315789473685,83,0.15789473684210525,529,0.0,Champions,0.6298972710469025,train
16540,Hibernating or Lost,United Kingdom,2.6472972972972975,0.13513513513513514,3.081081081081081,25,0.0,0,0.0,At Risk,0.7664500902730681,train
16541,At Risk,United Kingdom,3.6868421052631577,0.07894736842105263,4.552631578947368,38,0.0,0,0.5,At Risk,0.8173939309402574,train
16542,At Risk,United Kingdom,2.5742857142857143,0.5714285714285714,10.142857142857142,13,0.0,347,0.0,Loyal Customers,0.7202093779750905,test
16543,Hibernating or Lost,United Kingdom,1.3544444444444443,0.7222222222222222,17.61111111111111,18,0.0,0,0.5,At Risk,0.6450182397136387,train
16544,At Risk,United Kingdom,2.7809090909090908,0.5454545454545454,13.636363636363637,8,0.0,142,0.3333333333333333,At Risk,0.7633919045519497,train
16545,At Risk,United Kingdom,2.6825,1.0,40.25,6,0.0,210,0.0,Hibernating or Lost,0.6138854892987397,test
16546,Loyal Customers,United Kingdom,2.103936170212766,0.925531914893617,46.45744680851064,75,0.0,151,0.2857142857142857,At Risk,0.5060970110873891,train
16547,Hibernating or Lost,United Kingdom,2.16,0.07407407407407407,4.185185185185185,25,0.0,0,0.0,At Risk,0.622888518232414,train
16548,Hibernating or Lost,United Kingdom,5.0249999999999995,0.0,1.0,6,0.0,0,0.0,Hibernating or Lost,0.8053437570891684,train
16549,Champions,United Kingdom,2.067926153846154,0.010153846153846154,2.2393846153846155,836,0.38646153846153847,610,0.08108108108108109,Champions,0.9588644593642219,test
16550,Champions,United Kingdom,2.6465559655596556,0.15498154981549817,7.044280442804428,274,0.0,628,0.3793103448275862,Champions,0.9814535213134379,test
16551,Loyal Customers,United Kingdom,3.265340909090909,0.6363636363636364,23.59090909090909,67,0.17045454545454544,630,0.0,Champions,0.8105379871062881,test
16552,At Risk,United Kingdom,4.23,0.36363636363636365,11.727272727272727,17,0.0,130,0.0,At Risk,0.567010852999173,test
16553,Champions,United Kingdom,2.010887372013652,0.8668941979522184,56.22866894197952,195,0.13310580204778158,502,0.08333333333333333,Champions,0.6510498014533858,train
16554,Champions,United Kingdom,3.6859880239520955,0.3712574850299401,8.059880239520957,108,0.11976047904191617,682,0.5555555555555556,Champions,0.9825514741684045,train
16555,Loyal Customers,United Kingdom,2.2315151515151515,0.7575757575757576,27.515151515151516,59,0.0,470,0.4,Loyal Customers,0.8597796442720461,train
16556,Champions,United Kingdom,4.286058091286307,0.4896265560165975,9.031120331950207,280,0.0912863070539419,666,0.2916666666666667,Champions,0.9762319963989892,train
16557,Loyal Customers,United Kingdom,6.818181818181818,0.36363636363636365,10.090909090909092,11,0.0,113,0.0,At Risk,0.567010852999173,train
16558,Champions,United Kingdom,3.175525641025641,0.3871794871794872,10.36923076923077,383,0.16153846153846155,735,0.19148936170212766,Champions,0.981259281452183,train
16559,Hibernating or Lost,United Kingdom,3.7861111111111114,0.1111111111111111,4.055555555555555,17,1.0,0,0.0,Hibernating or Lost,0.6122524422587111,train
16560,Champions,United Kingdom,4.126363636363636,0.35858585858585856,8.095959595959595,140,0.398989898989899,704,0.2,Champions,0.9700671787935642,train
16561,Loyal Customers,United Kingdom,2.8583870967741936,0.41935483870967744,7.870967741935484,29,0.4838709677419355,54,0.0,At Risk,0.644143173128623,train
16562,Hibernating or Lost,United Kingdom,1.1917647058823528,0.14705882352941177,7.764705882352941,34,0.0,0,0.0,At Risk,0.8369925355788373,train
16563,Champions,United Kingdom,2.5722222222222224,0.7666666666666667,28.844444444444445,55,0.1,684,0.14285714285714285,Champions,0.7990968564501582,train
16564,Hibernating or Lost,United Kingdom,3.29,0.4,8.0,5,0.0,0,0.0,At Risk,0.5888990040447544,train
16565,Loyal Customers,United Kingdom,4.431818181818182,0.36363636363636365,19.181818181818183,7,0.0,191,0.2,Hibernating or Lost,0.5124673228441428,train
16566,Loyal Customers,United Kingdom,2.6955555555555555,0.7222222222222222,20.11111111111111,14,0.1111111111111111,277,0.16666666666666666,Loyal Customers,0.6625890821436974,train
16567,At Risk,United Kingdom,2.1654285714285715,0.6571428571428571,28.457142857142856,34,0.2571428571428571,142,0.0,At Risk,0.7229983112036833,train
16568,At Risk,United Kingdom,12.290000000000001,0.8,73.2,5,0.0,213,0.0,Loyal Customers,0.5567442438951978,train
16569,Champions,United Kingdom,2.0834285714285716,0.8285714285714286,28.228571428571428,27,0.0,720,0.0,Loyal Customers,0.5329303934415414,train
16570,Champions,United Kingdom,4.289875518672199,0.5684647302904564,17.809128630705395,114,0.0,604,0.3548387096774194,Champions,0.9841324024996603,train
16571,Champions,United Kingdom,1.946156862745098,0.6509803921568628,14.52156862745098,151,0.10980392156862745,605,0.4117647058823529,Champions,0.9810640772469079,test
16572,Loyal Customers,United Kingdom,3.7794736842105263,0.47368421052631576,9.333333333333334,40,0.0,148,0.25,At Risk,0.7926822479081909,train
16573,Loyal Customers,United Kingdom,3.7616666666666667,0.4523809523809524,8.571428571428571,40,0.0,205,0.5,At Risk,0.7926822479081909,train
16574,Loyal Customers,United Kingdom,1.803720930232558,0.6395348837209303,11.651162790697674,86,0.0,587,0.0,Champions,0.6596646697271851,train
16576,At Risk,United Kingdom,3.3133333333333335,0.3939393939393939,9.787878787878787,32,0.0,101,0.6,At Risk,0.7574184472245591,train
16577,At Risk,United Kingdom,4.243478260869566,0.2608695652173913,6.173913043478261,23,0.0,0,0.0,At Risk,0.8607784496184314,train
16578,Hibernating or Lost,United Kingdom,1.4500000000000002,1.0,12.0,9,0.0,0,0.0,Hibernating or Lost,0.5750626267462317,test
16579,Hibernating or Lost,United Kingdom,5.05,0.42857142857142855,8.5,14,1.0,0,0.5,At Risk,0.7537456065164613,train
16581,At Risk,United Kingdom,1.1855555555555555,0.7777777777777778,14.88888888888889,9,0.0,0,0.5,At Risk,0.6450182397136387,train
16582,At Risk,United Kingdom,1.6216666666666668,0.8333333333333334,27.333333333333332,6,0.0,0,0.0,Hibernating or Lost,0.6625839037072621,train
16583,At Risk,United Kingdom,2.4625,0.40625,8.25,18,0.0,299,0.0,Loyal Customers,0.6900457845846167,train
16584,Champions,United Kingdom,2.5620481927710843,0.6144578313253012,23.120481927710845,61,0.18072289156626506,581,0.2857142857142857,Champions,0.8547790168034048,train
16585,At Risk,United Kingdom,3.0822222222222226,0.3888888888888889,8.38888888888889,16,0.7222222222222222,101,0.0,At Risk,0.6510838581586637,test
16586,Loyal Customers,United Kingdom,4.937142857142858,0.5,12.428571428571429,27,0.21428571428571427,386,0.0,Loyal Customers,0.9223303122166715,train
16587,At Risk,United Kingdom,6.707692307692308,0.23076923076923078,5.461538461538462,13,0.0,0,0.0,Hibernating or Lost,0.643709969611338,train
16588,Loyal Customers,United Kingdom,3.074225352112676,0.5070422535211268,12.422535211267606,64,0.0,188,0.0,At Risk,0.5118624674150901,train
16589,Loyal Customers,United Kingdom,1.714090909090909,0.6590909090909091,12.181818181818182,39,0.0,378,0.0,Loyal Customers,0.8172136850955773,train
16590,At Risk,United Kingdom,3.829310344827586,0.4482758620689655,8.275862068965518,26,0.0,13,0.3333333333333333,At Risk,0.7926822479081909,train
16591,At Risk,United Kingdom,4.443,0.1,4.1,10,1.0,0,0.0,Hibernating or Lost,0.7107953943248793,train
16592,Champions,United Kingdom,2.174228971962617,0.6682242990654206,12.85981308411215,221,0.1308411214953271,716,0.17647058823529413,Champions,0.9695910852987902,test
16593,Champions,United Kingdom,4.441282051282052,0.10256410256410256,4.833333333333333,57,0.6666666666666666,684,0.1111111111111111,Champions,0.6081222136413248,train
16594,At Risk,United Kingdom,3.0179245283018865,0.0,1.2075471698113207,53,1.0,0,0.0,Loyal Customers,0.5798402326660045,train
16595,Loyal Customers,United Kingdom,2.0293459915611813,0.052742616033755275,2.9071729957805905,337,0.8291139240506329,630,0.0,Champions,0.9588644593642219,train
16596,Loyal Customers,United Kingdom,3.8263333333333334,0.2,7.566666666666666,23,0.0,713,0.0,Loyal Customers,0.5495628962140633,train
16597,At Risk,United Kingdom,1.6214285714285714,0.7142857142857143,26.285714285714285,7,0.0,0,0.0,Hibernating or Lost,0.6625839037072621,train
16598,At Risk,United Kingdom,2.56,0.3,7.3,10,1.0,0,0.5,At Risk,0.7012174206230241,train
16599,Hibernating or Lost,United Kingdom,2.7291666666666665,0.4166666666666667,13.25,12,0.0,0,0.0,At Risk,0.5378948354889166,train
16600,Champions,United Kingdom,1.7626573426573426,0.6643356643356644,16.923076923076923,106,0.06993006993006994,717,0.1875,Champions,0.9759037735330374,test
16601,Loyal Customers,United Kingdom,3.064583333333333,0.18055555555555555,5.486111111111111,60,0.9722222222222222,582,0.0,Champions,0.7105811890733159,train
16602,Loyal Customers,United Kingdom,2.9170000000000003,0.625,10.725,37,0.0,352,0.6,Loyal Customers,0.8969371086953549,train
16603,Loyal Customers,United Kingdom,2.1564705882352944,0.6470588235294118,14.117647058823529,34,0.0,16,0.0,At Risk,0.7850858886768727,train
16604,At Risk,United Kingdom,2.975,0.6666666666666666,14.583333333333334,10,0.0,5,0.3333333333333333,At Risk,0.7550083009812483,test
16605,Hibernating or Lost,United Kingdom,0.42,1.0,144.0,1,0.0,0,0.0,Hibernating or Lost,0.6625839037072621,train
16606,At Risk,United Kingdom,4.4377272727272725,0.22727272727272727,6.7272727272727275,16,0.2727272727272727,30,0.0,At Risk,0.596955181781055,train
16607,Champions,United Kingdom,3.6433892617449666,0.6073825503355704,14.885906040268456,212,0.0,571,0.13793103448275862,Champions,0.9837839865153755,test
16608,At Risk,United Kingdom,3.404672131147541,0.06557377049180328,5.024590163934426,94,1.0,209,0.0,Loyal Customers,0.5798402326660045,train
16609,Champions,United Kingdom,3.5644202898550725,0.2717391304347826,8.768115942028986,155,0.0,237,0.2222222222222222,Champions,0.6949058684228896,train
16610,At Risk,United Kingdom,1.2966666666666666,0.8333333333333334,11.0,6,0.0,0,0.0,Hibernating or Lost,0.5750626267462317,train
16611,Loyal Customers,United Kingdom,4.012545454545455,0.33636363636363636,7.945454545454545,86,0.2545454545454545,452,0.14285714285714285,Loyal Customers,0.9071818563169189,train
16612,Champions,United Kingdom,3.3328742514970062,0.30538922155688625,8.497005988023952,105,0.11976047904191617,703,0.1,Champions,0.9746517878282736,test
16613,At Risk,United Kingdom,2.897,0.5333333333333333,9.766666666666667,30,0.0,0,0.0,At Risk,0.8021283796886285,train
16614,Loyal Customers,United Kingdom,5.694285714285714,0.24489795918367346,7.122448979591836,37,0.0,395,0.0,Loyal Customers,0.7940006714673897,train
16615,Hibernating or Lost,United Kingdom,3.3084210526315787,0.5263157894736842,11.105263157894736,19,0.0,0,0.5,At Risk,0.7574184472245591,test
16616,Loyal Customers,United Kingdom,2.83969696969697,0.6060606060606061,11.212121212121213,31,0.0,142,0.0,At Risk,0.8035679349329616,train
16617,At Risk,United Kingdom,3.91,0.6,18.2,5,0.0,0,0.0,Hibernating or Lost,0.6005744235979578,train
16618,Champions,United Kingdom,3.626041666666667,0.59375,14.197916666666666,79,0.0,291,0.16666666666666666,Loyal Customers,0.8371584094135806,train
16619,Loyal Customers,United Kingdom,3.547068965517241,0.4051724137931034,9.094827586206897,103,0.16379310344827586,391,0.2,Champions,0.6705945168626131,train
16620,Champions,United Kingdom,2.279042553191489,0.44680851063829785,12.191489361702128,78,0.0,734,0.0,Champions,0.6802767752532008,train
16621,Loyal Customers,United Kingdom,4.59103448275862,0.4482758620689655,10.413793103448276,22,0.41379310344827586,226,0.0,Loyal Customers,0.9223303122166715,train
16622,Hibernating or Lost,United Kingdom,5.958333333333333,0.0,3.6666666666666665,12,0.0,0,0.5,Hibernating or Lost,0.5072537080810667,train
16623,Loyal Customers,United Kingdom,3.299019607843137,0.37254901960784315,8.666666666666666,44,0.0,346,0.2,Loyal Customers,0.857351724932802,train
16624,Loyal Customers,United Kingdom,3.07375,0.25,10.166666666666666,44,0.0,116,0.0,At Risk,0.8536832873060178,train
16625,Loyal Customers,United Kingdom,2.316161616161616,0.3434343434343434,10.676767676767676,82,0.0,269,0.16666666666666666,Loyal Customers,0.8644877565292982,train
16626,Champions,United Kingdom,4.136648044692738,0.41899441340782123,15.027932960893855,86,0.11173184357541899,265,0.15,Loyal Customers,0.8582072443860662,train
16627,At Risk,United Kingdom,5.0675,0.2,8.1,20,0.0,0,0.0,At Risk,0.8607784496184314,train
16628,Champions,United Kingdom,2.55312,0.368,10.08,84,0.0,612,0.125,Champions,0.7498837750936012,train
16629,Loyal Customers,United Kingdom,2.45296875,0.25,7.703125,58,0.78125,22,0.0,Loyal Customers,0.6714114671246636,train
16630,Hibernating or Lost,United Kingdom,1.6,1.0,18.0,4,0.0,0,0.5,At Risk,0.6450182397136387,train
16631,Loyal Customers,United Kingdom,4.076124999999999,0.325,9.6875,46,0.1375,170,0.125,At Risk,0.6576935450719538,train
16632,At Risk,United Kingdom,1.612962962962963,0.037037037037037035,9.481481481481481,22,0.0,95,0.0,At Risk,0.7406935537148845,train
16633,Champions,United Kingdom,4.659407894736842,0.32894736842105265,7.4868421052631575,115,0.09868421052631579,216,0.14285714285714285,Champions,0.5632592984564477,train
16634,Loyal Customers,United Kingdom,4.549780219780219,0.38461538461538464,14.516483516483516,72,0.01098901098901099,465,0.4,Loyal Customers,0.8409650660537978,test
16635,At Risk,United Kingdom,2.2048,0.52,11.08,25,0.0,0,0.0,At Risk,0.8373151763866855,train
16636,Loyal Customers,United Kingdom,2.620821917808219,0.7397260273972602,29.945205479452056,62,0.0,207,0.0,At Risk,0.5346079062853114,train
16637,Loyal Customers,United Kingdom,2.7930434782608695,0.6376811594202898,13.434782608695652,66,0.0,193,0.2,At Risk,0.5313261023221421,train
16638,Champions,United Kingdom,3.5102857142857142,0.4714285714285714,11.792857142857143,130,0.07857142857142857,455,0.0625,Champions,0.7078234355232489,test
16639,Loyal Customers,United Kingdom,3.6717283950617285,0.43209876543209874,9.271604938271604,76,0.0,377,0.2,Loyal Customers,0.8729612708501394,test
16640,Hibernating or Lost,United Kingdom,1.4115384615384616,0.6923076923076923,11.23076923076923,13,1.0,0,0.0,At Risk,0.5175554567972127,train
16641,At Risk,United Kingdom,2.0336111111111115,0.4722222222222222,12.61111111111111,36,0.0,596,0.0,Loyal Customers,0.5715335840084844,test
16642,Champions,United Kingdom,2.986851851851852,0.6111111111111112,14.351851851851851,50,0.0,410,0.4,Loyal Customers,0.8125027802818194,train
16643,Loyal Customers,United Kingdom,2.9859999999999998,0.38181818181818183,10.054545454545455,48,0.0,176,0.3333333333333333,Loyal Customers,0.6074326597460005,train
16644,At Risk,United Kingdom,1.5379032258064516,0.6612903225806451,13.32258064516129,62,0.0,34,0.0,At Risk,0.6529577984464682,train
16645,Hibernating or Lost,United Kingdom,2.3814285714285717,0.21428571428571427,8.357142857142858,14,0.0,0,0.0,Hibernating or Lost,0.5068579629241098,train
16646,At Risk,United Kingdom,1.6158620689655172,0.7586206896551724,36.96551724137931,29,0.0,0,0.5,At Risk,0.833833798195812,train
16647,Loyal Customers,United Kingdom,3.347272727272727,0.48484848484848486,12.0,28,0.24242424242424243,374,0.0,Loyal Customers,0.9224450613117298,train
16648,Loyal Customers,United Kingdom,1.8789189189189188,0.7837837837837838,13.594594594594595,37,0.0,547,0.25,Loyal Customers,0.5397333078598247,train
16649,Hibernating or Lost,United Kingdom,6.8095,0.15,4.1,20,0.0,0,0.0,At Risk,0.8033995112237373,test
16650,Champions,United Kingdom,2.3012244897959184,0.7448979591836735,15.418367346938776,71,0.0,447,0.0,Loyal Customers,0.8298543882955799,train
16651,Hibernating or Lost,United Kingdom,2.9333333333333336,0.5,10.0,6,1.0,0,0.0,At Risk,0.594697225057052,train
16652,Champions,United Kingdom,4.069890909090909,0.6836363636363636,27.189090909090908,124,0.05818181818181818,573,0.3333333333333333,Champions,0.9826318750096155,train
16653,Loyal Customers,United Kingdom,3.3256521739130434,0.5072463768115942,10.623188405797102,67,0.0,55,0.3333333333333333,Loyal Customers,0.6074326597460005,train
16654,Loyal Customers,United Kingdom,4.178674698795181,0.27710843373493976,8.46987951807229,64,0.012048192771084338,471,0.1111111111111111,Loyal Customers,0.8946968414577486,train
16655,Champions,United Kingdom,2.7468360655737705,0.2360655737704918,6.578688524590164,408,0.7147540983606557,659,0.07142857142857142,Champions,0.9795133047476816,train
16656,Champions,United Kingdom,2.0804964539007096,0.900709219858156,109.45390070921985,22,0.05673758865248227,713,0.3181818181818182,Champions,0.5074491796822121,train
16657,Champions,United Kingdom,1.5751923076923076,0.1778846153846154,5.908653846153846,158,0.0,244,0.0,Champions,0.5415952624422619,train
16658,Loyal Customers,United Kingdom,3.5905555555555555,0.125,4.402777777777778,49,0.0,250,0.3333333333333333,Loyal Customers,0.8888662489156934,train
16659,At Risk,United Kingdom,0.62,1.0,36.0,2,0.0,0,0.0,Hibernating or Lost,0.6625839037072621,test
16660,Champions,United Kingdom,2.754583333333333,0.7083333333333334,41.291666666666664,20,0.0,678,0.125,Champions,0.5637379403477663,train
16661,Loyal Customers,United Kingdom,3.3287692307692307,0.13846153846153847,5.923076923076923,50,0.0,181,0.2,At Risk,0.6070465126912832,train
16662,Hibernating or Lost,United Kingdom,4.837931034482759,0.0,1.2413793103448276,28,0.0,0,0.0,At Risk,0.6790364749681377,train
16663,Hibernating or Lost,United Kingdom,1.65,1.0,100.0,1,0.0,0,0.0,Hibernating or Lost,0.6625839037072621,train
16664,Hibernating or Lost,United Kingdom,5.25,0.0,3.0,8,0.0,0,0.0,Hibernating or Lost,0.8053437570891684,test
16665,At Risk,United Kingdom,5.388888888888889,0.2222222222222222,6.555555555555555,9,1.0,0,0.0,At Risk,0.596955181781055,train
16666,Loyal Customers,United Kingdom,1.3168,0.3,7.34,42,1.0,601,0.0,Loyal Customers,0.6177169876145784,test
16667,Loyal Customers,United Kingdom,3.581509433962264,0.1509433962264151,4.471698113207547,52,0.6037735849056604,216,0.0,Loyal Customers,0.8919403820149631,train
16668,Champions,United Kingdom,2.090188679245283,0.7169811320754716,14.584905660377359,28,0.018867924528301886,615,0.0,Loyal Customers,0.5329303934415414,test
16669,Champions,United Kingdom,2.7496875,0.1,5.55,141,0.0,54,0.4,Loyal Customers,0.4316283406813136,train
16670,Champions,United Kingdom,3.0579381443298965,0.38144329896907214,9.348453608247423,258,0.0,712,0.3939393939393939,Champions,0.9825514741684045,train
16671,Loyal Customers,United Kingdom,2.8033333333333332,1.0,145.83333333333334,3,0.0,136,0.0,Hibernating or Lost,0.6138854892987397,train
16672,Champions,United Kingdom,3.634912280701754,0.8771929824561403,24.842105263157894,22,0.0,264,0.13043478260869565,Loyal Customers,0.8385187298486457,train
16673,Hibernating or Lost,United Kingdom,2.8145,0.15,5.05,19,0.0,0,0.0,At Risk,0.7664500902730681,test
16674,At Risk,United Kingdom,2.0144897959183674,0.02040816326530612,1.9183673469387754,89,0.6428571428571429,43,0.0,Loyal Customers,0.4680598979416356,train
16675,At Risk,United Kingdom,2.781304347826087,0.6521739130434783,12.869565217391305,21,0.0,36,0.0,At Risk,0.8035679349329616,test
16676,Champions,United Kingdom,5.19609022556391,0.2706766917293233,6.969924812030075,106,0.3533834586466165,384,0.14285714285714285,Champions,0.600276192454193,train
16677,At Risk,United Kingdom,3.332340425531915,0.48936170212765956,9.72340425531915,45,0.5957446808510638,240,0.3333333333333333,Loyal Customers,0.8187314163843398,train
16678,Champions,United Kingdom,1.8485276073619632,0.6993865030674846,14.705521472392638,92,0.22085889570552147,280,0.29411764705882354,Loyal Customers,0.8516622004223964,train
16679,Loyal Customers,United Kingdom,5.435238095238096,0.42857142857142855,13.142857142857142,15,0.0,180,0.0,At Risk,0.5615387263657337,train
16680,Loyal Customers,United Kingdom,3.006896551724138,0.4482758620689655,13.0,24,0.0,491,0.0,Loyal Customers,0.8701937413527897,test
16681,Champions,United Kingdom,1.95734693877551,0.9183673469387755,30.448979591836736,22,0.0,568,0.0,Loyal Customers,0.5329303934415414,test
16682,Champions,United Kingdom,1.7696666666666665,0.8333333333333334,34.666666666666664,15,0.36666666666666664,183,0.0,Hibernating or Lost,0.5338464198620827,train
16683,Hibernating or Lost,United Kingdom,3.2088888888888887,0.5,10.555555555555555,18,0.0,0,0.5,At Risk,0.8209144918055121,train
16684,Champions,United Kingdom,2.582688022284122,0.967966573816156,145.974930362117,184,0.13788300835654596,728,0.15384615384615385,Champions,0.984917761558242,train
16685,At Risk,United Kingdom,2.2548387096774194,0.1935483870967742,6.387096774193548,60,1.0,0,0.0,Loyal Customers,0.5633237638321114,train
16686,Champions,United Kingdom,2.443137432188065,0.0705244122965642,3.1735985533453888,549,0.6871609403254972,685,0.1111111111111111,Champions,0.9740655364669074,test
16687,Hibernating or Lost,United Kingdom,2.0025,0.75,17.625,8,1.0,0,0.0,Hibernating or Lost,0.5338464198620827,train
16688,Champions,United Kingdom,2.7750000000000004,0.5,12.96774193548387,52,0.0,59,0.0,At Risk,0.47609359423201725,train
16689,Loyal Customers,United Kingdom,3.5399999999999996,0.6923076923076923,25.384615384615383,12,1.0,6,0.3333333333333333,At Risk,0.7072580579160737,train
16690,Loyal Customers,United Kingdom,3.2468421052631578,0.5789473684210527,11.0,12,0.2631578947368421,379,0.2,Loyal Customers,0.8414818745646231,train
16691,At Risk,United Kingdom,6.487272727272727,0.36363636363636365,8.363636363636363,11,0.6363636363636364,143,0.0,At Risk,0.596955181781055,test
16692,Loyal Customers,United Kingdom,33.61,0.6,175.6,3,0.0,185,0.0,Hibernating or Lost,0.6005744235979578,train
16693,Loyal Customers,United Kingdom,3.025689655172414,0.07471264367816093,3.954022988505747,149,1.0,587,0.0,Champions,0.9721425832198033,train
16694,Hibernating or Lost,United Kingdom,16.666666666666668,0.3333333333333333,8.666666666666666,3,0.0,0,0.0,At Risk,0.4984835712030462,train
16695,At Risk,United Kingdom,2.1708333333333334,0.1111111111111111,5.138888888888889,30,0.0,0,0.0,At Risk,0.622888518232414,train
16696,Loyal Customers,United Kingdom,3.9300000000000006,0.5,14.6,7,0.0,112,0.0,Hibernating or Lost,0.5157906567635884,train
16697,At Risk,United Kingdom,4.640476190476191,0.0,1.2857142857142858,20,0.0,0,0.0,At Risk,0.6790364749681377,train
16698,Loyal Customers,United Kingdom,2.37,1.0,168.0,4,0.0,26,0.0,Hibernating or Lost,0.6138854892987397,train
16699,Loyal Customers,United Kingdom,2.4306451612903226,0.3387096774193548,10.32258064516129,51,0.0,355,0.125,Loyal Customers,0.8644877565292982,train
16700,Champions,United Kingdom,2.141398865784499,0.4896030245746692,13.00945179584121,263,0.11153119092627599,729,0.1935483870967742,Champions,0.9721936167501243,train
16701,Champions,United Kingdom,2.1147272727272726,0.7418181818181818,40.167272727272724,154,0.19272727272727272,729,0.23529411764705882,Champions,0.9835608252930538,train
16702,Loyal Customers,United Kingdom,3.681978021978022,0.23076923076923078,7.604395604395604,84,0.17582417582417584,316,0.2,Loyal Customers,0.8828756443111901,train
16704,At Risk,United Kingdom,2.7522413793103446,0.2413793103448276,7.844827586206897,50,0.0,53,0.0,At Risk,0.5703677493858214,train
16705,Champions,United Kingdom,3.8787858176555714,0.6468885672937771,32.27496382054993,400,0.030390738060781478,729,0.3114754098360656,Champions,0.9826318750096155,test
16706,Loyal Customers,United Kingdom,2.8052032520325203,0.032520325203252036,2.024390243902439,108,0.0,76,0.0,Loyal Customers,0.3942893623348598,train
16707,At Risk,United Kingdom,2.4928787878787877,0.19696969696969696,6.090909090909091,64,0.0,239,0.0,Loyal Customers,0.8780938454915321,train
16708,At Risk,United Kingdom,3.3644444444444446,0.5925925925925926,10.555555555555555,27,0.0,0,0.0,At Risk,0.8444445681876142,train
16709,Champions,United Kingdom,4.556470588235294,0.40522875816993464,10.705882352941176,220,0.16339869281045752,645,0.0,Champions,0.9744760886192599,test
16710,Champions,United Kingdom,2.43052738336714,0.08417849898580122,4.4614604462474645,541,0.45334685598377283,716,0.043478260869565216,Champions,0.9740655364669074,train
16711,Champions,United Kingdom,3.769090909090909,0.7878787878787878,36.72727272727273,26,0.21212121212121213,734,0.1,Champions,0.5855976598596897,train
16712,Champions,United Kingdom,3.0132830188679245,0.08113207547169811,3.949056603773585,301,0.0,391,0.0,Champions,0.5817880101099283,train
16713,Champions,United Kingdom,3.3618188622754492,0.17589820359281438,6.499251497005988,541,0.03293413173652695,705,0.21951219512195122,Champions,0.9746517878282736,train
16714,Loyal Customers,United Kingdom,3.427844827586207,0.1896551724137931,7.318965517241379,95,0.19827586206896552,451,0.42857142857142855,Loyal Customers,0.8589329579194651,train
16715,Loyal Customers,United Kingdom,0.7071428571428572,0.8214285714285714,41.92857142857143,27,0.0,484,0.0,Loyal Customers,0.8036177146847769,train
16716,Loyal Customers,United Kingdom,2.975,1.0,114.0,7,0.0,363,0.25,Loyal Customers,0.7455985857873361,train
16717,Champions,United Kingdom,3.4595081967213117,0.3224043715846995,8.814207650273223,274,0.0,708,0.3,Champions,0.9800666513585105,train
16718,Loyal Customers,United Kingdom,2.4312107623318386,0.3901345291479821,10.506726457399104,123,0.7399103139013453,363,0.0,Champions,0.7512666674481596,train
16719,Champions,United Kingdom,3.7113738738738737,0.13063063063063063,5.711711711711712,204,0.12837837837837837,711,0.17647058823529413,Champions,0.9708814921492195,test
16720,Loyal Customers,United Kingdom,2.5743037974683545,0.06962025316455696,3.0316455696202533,130,0.6772151898734177,695,0.25,Champions,0.9795888182470818,train
16721,At Risk,United Kingdom,2.363243243243243,0.13513513513513514,4.648648648648648,37,0.0,0,0.0,At Risk,0.7664500902730681,test
16722,Champions,United Kingdom,1.3436515513126492,0.6897374701670644,20.477326968973745,145,0.0,718,0.15384615384615385,Champions,0.9759037735330374,train
16723,Loyal Customers,United Kingdom,4.147230769230769,0.19230769230769232,7.707692307692308,108,0.0,643,0.0,Champions,0.9655486081780054,train
16724,Hibernating or Lost,United Kingdom,2.3911764705882352,0.058823529411764705,4.0588235294117645,17,1.0,0,0.0,Hibernating or Lost,0.7177820084488415,train
16725,Loyal Customers,United Kingdom,3.446122448979592,0.04081632653061224,2.0,242,0.3239795918367347,424,0.125,Champions,0.6179814692796378,train
16726,Champions,United Kingdom,2.366444444444445,0.12222222222222222,5.022222222222222,150,0.6222222222222222,384,0.0,Champions,0.6352384448555851,train
16727,Loyal Customers,United Kingdom,1.6250704225352113,0.11267605633802817,5.206572769953052,158,0.28169014084507044,324,0.0,Champions,0.5190670437087724,train
16728,Loyal Customers,United Kingdom,2.304646840148699,0.05204460966542751,2.516728624535316,218,0.5315985130111525,218,0.0,Champions,0.6352384448555851,test
16729,Champions,United Kingdom,2.134439393939394,0.23939393939393938,8.762121212121212,234,0.0,203,0.19230769230769232,Loyal Customers,0.39715692325349855,train
16730,Loyal Customers,United Kingdom,1.4010975609756098,0.4146341463414634,12.121951219512194,75,0.0,267,0.25,Loyal Customers,0.8781923722871217,test
16731,Hibernating or Lost,United Kingdom,1.7983720930232558,0.046511627906976744,2.953488372093023,40,0.0,0,0.0,At Risk,0.622888518232414,test
16732,Champions,United Kingdom,4.474027149321267,0.48868778280542985,10.923076923076923,199,0.0,699,0.5555555555555556,Champions,0.9799290668134282,train
16733,Hibernating or Lost,United Kingdom,2.8783333333333334,0.6666666666666666,9.333333333333334,12,0.0,0,0.0,Hibernating or Lost,0.5953587357670068,train
16734,Loyal Customers,United Kingdom,3.5356603773584903,0.20754716981132076,6.528301886792453,44,0.0,61,0.0,At Risk,0.8596366604048866,train
16735,Champions,United Kingdom,2.326897689768977,0.5841584158415841,14.128712871287128,178,0.22442244224422442,653,0.36363636363636365,Champions,0.989730205266036,train
16736,Loyal Customers,United Kingdom,4.299160839160839,0.21678321678321677,7.3426573426573425,116,0.0,230,0.375,Champions,0.6238399859074022,train
16737,Loyal Customers,United Kingdom,1.45,1.0,288.0,1,0.0,524,0.0,Champions,0.5440678580703685,train
16738,At Risk,United Kingdom,1.25,0.0,3.0,1,0.0,0,0.0,Hibernating or Lost,0.843854912113596,train
16739,At Risk,United Kingdom,3.133947368421053,0.5,10.289473684210526,33,0.0,359,0.5,Loyal Customers,0.9006411260464628,train
16740,Hibernating or Lost,United Kingdom,2.707878787878788,0.06060606060606061,3.515151515151515,30,0.0,0,0.0,At Risk,0.6490496539052968,train
16741,Hibernating or Lost,United Kingdom,3.2436363636363637,0.18181818181818182,7.363636363636363,11,0.0,0,0.0,At Risk,0.5947845570931846,train
16742,Champions,United Kingdom,6.253669724770642,0.46788990825688076,23.853211009174313,51,0.12844036697247707,676,0.06666666666666667,Champions,0.746840226620947,train
16743,Champions,United Kingdom,1.4673333333333334,0.4266666666666667,9.968,118,0.0,566,0.06666666666666667,Champions,0.9721936167501243,test
16744,Champions,United Kingdom,2.498595041322314,0.049586776859504134,3.3264462809917354,198,0.8512396694214877,161,0.0,Loyal Customers,0.4790925992139787,train
16745,Champions,United Kingdom,1.922408963585434,0.2969187675070028,18.865546218487395,148,0.09243697478991597,225,0.05555555555555555,Champions,0.6411868135305463,train
16746,Champions,United Kingdom,2.5780080889787667,0.2659251769464105,12.038422649140546,390,0.301314459049545,730,0.08695652173913043,Champions,0.9827063607332647,test
16747,Loyal Customers,United Kingdom,2.828095238095238,0.5238095238095238,13.880952380952381,34,0.0,30,0.5,At Risk,0.7294524478311958,train
16748,Champions,United Kingdom,1.7759393939393937,0.3212121212121212,12.89090909090909,55,0.09090909090909091,711,0.06666666666666667,Champions,0.6498577286240101,test
16749,Loyal Customers,United Kingdom,2.855714285714286,0.7142857142857143,26.98701298701299,53,0.0,132,0.0,At Risk,0.5346079062853114,train
16750,Loyal Customers,United Kingdom,3.8141052631578947,0.021052631578947368,2.2526315789473683,74,0.0,187,0.0,At Risk,0.6313688337125513,train
16751,Loyal Customers,United Kingdom,1.4,0.8,41.24,24,0.0,0,0.0,At Risk,0.7850858886768727,train
16752,At Risk,United Kingdom,13.594444444444445,0.3333333333333333,6.0,9,0.0,0,0.0,At Risk,0.4984835712030462,train
16753,At Risk,United Kingdom,2.1223529411764703,0.20588235294117646,5.5588235294117645,34,0.0,0,0.0,At Risk,0.766762494178712,train
16754,Champions,United Kingdom,1.6669718309859156,1.0,477.6830985915493,38,0.0,269,0.17142857142857143,Loyal Customers,0.8036177146847769,train
16755,Champions,United Kingdom,2.5347416413373858,0.16717325227963525,6.075987841945289,219,0.12158054711246201,615,0.3,Champions,0.9814535213134379,train
16756,Loyal Customers,United Kingdom,3.326329113924051,0.4177215189873418,8.949367088607595,64,0.4430379746835443,425,0.2222222222222222,Loyal Customers,0.8423513347685281,train
16757,At Risk,United Kingdom,1.7633333333333332,0.7333333333333333,12.0,13,0.0,90,0.0,Hibernating or Lost,0.5750626267462317,train
16758,At Risk,United Kingdom,4.041363636363636,0.22727272727272727,9.227272727272727,22,0.0,0,0.0,At Risk,0.8607784496184314,train
16759,Loyal Customers,United Kingdom,2.9404761904761907,0.6190476190476191,14.5,40,0.0,23,0.25,At Risk,0.7681353962562927,train
16760,Hibernating or Lost,United Kingdom,1.6147058823529412,0.6470588235294118,9.882352941176471,17,0.0,0,0.0,Hibernating or Lost,0.5750626267462317,train
16761,At Risk,United Kingdom,1.196923076923077,0.9230769230769231,26.23076923076923,13,1.0,0,0.0,Hibernating or Lost,0.5338464198620827,train
16762,Champions,United Kingdom,3.2635955056179773,0.23595505617977527,6.943820224719101,51,0.6179775280898876,124,0.0,Loyal Customers,0.6510238949798486,train
16763,Loyal Customers,United Kingdom,3.915909090909091,0.5227272727272727,11.181818181818182,44,0.0,539,0.3333333333333333,Loyal Customers,0.4970212762409057,train
16764,Champions,United Kingdom,2.3620679886685556,0.0028328611898017,1.7832861189801699,209,0.05524079320113314,139,0.2777777777777778,Loyal Customers,0.4316283406813136,train
16765,At Risk,United Kingdom,2.715384615384615,0.09615384615384616,5.980769230769231,52,0.0,88,0.0,At Risk,0.6005453189263532,train
16766,Loyal Customers,United Kingdom,2.835294117647059,0.7647058823529411,15.764705882352942,17,0.0,0,0.0,Hibernating or Lost,0.6138854892987397,train
16767,Champions,United Kingdom,1.4784259259259258,0.7129629629629629,21.978395061728396,209,0.04938271604938271,559,0.0625,Champions,0.9759037735330374,train
16768,Champions,United Kingdom,3.648841463414634,0.08536585365853659,4.737804878048781,108,0.7378048780487805,684,0.35714285714285715,Champions,0.978067152283113,train
16769,Loyal Customers,United Kingdom,5.0919,0.03,3.01,76,0.0,465,0.0,Loyal Customers,0.8978707102564389,test
16770,Champions,United Kingdom,2.5384180790960453,0.096045197740113,3.1638418079096047,202,0.7005649717514124,416,0.18181818181818182,Champions,0.6352384448555851,train
16771,Champions,United Kingdom,2.968131067961165,0.1407766990291262,5.616504854368932,303,0.20631067961165048,697,0.0,Champions,0.9757447180537585,test
16772,Loyal Customers,United Kingdom,5.906521739130435,0.2898550724637681,9.985507246376812,54,0.0,298,0.4,Loyal Customers,0.8807131227692723,train
16773,Loyal Customers,United Kingdom,3.6244615384615386,0.03076923076923077,3.876923076923077,53,0.36923076923076925,675,0.0,Champions,0.6804291187926712,train
16774,Champions,United Kingdom,3.1654074074074074,0.1259259259259259,5.814814814814815,89,0.0,593,0.1111111111111111,Champions,0.6696625366903439,train
16775,Champions,United Kingdom,4.382805755395684,0.06115107913669065,3.6690647482014387,132,0.0,431,0.058823529411764705,Champions,0.5022067570673451,train
16776,Loyal Customers,United Kingdom,1.7404379562043795,0.06569343065693431,3.2846715328467155,105,0.0,355,0.0,Loyal Customers,0.5111718900434721,train
16777,Loyal Customers,United Kingdom,3.881164383561644,0.0821917808219178,3.2534246575342465,125,0.363013698630137,552,0.16666666666666666,Champions,0.9621997230560563,train
16778,At Risk,United Kingdom,2.365,0.5625,12.125,16,0.0,199,0.0,At Risk,0.5378948354889166,train
16779,Champions,United Kingdom,2.155483870967742,0.5351043643263758,18.620493358633777,293,0.1110056925996205,734,0.14516129032258066,Champions,0.9779790862569014,test
16780,Loyal Customers,United Kingdom,2.8687878787878787,0.0707070707070707,3.585858585858586,73,0.0,306,0.0,Loyal Customers,0.892106178311767,train
16781,Loyal Customers,United Kingdom,5.5625,0.19642857142857142,5.446428571428571,36,0.0,297,0.3333333333333333,Loyal Customers,0.8714217746165273,train
16782,Champions,United Kingdom,2.9922039298990972,0.019118428040361127,2.2756240042485394,575,0.49336165693043016,720,0.24,Champions,0.978067152283113,train
16783,At Risk,United Kingdom,3.338,0.28,6.52,25,0.0,0,0.0,At Risk,0.8596366604048866,train
16784,Loyal Customers,United Kingdom,2.0938125,0.01875,3.1,138,0.95625,601,0.0,Champions,0.9588644593642219,train
16785,At Risk,United Kingdom,3.2808571428571427,0.37142857142857144,8.942857142857143,35,0.0,0,0.0,At Risk,0.8456920669792868,train
16786,Hibernating or Lost,United Kingdom,0.72,1.0,72.0,1,0.0,0,0.0,Hibernating or Lost,0.6625839037072621,train
16787,Loyal Customers,United Kingdom,3.4830701754385966,0.11403508771929824,4.157894736842105,102,1.0,300,0.0,Champions,0.6179814692796378,train
16788,Loyal Customers,United Kingdom,2.3310707070707073,0.01616161616161616,1.9898989898989898,348,0.47474747474747475,547,0.0,Champions,0.9740655364669074,train
16789,At Risk,United Kingdom,2.8899999999999997,0.2,6.4,5,0.0,0,0.0,Hibernating or Lost,0.5068579629241098,train
16790,Champions,United Kingdom,2.3633333333333333,0.3655913978494624,9.655913978494624,88,0.16129032258064516,34,0.25,Loyal Customers,0.6004596599567795,train
16791,Champions,United Kingdom,2.9364469914040114,0.02865329512893983,2.684813753581662,393,0.21060171919770773,707,0.16666666666666666,Champions,0.9740655364669074,train
16792,Loyal Customers,United Kingdom,2.6470588235294117,0.029411764705882353,3.176470588235294,90,0.20588235294117646,422,0.0,Loyal Customers,0.8973604003191129,train
16793,At Risk,United Kingdom,2.426875,0.375,9.125,16,0.0,0,0.0,Hibernating or Lost,0.5096815370698696,train
16794,Champions,United Kingdom,1.82003861003861,0.019305019305019305,3.0926640926640925,245,0.40540540540540543,623,0.11764705882352941,Champions,0.9588644593642219,train
16795,Loyal Customers,United Kingdom,2.1338725490196078,0.031862745098039214,3.575980392156863,306,0.0,318,0.4,Champions,0.5435895885647379,train
16796,At Risk,United Kingdom,1.7455555555555555,0.6111111111111112,10.333333333333334,18,1.0,0,0.0,At Risk,0.5175554567972127,train
16797,Loyal Customers,United Kingdom,2.7694594594594597,0.012285012285012284,2.2334152334152333,289,0.15233415233415235,344,0.4444444444444444,Champions,0.6580586672494315,test
16798,At Risk,United Kingdom,4.155260115606937,0.005780346820809248,1.2080924855491328,141,0.4797687861271676,174,0.25,Loyal Customers,0.5183889655126298,test
16799,At Risk,United Kingdom,3.3768867924528303,0.0,1.6603773584905661,81,1.0,21,0.3333333333333333,Loyal Customers,0.7326006534102112,train
16800,Loyal Customers,United Kingdom,3.6933536585365854,0.036585365853658534,3.292682926829268,148,0.0,0,0.0,Loyal Customers,0.3921816908164315,train
16801,Loyal Customers,United Kingdom,5.979210526315789,0.25,6.565789473684211,72,0.23684210526315788,110,0.2,Loyal Customers,0.5559412798332453,train
16802,At Risk,United Kingdom,1.8016981132075471,0.24528301886792453,6.962264150943396,48,0.0,51,0.0,At Risk,0.6855707981666673,train
16803,At Risk,United Kingdom,2.1033333333333335,0.4583333333333333,10.208333333333334,24,0.0,0,0.0,At Risk,0.8373151763866855,train
16804,Loyal Customers,United Kingdom,3.2141666666666664,0.08333333333333333,4.1,59,0.0,247,0.0,Loyal Customers,0.8942440043812727,train
16805,Loyal Customers,United Kingdom,2.1233067729083666,0.09163346613545817,4.47011952191235,213,0.17131474103585656,557,0.0,Champions,0.9588644593642219,train
16806,Loyal Customers,United Kingdom,2.8590291262135925,0.06796116504854369,3.6699029126213594,68,0.44660194174757284,135,0.0,Loyal Customers,0.5967589475498478,train
16807,Loyal Customers,United Kingdom,2.552605633802817,0.34507042253521125,10.091549295774648,107,0.1056338028169014,480,0.25,Champions,0.7446533904860143,train
16808,At Risk,United Kingdom,2.332173913043478,0.391304347826087,8.521739130434783,21,0.0,175,0.0,At Risk,0.8059974635658709,train
16809,Champions,United Kingdom,1.7740540540540541,0.007722007722007722,4.22007722007722,113,0.2084942084942085,582,0.1,Champions,0.9588644593642219,test
16810,At Risk,United Kingdom,3.945,0.5,10.941176470588236,34,0.0,228,0.5,Loyal Customers,0.8925090118998822,train
16811,Loyal Customers,United Kingdom,2.3685714285714283,0.5714285714285714,17.035714285714285,26,0.0,12,0.0,At Risk,0.7843675251583553,train
16812,Loyal Customers,United Kingdom,3.1784347826086954,0.4434782608695652,9.704347826086957,98,0.0,21,0.2,At Risk,0.5118624674150901,train
16813,Champions,United Kingdom,1.750445434298441,0.015590200445434299,3.3964365256124722,248,0.4142538975501114,196,0.0,Loyal Customers,0.5261593429904574,train
16814,Champions,United Kingdom,3.497898009950249,0.19154228855721392,6.300995024875622,247,0.19651741293532338,593,0.02702702702702703,Champions,0.9779856337643557,train
16815,At Risk,United Kingdom,2.555405405405405,0.013513513513513514,3.2162162162162162,66,0.4594594594594595,82,0.0,Loyal Customers,0.5967589475498478,test
16816,Loyal Customers,United Kingdom,2.2528571428571427,0.5,9.785714285714286,28,0.6428571428571429,254,0.0,Loyal Customers,0.9265845739286206,test
16817,Champions,United Kingdom,3.159735099337748,0.5231788079470199,10.364238410596027,107,0.0,429,0.2777777777777778,Champions,0.7563025540221495,test
16818,Champions,United Kingdom,2.5258510638297875,0.6117021276595744,11.51063829787234,172,0.05319148936170213,194,0.15384615384615385,Champions,0.45642710879154613,train
16819,At Risk,United Kingdom,2.7847058823529416,0.17647058823529413,14.882352941176471,17,0.0,0,0.0,Hibernating or Lost,0.5261141543719641,train
16820,At Risk,United Kingdom,3.7388461538461537,0.5384615384615384,11.807692307692308,26,0.0,0,0.0,At Risk,0.8368435692463948,train
16821,Hibernating or Lost,United Kingdom,10.235714285714286,0.0,1.8571428571428572,7,0.0,0,0.0,Hibernating or Lost,0.8053437570891684,test
16822,Hibernating or Lost,United Kingdom,2.5436363636363635,0.6363636363636364,15.545454545454545,11,0.0,0,0.6666666666666666,At Risk,0.6690963625778594,train
16823,Loyal Customers,United Kingdom,2.8522857142857143,0.22857142857142856,6.674285714285714,149,0.13714285714285715,510,0.125,Champions,0.9764092050776733,train
16824,Loyal Customers,United Kingdom,3.0784615384615384,0.5641025641025641,10.0,34,0.0,378,0.0,Loyal Customers,0.8701937413527897,train
16825,Loyal Customers,United Kingdom,3.09640625,0.375,20.265625,48,0.0,495,0.0,Loyal Customers,0.8289565169288982,train
16826,At Risk,United Kingdom,3.985,0.4090909090909091,7.181818181818182,22,0.0,0,0.0,At Risk,0.8512045679765924,train
16827,At Risk,United Kingdom,6.29,0.25,10.416666666666666,10,0.0,195,0.0,At Risk,0.567010852999173,train
16828,At Risk,United Kingdom,3.75,0.375,7.375,8,0.0,19,0.0,At Risk,0.5888990040447544,test
16829,At Risk,United Kingdom,3.9374074074074077,0.2962962962962963,7.962962962962963,25,0.0,231,0.0,Loyal Customers,0.7940006714673897,train
16830,Loyal Customers,United Kingdom,2.8884,0.28,9.32,65,0.21333333333333335,687,0.2,Champions,0.7448086779745412,test
16831,Hibernating or Lost,United Kingdom,2.783333333333333,0.5,8.0,6,0.0,0,0.0,Hibernating or Lost,0.5096815370698696,train
16832,Loyal Customers,United Kingdom,5.49952380952381,0.42857142857142855,8.523809523809524,19,0.0,274,0.0,Loyal Customers,0.8148298790975255,test
16833,Champions,United Kingdom,6.784565217391304,0.31521739130434784,9.543478260869565,87,0.532608695652174,621,0.0,Champions,0.7015330034620072,train
16834,Loyal Customers,United Kingdom,1.4660416666666667,0.8125,15.833333333333334,43,0.0,446,0.0,Loyal Customers,0.8036177146847769,train
16835,Loyal Customers,United Kingdom,4.148620689655172,0.11494252873563218,5.919540229885057,58,0.0,441,0.4,Loyal Customers,0.8999797437684108,train
16836,Loyal Customers,United Kingdom,2.4564285714285714,0.5238095238095238,12.833333333333334,42,0.0,534,0.0,Champions,0.528992351827265,train
16837,Champions,United Kingdom,4.203090909090909,0.37575757575757573,9.472727272727273,123,0.0,214,0.08333333333333333,Champions,0.5967348133863778,train
16838,Loyal Customers,United Kingdom,7.003050847457628,0.4745762711864407,8.627118644067796,53,0.576271186440678,465,0.3333333333333333,Loyal Customers,0.8781409355920092,train
16839,Champions,United Kingdom,3.078760563380282,0.676056338028169,32.47042253521127,132,0.08732394366197183,657,0.13725490196078433,Champions,0.9837839865153755,train
16840,At Risk,United Kingdom,2.5055555555555555,0.5555555555555556,13.0,9,0.0,71,0.3333333333333333,At Risk,0.7633919045519497,train
16841,Champions,United Kingdom,1.7258904109589042,0.7031963470319634,15.881278538812785,187,0.0639269406392694,660,0.14285714285714285,Champions,0.9759037735330374,train
16842,Loyal Customers,United Kingdom,3.161111111111111,0.42857142857142855,11.0,45,0.0,201,0.25,Loyal Customers,0.6074326597460005,test
16843,Champions,United Kingdom,2.0396140939597314,0.8154362416107382,31.043624161073826,317,0.09228187919463088,686,0.07894736842105263,Champions,0.9759037735330374,test
16844,At Risk,United Kingdom,3.2328125,0.34375,8.78125,26,0.0,20,0.0,At Risk,0.8596366604048866,train
16845,Hibernating or Lost,United Kingdom,3.443,0.5,8.35,20,0.0,0,0.0,At Risk,0.8456920669792868,train
16846,Loyal Customers,United Kingdom,2.71468085106383,0.40425531914893614,11.0,47,0.0,589,0.0,Champions,0.774545527743185,test
16847,Loyal Customers,United Kingdom,4.87945945945946,0.24324324324324326,6.891891891891892,37,0.0,574,0.0,Loyal Customers,0.6139238542644256,train
16848,Loyal Customers,United Kingdom,2.4898823529411764,0.4470588235294118,9.176470588235293,75,0.8352941176470589,379,0.0,Loyal Customers,0.8618300023380804,train
16849,At Risk,United Kingdom,5.1049999999999995,0.0,4.125,8,0.0,0,0.0,Hibernating or Lost,0.8053437570891684,train
16850,At Risk,United Kingdom,2.1210526315789475,0.5789473684210527,13.105263157894736,19,0.0,0,0.0,At Risk,0.8373151763866855,test
16851,Loyal Customers,United Kingdom,1.9634999999999998,0.6,13.55,17,0.0,47,0.0,Hibernating or Lost,0.5750626267462317,test
16852,Loyal Customers,United Kingdom,8.315555555555555,0.2222222222222222,6.222222222222222,9,0.0,165,0.0,At Risk,0.4984835712030462,train
16854,At Risk,United Kingdom,2.5152,0.5733333333333334,13.293333333333333,72,0.0,223,0.0,Loyal Customers,0.8514693798878483,train
16855,Loyal Customers,United Kingdom,3.7394736842105263,0.42105263157894735,8.631578947368421,19,0.0,19,0.0,At Risk,0.8456920669792868,train
16856,Loyal Customers,United Kingdom,2.8594736842105264,0.3157894736842105,9.0,16,0.0,427,0.0,Loyal Customers,0.6631817818640606,train
16857,At Risk,United Kingdom,2.6045454545454545,0.7272727272727273,15.272727272727273,11,0.0,0,0.0,Hibernating or Lost,0.6138854892987397,train
16858,Champions,United Kingdom,4.112573529411765,0.4264705882352941,11.132352941176471,75,0.16176470588235295,355,0.375,Loyal Customers,0.8689505082547436,test
16859,Loyal Customers,United Kingdom,2.3982727272727273,0.6363636363636364,17.263636363636362,87,0.0,500,0.3,Loyal Customers,0.8023675291202824,train
16860,Loyal Customers,United Kingdom,5.241860465116279,0.3953488372093023,14.534883720930232,35,0.0,209,0.25,At Risk,0.8260002105337354,train
16861,Loyal Customers,United Kingdom,2.533061224489796,0.42857142857142855,12.571428571428571,39,0.30612244897959184,448,0.16666666666666666,Loyal Customers,0.9214819539591825,train
16862,At Risk,United Kingdom,2.358857142857143,0.6285714285714286,14.657142857142857,34,0.0,154,0.0,At Risk,0.7754822360979571,train
16863,Loyal Customers,United Kingdom,1.8401785714285714,0.7321428571428571,13.303571428571429,43,0.0,378,0.4,Loyal Customers,0.8850051851691695,test
16864,At Risk,United Kingdom,2.235294117647059,0.8235294117647058,16.647058823529413,17,0.0,164,0.0,Hibernating or Lost,0.6625839037072621,train
16865,Hibernating or Lost,United Kingdom,1.585625,0.3125,9.8125,15,0.0,0,0.0,At Risk,0.502078794807007,test
16866,At Risk,United Kingdom,3.808181818181818,0.18181818181818182,5.454545454545454,10,0.09090909090909091,20,0.0,Hibernating or Lost,0.5415922432970055,train
16867,Hibernating or Lost,United Kingdom,1.5283333333333333,0.5,9.666666666666666,6,0.0,0,0.0,At Risk,0.4967706698319442,train
16868,At Risk,United Kingdom,4.21962962962963,0.018518518518518517,2.1481481481481484,47,0.7962962962962963,199,0.0,Loyal Customers,0.4668812028183201,train
16869,Loyal Customers,United Kingdom,2.29875,0.078125,4.5703125,113,0.0,152,0.2,Loyal Customers,0.3942893623348598,test
16870,At Risk,United Kingdom,2.7842857142857147,0.5357142857142857,9.928571428571429,28,0.0,0,0.0,At Risk,0.8021283796886285,train
16871,Champions,United Kingdom,3.4572992700729923,0.39416058394160586,9.145985401459853,131,0.10218978102189781,248,0.14285714285714285,Champions,0.6705945168626131,train
16872,Loyal Customers,United Kingdom,6.682222222222222,0.6666666666666666,59.94444444444444,12,0.2777777777777778,385,0.0,Loyal Customers,0.782522075715134,train
16873,Champions,United Kingdom,2.985390625,0.607421875,16.798828125,252,0.208984375,663,0.29411764705882354,Champions,0.9889562045859519,train
16874,At Risk,United Kingdom,3.2594117647058827,0.029411764705882353,2.3823529411764706,31,0.0,0,0.0,At Risk,0.7386192680994106,train
16875,Champions,United Kingdom,3.664782608695652,0.3565217391304348,9.126086956521739,161,0.0,636,0.45,Champions,0.9800666513585105,train
16876,Hibernating or Lost,United Kingdom,1.9859375000000001,0.25,5.65625,32,0.0,0,0.0,At Risk,0.8369925355788373,train
16877,Loyal Customers,United Kingdom,2.525786163522013,0.050314465408805034,2.911949685534591,111,1.0,195,0.0,Loyal Customers,0.4790925992139787,train
16878,At Risk,United Kingdom,1.5833333333333333,0.0,4.0,3,0.0,0,0.5,Hibernating or Lost,0.573389981899959,train
16880,Champions,United Kingdom,3.7503743315508022,0.12299465240641712,4.871657754010696,130,0.37433155080213903,462,0.0,Champions,0.6179814692796378,test
16881,At Risk,United Kingdom,0.72,1.0,600.0,1,0.0,0,0.0,Hibernating or Lost,0.6625839037072621,train
16882,Loyal Customers,United Kingdom,2.767179487179487,0.5897435897435898,10.871794871794872,39,0.0,250,0.0,Loyal Customers,0.8617708085265714,train
16883,Champions,United Kingdom,3.595451388888889,0.06944444444444445,3.75,159,0.19444444444444445,548,0.05,Champions,0.9721425832198033,train
16884,Loyal Customers,United Kingdom,4.4488,0.28,6.946666666666666,64,0.0,532,0.0,Champions,0.6298972710469025,train
16885,Loyal Customers,United Kingdom,3.117957746478873,0.07042253521126761,2.647887323943662,121,0.0,370,0.0,Champions,0.5817880101099283,train
16886,Hibernating or Lost,United Kingdom,3.8375,0.25,6.0,8,0.0,0,0.5,At Risk,0.8154363279823286,train
16887,Loyal Customers,United Kingdom,2.476176470588235,0.0784313725490196,4.1568627450980395,94,0.0,703,0.0,Champions,0.6640405193033903,train
16888,At Risk,United Kingdom,4.122777777777777,0.05555555555555555,2.7222222222222223,44,0.0,300,0.0,Loyal Customers,0.7492841312829094,train
16889,Loyal Customers,United Kingdom,2.8405045871559635,0.18807339449541285,7.412844036697248,163,0.7798165137614679,371,0.0,Champions,0.6892538001912816,train
16890,At Risk,United Kingdom,1.9442105263157894,0.2631578947368421,12.789473684210526,17,0.0,105,0.0,At Risk,0.502078794807007,test
16891,Champions,United Kingdom,3.1587403100775195,0.011627906976744186,1.5,335,0.0,733,0.0,Champions,0.9679373006859754,test
16892,Champions,United Kingdom,3.435971223021583,0.03597122302158273,2.661870503597122,119,0.0,729,0.2222222222222222,Champions,0.9747582747155219,test
16893,At Risk,United Kingdom,2.4463703703703703,0.0,1.348148148148148,80,0.3333333333333333,9,0.0,Loyal Customers,0.5967589475498478,train
16894,Loyal Customers,United Kingdom,4.626387434554974,0.04712041884816754,2.654450261780105,186,0.005235602094240838,33,0.4,Loyal Customers,0.4419700552615333,train
16895,Loyal Customers,United Kingdom,2.996842105263158,0.04678362573099415,2.5321637426900585,135,0.0,601,0.0,Champions,0.9679373006859754,test
16896,Hibernating or Lost,United Kingdom,5.775,0.0,1.0,18,0.0,0,0.0,Hibernating or Lost,0.8053437570891684,train
16897,At Risk,United Kingdom,5.09972972972973,0.0,1.972972972972973,37,1.0,14,0.3333333333333333,At Risk,0.7032830288650421,train
16898,Loyal Customers,United Kingdom,2.122662116040956,0.05802047781569966,2.7474402730375425,223,0.20136518771331058,550,0.16666666666666666,Champions,0.9588644593642219,test
16899,Champions,United Kingdom,3.185418994413408,0.07262569832402235,4.569832402234637,101,0.40782122905027934,389,0.0,Loyal Customers,0.9026307242250012,train
16900,Loyal Customers,United Kingdom,2.1250632911392406,0.2911392405063291,10.544303797468354,78,0.10126582278481013,46,0.4,Loyal Customers,0.48711630265892497,test
16901,Hibernating or Lost,United Kingdom,6.1256521739130445,0.0,1.826086956521739,23,0.0,0,0.0,At Risk,0.6790364749681377,test
16902,At Risk,United Kingdom,3.8652272727272727,0.5909090909090909,14.295454545454545,43,0.0,0,0.0,At Risk,0.8173343332323036,train
16903,Loyal Customers,United Kingdom,2.242578947368421,0.15263157894736842,3.931578947368421,148,0.0,386,0.25,Champions,0.5789483574319254,test
16904,Champions,United Kingdom,2.6549898167006107,0.04175152749490835,2.860488798370672,484,0.10692464358452139,406,0.0,Champions,0.5998457545140751,test
16905,Champions,United Kingdom,3.7515204678362575,0.13450292397660818,6.02046783625731,171,0.4766081871345029,723,0.15,Champions,0.9779856337643557,test
16906,Champions,United Kingdom,3.3710222222222224,0.044444444444444446,2.7244444444444444,180,0.0,493,0.0,Champions,0.5817880101099283,test
16907,Champions,United Kingdom,3.607450980392157,0.027450980392156862,2.0862745098039217,109,0.0,497,0.0,Champions,0.5817880101099283,test
16908,Hibernating or Lost,United Kingdom,3.9219999999999997,0.05,3.05,20,0.0,0,0.5,At Risk,0.8306671323565687,train
16909,At Risk,United Kingdom,3.238888888888889,0.5555555555555556,24.22222222222222,18,0.0,0,0.5,At Risk,0.7872572958317398,train
16910,Champions,United Kingdom,2.173400365630713,0.012797074954296161,1.6197440585009142,318,0.0,86,0.0,At Risk,0.4176832484611063,train
16911,At Risk,United Kingdom,2.318571428571429,0.08571428571428572,4.6,30,0.5428571428571428,25,0.3333333333333333,At Risk,0.5836654030809836,test
16912,Champions,United Kingdom,4.352080924855491,0.30057803468208094,9.786127167630058,130,0.08092485549132948,701,0.16666666666666666,Champions,0.970868515655739,train
16913,Loyal Customers,United Kingdom,3.7277777777777774,0.2222222222222222,12.722222222222221,18,0.0,361,0.0,Loyal Customers,0.6784622350139963,train
16914,At Risk,United Kingdom,2.649736842105263,0.07894736842105263,3.1842105263157894,25,0.0,0,0.0,At Risk,0.6490496539052968,train
16915,Champions,United Kingdom,11.011621621621622,0.013513513513513514,2.5675675675675675,54,0.0,560,0.0,Champions,0.571350833347413,train
16916,Champions,United Kingdom,2.414621212121212,0.04924242424242424,2.893939393939394,180,0.0,391,0.0,Champions,0.5998457545140751,train
16917,Loyal Customers,United Kingdom,5.234117647058824,0.47058823529411764,15.549019607843137,45,0.0,355,0.3333333333333333,Loyal Customers,0.8409650660537978,test
16918,Champions,United Kingdom,2.172516411378556,0.07439824945295405,4.527352297592998,280,0.0525164113785558,687,0.15789473684210525,Champions,0.9527062675286382,train
16919,Champions,United Kingdom,2.95859375,0.0578125,3.7890625,230,0.0,320,0.14285714285714285,Champions,0.5817880101099283,train
16920,At Risk,United Kingdom,5.4195652173913045,0.0,3.5217391304347827,23,1.0,0,0.0,At Risk,0.699121992610056,train
16921,Loyal Customers,United Kingdom,2.757263157894737,0.05263157894736842,3.1473684210526316,78,0.8842105263157894,539,0.0,Champions,0.6962315855974162,test
16922,At Risk,United Kingdom,3.0281967213114753,0.00819672131147541,2.30327868852459,122,1.0,0,0.0,Loyal Customers,0.48891135866633423,train
16923,Champions,United Kingdom,3.0035689045936396,0.10777385159010601,5.537985865724382,431,0.8948763250883393,665,0.21951219512195122,Champions,0.9721425832198033,train
16924,Loyal Customers,United Kingdom,2.6796385542168673,0.18072289156626506,5.9397590361445785,69,0.0,62,0.25,Loyal Customers,0.5562535484530412,train
16925,Hibernating or Lost,United Kingdom,2.3866666666666667,0.2222222222222222,6.833333333333333,18,0.0,0,0.0,Hibernating or Lost,0.5068579629241098,train
16926,Loyal Customers,United Kingdom,6.3373684210526315,0.0,2.0789473684210527,63,0.0,155,0.16666666666666666,At Risk,0.6745487483719981,train
16927,Loyal Customers,United Kingdom,2.9066666666666667,0.3333333333333333,165.5,5,0.0,245,0.0,Loyal Customers,0.677575661834423,train
16928,Champions,United Kingdom,2.824358208955224,0.28059701492537314,8.223880597014926,135,0.23582089552238805,594,0.12121212121212122,Champions,0.9795133047476816,test
16929,Champions,United Kingdom,2.0796103896103895,0.3116883116883117,12.064935064935066,51,0.0,151,0.0,At Risk,0.6465775964661576,train
16930,Loyal Customers,United Kingdom,1.6248148148148147,0.12962962962962962,6.314814814814815,47,1.0,42,0.0,Loyal Customers,0.49774374535685073,test
16931,Champions,United Kingdom,2.080819180819181,0.03296703296703297,3.4595404595404595,466,0.9070929070929071,391,0.0,Champions,0.5190670437087724,train
16932,Loyal Customers,United Kingdom,2.3111111111111113,0.020833333333333332,1.5902777777777777,116,0.0,517,0.0,Champions,0.9701483488954694,train
16933,Champions,United Kingdom,3.1701034482758623,0.1206896551724138,5.334482758620689,213,0.0,728,0.4375,Champions,0.9747582747155219,train
16934,Loyal Customers,United Kingdom,3.868601398601399,0.1888111888111888,6.566433566433567,128,0.958041958041958,566,0.14285714285714285,Champions,0.9700671787935642,train
16935,At Risk,United Kingdom,1.970958904109589,0.1232876712328767,3.808219178082192,55,0.0,39,0.0,At Risk,0.6439543522648258,train
16936,Loyal Customers,United Kingdom,1.88531914893617,0.0070921985815602835,2.425531914893617,122,0.0,359,0.0,Loyal Customers,0.5111718900434721,train
16937,Hibernating or Lost,United Kingdom,1.9892156862745098,0.0196078431372549,2.4705882352941178,49,0.0,0,0.0,At Risk,0.6439543522648258,test
16938,Champions,United Kingdom,2.6452990430622005,0.08014354066985646,6.08133971291866,547,0.2452153110047847,651,0.1,Champions,0.9764579373854319,test
16939,At Risk,United Kingdom,3.300681818181818,0.09090909090909091,5.2727272727272725,38,1.0,160,0.0,At Risk,0.6949360266619181,train
16940,Champions,United Kingdom,2.0269316375198727,0.18282988871224165,7.158982511923688,360,0.0,679,0.2727272727272727,Champions,0.9704474847982275,train
16941,Hibernating or Lost,United Kingdom,2.75,0.0,6.0,2,0.0,0,0.0,Hibernating or Lost,0.7025009347304892,train
16942,Champions,United Kingdom,2.976725978647687,0.028469750889679714,2.886120996441281,159,0.298932384341637,215,0.1,Champions,0.6179814692796378,train
16943,Loyal Customers,United Kingdom,20.225714285714286,0.08571428571428572,4.2,24,0.0,412,0.2857142857142857,Loyal Customers,0.8512069455908674,train
16944,Hibernating or Lost,United Kingdom,5.897142857142858,0.14285714285714285,3.857142857142857,7,0.0,0,0.0,Hibernating or Lost,0.643709969611338,train
16945,Champions,United Kingdom,2.108565400843882,0.33544303797468356,12.424050632911392,231,0.09282700421940929,709,0.05714285714285714,Champions,0.9682743477650553,train
16946,Loyal Customers,United Kingdom,3.5776,0.2,6.786666666666667,69,0.16,264,0.16666666666666666,Loyal Customers,0.8823249656131642,train
16947,Loyal Customers,United Kingdom,2.4741509433962263,0.49056603773584906,12.358490566037736,50,0.0,410,0.5,Loyal Customers,0.8255364234234961,train
16948,Loyal Customers,United Kingdom,1.8374418604651164,0.8372093023255814,48.627906976744185,20,0.3488372093023256,517,0.0,Loyal Customers,0.5085402530091717,test
16949,Champions,United Kingdom,6.3966666666666665,0.5833333333333334,13.183333333333334,57,0.35,312,0.14285714285714285,Loyal Customers,0.8903577341245124,train
16950,Champions,United Kingdom,2.5818,0.5866666666666667,16.613333333333333,111,0.5866666666666667,627,0.16666666666666666,Champions,0.9869159201401321,train
16951,Loyal Customers,United Kingdom,1.4517441860465115,0.7906976744186046,15.325581395348838,73,0.0,169,0.25,At Risk,0.5060970110873891,train
16952,Loyal Customers,United Kingdom,3.544090909090909,0.07954545454545454,3.909090909090909,76,0.0,618,0.0,Champions,0.6472551320674609,train
16953,At Risk,United Kingdom,2.08,0.0,10.0,1,0.0,0,0.0,Hibernating or Lost,0.6844497618104414,train
16954,Champions,United Kingdom,2.675097087378641,0.7524271844660194,19.83495145631068,83,0.12135922330097088,689,0.047619047619047616,Champions,0.7990968564501582,test
16955,Loyal Customers,United Kingdom,3.5142105263157895,0.47368421052631576,14.43859649122807,33,0.10526315789473684,492,0.3333333333333333,Loyal Customers,0.8845827867305939,train
16956,At Risk,United Kingdom,4.229375,0.375,7.125,16,0.0,0,0.5,At Risk,0.7694071641348192,train
16957,At Risk,United Kingdom,3.329375,0.6875,10.75,15,0.0,42,0.0,At Risk,0.577171417163366,train
16958,At Risk,United Kingdom,2.4583783783783786,0.17567567567567569,7.581081081081081,69,0.0,0,0.0,At Risk,0.5703677493858214,test
16959,At Risk,United Kingdom,3.007142857142857,0.0,7.0,7,0.0,0,0.0,Hibernating or Lost,0.5927947763044744,train
16960,Champions,United Kingdom,1.9805106382978723,0.06382978723404255,3.223404255319149,334,0.12340425531914893,608,0.1111111111111111,Champions,0.9527062675286382,train
16961,Loyal Customers,United Kingdom,3.103269230769231,0.5384615384615384,9.26923076923077,52,0.0,415,0.5,Loyal Customers,0.8550257888401521,train
16962,Hibernating or Lost,United Kingdom,2.682666666666667,0.6666666666666666,10.533333333333333,15,0.0,0,0.0,Hibernating or Lost,0.5226520580879255,train
16963,At Risk,United Kingdom,3.342857142857143,0.0,5.0,7,1.0,0,0.0,Hibernating or Lost,0.6122524422587111,train
16964,At Risk,United Kingdom,4.55,0.3333333333333333,8.166666666666666,6,1.0,0,0.0,At Risk,0.596955181781055,train
16965,At Risk,United Kingdom,2.335769230769231,0.23076923076923078,11.192307692307692,26,0.0,0,0.0,At Risk,0.8200734138157137,test
16966,Champions,United Kingdom,1.2935714285714286,0.9642857142857143,70.75,8,0.0,231,0.3,Loyal Customers,0.7073908822930929,test
16967,At Risk,United Kingdom,1.1404761904761904,0.9523809523809523,15.857142857142858,21,0.0,0,0.0,At Risk,0.7850858886768727,train
16968,Loyal Customers,United Kingdom,2.803548387096774,0.5483870967741935,10.516129032258064,31,0.0,103,0.0,At Risk,0.8021283796886285,train
16969,Loyal Customers,United Kingdom,2.382142857142857,0.6428571428571429,19.428571428571427,42,0.0,152,0.0,At Risk,0.7754822360979571,train
16970,Hibernating or Lost,United Kingdom,5.95,0.0,6.0,2,0.0,0,0.0,Hibernating or Lost,0.6896963609762642,train
16971,At Risk,United Kingdom,7.760731707317073,0.024390243902439025,1.7560975609756098,40,0.0,0,0.5,At Risk,0.8306671323565687,test
16972,At Risk,United Kingdom,4.532954545454545,0.011363636363636364,2.159090909090909,54,0.0,73,0.0,At Risk,0.6745487483719981,train
16973,Hibernating or Lost,United Kingdom,2.1166666666666667,0.0,10.0,6,0.0,0,0.0,Hibernating or Lost,0.6844497618104414,train
16974,At Risk,United Kingdom,5.3125,0.375,8.75,5,0.0,41,0.0,Hibernating or Lost,0.4959737363081736,test
16975,Loyal Customers,United Kingdom,2.376666666666667,0.5111111111111111,13.022222222222222,44,0.0,82,0.4,At Risk,0.7294524478311958,train
16976,At Risk,United Kingdom,6.005,1.0,44.0,2,0.0,0,0.0,Hibernating or Lost,0.6005744235979578,test
16977,At Risk,United Kingdom,5.271428571428571,0.07142857142857142,5.071428571428571,25,0.39285714285714285,236,0.0,Loyal Customers,0.901813160106524,train
16978,Loyal Customers,United Kingdom,3.297761194029851,0.04477611940298507,4.253731343283582,65,0.0,588,0.0,Champions,0.6472551320674609,train
16979,Champions,United Kingdom,3.45062015503876,0.3875968992248062,11.248062015503876,82,0.16279069767441862,446,0.25,Loyal Customers,0.834887252573607,train
16980,Loyal Customers,United Kingdom,2.294642857142857,0.29464285714285715,9.276785714285714,91,0.0,173,0.0,At Risk,0.5703677493858214,train
16982,At Risk,United Kingdom,2.453181818181818,0.3181818181818182,8.272727272727273,22,0.0,0,0.0,At Risk,0.8208232558852596,train
16983,Champions,United Kingdom,2.951325301204819,0.27309236947791166,10.072289156626505,151,1.0,433,0.08333333333333333,Champions,0.7250428619368792,train
16984,Champions,United Kingdom,3.751650485436893,0.13415710503089143,4.70432480141218,669,0.442188879082083,553,0.5263157894736842,Champions,0.9809167322026349,train
16985,Champions,United Kingdom,8.165679012345679,0.3868312757201646,12.76954732510288,130,0.11934156378600823,711,0.11538461538461539,Champions,0.9744760886192599,train
16986,Champions,United Kingdom,4.067241379310344,0.3563218390804598,14.591954022988507,65,0.0,643,0.0,Champions,0.7201262075771644,test
16987,Champions,United Kingdom,4.2786842105263165,0.011278195488721804,2.5526315789473686,155,0.29699248120300753,734,0.08333333333333333,Champions,0.9621997230560563,test
16988,Loyal Customers,United Kingdom,5.357,0.35,7.9,20,0.35,374,0.0,Loyal Customers,0.9144185077397005,train
16989,Champions,United Kingdom,1.5,1.0,102.75,7,0.0,143,0.0,Hibernating or Lost,0.6625839037072621,train
16990,At Risk,United Kingdom,1.72,1.0,100.0,1,0.0,203,0.0,Hibernating or Lost,0.6625839037072621,train
16991,At Risk,United Kingdom,2.28445945945946,0.44594594594594594,10.716216216216216,74,0.0,0,0.0,At Risk,0.6087421704377465,train
16992,Champions,United Kingdom,5.210491228070175,0.29473684210526313,7.231578947368421,212,0.0,655,0.13333333333333333,Champions,0.9655486081780054,train
16993,At Risk,United Kingdom,7.960714285714286,0.35714285714285715,10.178571428571429,19,0.0,112,0.3333333333333333,At Risk,0.846130613744137,train
16996,Champions,United Kingdom,2.755333333333333,0.56,12.253333333333334,32,0.0,387,0.3076923076923077,Loyal Customers,0.9012952256697686,train
16997,Loyal Customers,United Kingdom,1.95,0.6666666666666666,30.0,7,0.0,37,0.0,Hibernating or Lost,0.6625839037072621,train
16998,Loyal Customers,United Kingdom,3.9,0.5,17.333333333333332,2,0.0,294,0.2857142857142857,Loyal Customers,0.7309211457103838,train
16999,Loyal Customers,United Kingdom,2.427391304347826,0.4782608695652174,12.782608695652174,21,0.0,50,0.0,At Risk,0.8021283796886285,train
17000,At Risk,United Kingdom,1.6306666666666667,0.23333333333333334,10.166666666666666,26,0.0,11,0.0,At Risk,0.8489834308896653,train
17001,Champions,United Kingdom,2.9344727272727273,0.5454545454545454,13.752727272727272,108,0.1890909090909091,623,0.0,Champions,0.984865917299532,test
17002,Champions,United Kingdom,3.355238095238095,0.5952380952380952,15.05952380952381,64,0.15476190476190477,555,0.125,Champions,0.7869438186734504,train
17003,At Risk,United Kingdom,2.0892857142857144,0.044642857142857144,4.419642857142857,90,0.0,176,0.0,At Risk,0.6439543522648258,train
17004,Champions,United Kingdom,2.5549999999999997,0.5,18.3,48,0.0,377,0.0,Loyal Customers,0.8205629673835433,train
17005,At Risk,United Kingdom,1.7305,0.85,39.35,14,0.0,118,0.3333333333333333,At Risk,0.6450182397136387,train
17006,Champions,United Kingdom,3.277846153846154,0.11538461538461539,4.407692307692308,103,0.14615384615384616,639,0.0,Champions,0.9679373006859754,train
17007,Champions,United Kingdom,3.5417910447761196,0.3880597014925373,10.701492537313433,63,0.11940298507462686,386,0.125,Loyal Customers,0.8583389205544516,train
17008,Hibernating or Lost,United Kingdom,3.39,1.0,24.0,1,0.0,0,0.0,Hibernating or Lost,0.49531214555001774,train
17009,Hibernating or Lost,United Kingdom,1.7272727272727273,0.8181818181818182,30.545454545454547,10,1.0,0,0.0,Hibernating or Lost,0.5338464198620827,train
17010,At Risk,United Kingdom,2.5500000000000003,0.2727272727272727,10.727272727272727,11,0.0,0,0.5,At Risk,0.7754972242193762,train
17011,Loyal Customers,United Kingdom,1.635,0.7857142857142857,28.285714285714285,27,0.0,621,0.25,Champions,0.5074491796822121,test
17012,At Risk,United Kingdom,2.12,0.23809523809523808,6.380952380952381,34,0.0,0,0.0,At Risk,0.8369925355788373,test
17014,Loyal Customers,United Kingdom,2.9335135135135135,0.05405405405405406,3.310810810810811,63,0.0,58,0.25,Loyal Customers,0.4827922346839709,train
17015,Loyal Customers,United Kingdom,1.417142857142857,0.41935483870967744,9.129032258064516,182,0.0,156,0.0,Loyal Customers,0.4055178764158474,train
17016,At Risk,United Kingdom,3.7685365853658532,0.24390243902439024,7.536585365853658,41,0.0,0,0.0,At Risk,0.8596366604048866,train
17017,Champions,United Kingdom,1.802004716981132,0.8726415094339622,24.97877358490566,120,0.025943396226415096,733,0.2926829268292683,Champions,0.9810640772469079,test
17018,Loyal Customers,United Kingdom,5.832972972972973,0.21621621621621623,12.324324324324325,26,0.40540540540540543,694,0.0,Loyal Customers,0.5567512084537888,test
17019,Champions,United Kingdom,2.0395652173913046,0.061711079943899017,3.70687237026648,344,0.0,726,0.15384615384615385,Champions,0.9527062675286382,train
17020,At Risk,United Kingdom,1.6201449275362318,0.4927536231884058,12.46376811594203,64,0.0,104,0.0,At Risk,0.6087421704377465,train
17021,Loyal Customers,United Kingdom,2.906041666666667,0.625,20.666666666666668,35,0.3541666666666667,146,0.0,At Risk,0.6431227722515215,train
17022,At Risk,United Kingdom,2.5225,0.3125,11.25,16,0.5625,401,0.0,Loyal Customers,0.8429099128617604,train
17023,At Risk,United Kingdom,2.5904081632653058,0.5918367346938775,10.816326530612244,48,0.0,280,0.0,Loyal Customers,0.8588609862987221,train
17024,Loyal Customers,United Kingdom,1.3833333333333335,1.0,23.0,2,0.0,112,0.0,Hibernating or Lost,0.6625839037072621,train
17025,Loyal Customers,United Kingdom,1.7176190476190476,0.9285714285714286,24.38095238095238,31,0.0,580,0.0,Loyal Customers,0.5329303934415414,train
17026,At Risk,United Kingdom,4.08625,0.625,16.5,4,0.75,231,0.0,Loyal Customers,0.782522075715134,train
17027,Champions,United Kingdom,3.3693010752688175,0.05913978494623656,3.510752688172043,126,0.12903225806451613,651,0.1,Champions,0.9679373006859754,train
17028,Loyal Customers,United Kingdom,3.4441052631578946,0.3894736842105263,9.010526315789473,85,0.0,140,0.0,At Risk,0.5661490446217736,train
17029,Loyal Customers,United Kingdom,2.298620689655172,0.3793103448275862,43.62068965517241,19,0.13793103448275862,553,0.0,Champions,0.5876041510014863,train
17030,At Risk,United Kingdom,2.661818181818182,0.36363636363636365,13.272727272727273,11,0.0,0,0.0,At Risk,0.5442529912069115,test
17031,Champions,United Kingdom,1.8019999999999998,0.44,31.9,34,0.0,569,0.0,Loyal Customers,0.5142091614525189,test
17032,Loyal Customers,United Kingdom,3.2115481171548117,0.19246861924686193,7.092050209205021,183,0.0,181,0.38461538461538464,Champions,0.4774968648805816,train
17033,Loyal Customers,United Kingdom,3.21475,0.625,21.775,33,0.3,311,0.0,Loyal Customers,0.9068027744369668,test
17034,Champions,United Kingdom,2.8859322033898307,0.5423728813559322,11.864406779661017,49,0.0,497,0.2857142857142857,Loyal Customers,0.8255364234234961,train
17035,Loyal Customers,United Kingdom,3.3803030303030304,0.2727272727272727,9.909090909090908,29,0.0,491,0.2,Loyal Customers,0.8612222664675775,train
17036,Hibernating or Lost,United Kingdom,4.929166666666666,0.25,6.333333333333333,12,1.0,0,0.0,At Risk,0.596955181781055,train
17037,Loyal Customers,United Kingdom,2.7634666666666665,0.37333333333333335,8.746666666666666,75,0.0,0,0.5,Loyal Customers,0.5891564529063539,test
17038,Loyal Customers,United Kingdom,3.2049206349206347,0.23809523809523808,8.492063492063492,61,0.0,384,0.0,Loyal Customers,0.8823249656131642,train
17039,At Risk,United Kingdom,3.930454545454545,0.6818181818181818,15.659090909090908,44,0.0,0,0.0,At Risk,0.8173343332323036,train
17040,At Risk,United Kingdom,3.1999999999999997,0.5,11.8125,15,0.0,412,0.0,Loyal Customers,0.7029626406329794,test
17041,Loyal Customers,United Kingdom,2.164573643410853,0.32558139534883723,10.364341085271318,93,0.6434108527131783,573,0.14285714285714285,Champions,0.6827871239049677,train
17042,Champions,United Kingdom,1.8227551020408164,0.41836734693877553,10.142857142857142,74,0.0,244,0.0,Loyal Customers,0.8895545673836586,train
17043,Champions,United Kingdom,3.41190243902439,0.2682926829268293,7.921951219512195,175,0.0,698,0.0,Champions,0.9746517878282736,train
17044,Champions,United Kingdom,3.6955704697986578,0.825503355704698,38.40268456375839,92,0.0,707,0.25,Champions,0.8255265268215899,train
17045,Loyal Customers,United Kingdom,5.51811320754717,0.11320754716981132,5.547169811320755,44,0.16981132075471697,316,0.0,Loyal Customers,0.901813160106524,train
17046,Loyal Customers,United Kingdom,1.7725882352941176,0.6823529411764706,19.24705882352941,76,0.0,463,0.0,Loyal Customers,0.8704724511414116,train
17047,Loyal Customers,United Kingdom,3.476338028169014,0.4154929577464789,8.338028169014084,114,0.0,646,0.0,Champions,0.9777998272405093,train
17048,Loyal Customers,United Kingdom,2.8983168316831684,0.49504950495049505,10.574257425742575,88,0.04950495049504951,572,0.36363636363636365,Champions,0.8146951866859856,train
17049,Champions,United Kingdom,4.362307692307692,0.23255813953488372,7.649373881932021,316,0.03756708407871199,643,0.24,Champions,0.9728698621407936,train
17050,Champions,United Kingdom,3.5029131652661065,0.1400560224089636,6.8655462184873945,193,0.957983193277311,585,0.08333333333333333,Champions,0.9779856337643557,train
17051,Loyal Customers,United Kingdom,1.7536942675159235,0.05732484076433121,3.267515923566879,107,1.0,433,0.0,Champions,0.5190670437087724,train
17052,At Risk,United Kingdom,1.8638043478260868,0.03260869565217391,2.8369565217391304,72,0.0,0,0.0,At Risk,0.6439543522648258,train
17053,At Risk,United Kingdom,4.499230769230769,0.5384615384615384,9.384615384615385,13,0.0,0,0.5,At Risk,0.7694071641348192,train
17054,Loyal Customers,United Kingdom,4.77144578313253,0.4457831325301205,9.686746987951807,64,0.0,216,0.16666666666666666,Loyal Customers,0.8816832699760822,train
17055,Hibernating or Lost,United Kingdom,3.066666666666667,0.03333333333333333,2.9,24,0.0,0,0.0,At Risk,0.7386192680994106,train
17056,Hibernating or Lost,United Kingdom,4.125,0.125,3.25,8,0.0,0,0.0,Hibernating or Lost,0.8053437570891684,test
17057,Hibernating or Lost,United Kingdom,2.9414,0.04,2.58,48,0.0,0,0.0,At Risk,0.5782410539002637,train
17058,Loyal Customers,United Kingdom,3.765322580645161,0.2903225806451613,9.548387096774194,51,0.0,158,0.0,At Risk,0.5548562526322849,train
17059,Champions,United Kingdom,2.621248513674197,0.07966706302021404,4.261593341260404,349,0.4304399524375743,652,0.1,Champions,0.9740655364669074,train
17060,At Risk,United Kingdom,1.7719999999999998,0.6,43.2,5,0.0,0,0.0,Hibernating or Lost,0.6625839037072621,train
17061,Champions,United Kingdom,5.0870707070707075,0.46464646464646464,15.414141414141413,57,0.1111111111111111,158,0.08333333333333333,At Risk,0.6240626996576063,test
17062,Loyal Customers,United Kingdom,2.240670731707317,0.15853658536585366,5.621951219512195,82,0.7621951219512195,125,0.14285714285714285,Loyal Customers,0.543160158687833,train
17063,Champions,United Kingdom,2.526731707317073,0.22926829268292684,9.263414634146342,150,0.0975609756097561,717,0.43478260869565216,Champions,0.9814535213134379,train
17064,Loyal Customers,United Kingdom,3.687741935483871,0.1774193548387097,5.129032258064516,53,0.3709677419354839,268,0.0,Loyal Customers,0.8919403820149631,train
17065,At Risk,United Kingdom,3.3833333333333333,0.3333333333333333,6.833333333333333,6,0.0,0,0.3333333333333333,At Risk,0.8154363279823286,train
17066,Hibernating or Lost,United Kingdom,2.717777777777778,0.1111111111111111,5.166666666666667,17,1.0,0,0.0,Hibernating or Lost,0.7177820084488415,train
17067,At Risk,United Kingdom,2.1592307692307693,0.5384615384615384,24.76923076923077,8,0.0,6,0.0,Hibernating or Lost,0.5817565378872296,train
17068,Champions,United Kingdom,2.479013671875,0.0126953125,4.3310546875,250,0.1787109375,608,0.04081632653061224,Champions,0.9740655364669074,train
17069,Champions,United Kingdom,2.6597966101694914,0.42033898305084744,11.298305084745763,202,0.1016949152542373,708,0.3333333333333333,Champions,0.9863078406293203,train
17070,At Risk,United Kingdom,2.403047619047619,0.0380952380952381,2.2285714285714286,102,0.0,296,0.0,Champions,0.5998457545140751,test
17071,Champions,United Kingdom,3.47188679245283,0.3632075471698113,9.127358490566039,141,0.24056603773584906,656,0.35,Champions,0.9826879894781075,test
17072,Hibernating or Lost,United Kingdom,1.741818181818182,0.36363636363636365,9.909090909090908,20,0.0,0,0.0,At Risk,0.8489834308896653,train
17073,Champions,United Kingdom,3.1235632183908044,0.09770114942528736,4.362068965517241,142,0.3103448275862069,91,0.0,Loyal Customers,0.48891135866633423,train
17074,Hibernating or Lost,United Kingdom,10.3,0.0,4.75,4,0.0,0,0.0,Hibernating or Lost,0.8053437570891684,test
17075,Champions,United Kingdom,3.9135000000000004,0.065,3.935,153,0.0,708,0.09090909090909091,Champions,0.9565138246732336,test
17076,Loyal Customers,United Kingdom,4.2542,0.46,10.28,31,0.0,699,0.0,Loyal Customers,0.5504826876932662,train
17077,Hibernating or Lost,United Kingdom,8.5,1.0,36.0,1,0.0,0,0.0,Hibernating or Lost,0.6005744235979578,train
17078,Loyal Customers,United Kingdom,0.6025,0.8571428571428571,28.142857142857142,28,0.0,0,0.0,At Risk,0.7850858886768727,train
17079,At Risk,United Kingdom,4.95,1.0,12.0,2,0.0,0,0.0,Hibernating or Lost,0.508902716968125,test
17080,Champions,United Kingdom,3.558181818181818,0.6363636363636364,17.242424242424242,26,0.0,503,0.125,Loyal Customers,0.8385187298486457,test
17081,Champions,United Kingdom,3.412336448598131,0.03271028037383177,1.8177570093457944,166,0.14953271028037382,629,0.0,Champions,0.9679373006859754,train
17082,Champions,United Kingdom,3.3238235294117646,0.6470588235294118,14.858823529411765,117,0.3352941176470588,691,0.0,Champions,0.9859324010568482,test
17083,Champions,United Kingdom,2.4366956521739134,0.7304347826086957,17.0,30,0.0,559,0.18181818181818182,Champions,0.5637379403477663,train
17084,Champions,United Kingdom,2.7673809523809525,0.3401360544217687,11.197278911564625,263,0.0,361,0.25,Champions,0.7446533904860143,train
17085,Champions,United Kingdom,2.829478435305918,0.029087261785356068,3.613841524573721,411,0.7953861584754263,610,0.125,Champions,0.9740655364669074,test
17086,Champions,United Kingdom,2.1609374999999997,0.6354166666666666,19.364583333333332,76,0.0,56,0.0,At Risk,0.6502418834660041,test
17087,Hibernating or Lost,United Kingdom,3.203333333333333,0.3333333333333333,9.416666666666666,12,0.0,0,0.0,At Risk,0.5947845570931846,train
17088,Loyal Customers,United Kingdom,3.8090434782608695,0.28695652173913044,7.547826086956522,96,0.0,225,0.0,Loyal Customers,0.8823249656131642,test
17089,Hibernating or Lost,United Kingdom,3.85,0.5,8.75,4,0.0,0,0.0,Hibernating or Lost,0.4959737363081736,train
17090,Champions,United Kingdom,2.7583695652173916,0.6195652173913043,14.804347826086957,54,0.0,503,0.13333333333333333,Loyal Customers,0.8298543882955799,train
17091,Champions,United Kingdom,2.993860759493671,0.16244725738396623,8.111814345991561,242,0.0,720,0.17391304347826086,Champions,0.9746517878282736,test
17092,Champions,United Kingdom,2.340302267002519,0.29219143576826195,9.574307304785894,273,0.0,625,0.21428571428571427,Champions,0.9800812196187014,train
17093,Hibernating or Lost,United Kingdom,3.053076923076923,0.46153846153846156,8.76923076923077,13,0.0,0,0.0,At Risk,0.5888990040447544,train
17094,At Risk,United Kingdom,2.0638888888888887,0.6666666666666666,11.777777777777779,18,0.0,101,0.3333333333333333,At Risk,0.71639827875997,test
17095,Champions,United Kingdom,3.300875912408759,0.30656934306569344,12.372262773722628,110,0.3795620437956204,701,0.4166666666666667,Champions,0.9853929844134175,train
17096,Champions,United Kingdom,3.952119815668203,0.29493087557603687,7.23963133640553,162,0.23963133640552994,540,0.35294117647058826,Champions,0.9764239335773066,test
17097,Champions,Spain,2.523741935483871,0.0032258064516129032,2.129032258064516,182,0.0064516129032258064,428,0.1,Champions,0.5594362264828302,test
17098,At Risk,United Kingdom,6.132222222222222,0.2777777777777778,6.944444444444445,10,0.0,159,0.0,At Risk,0.4984835712030462,train
17099,At Risk,United Kingdom,3.178,0.325,7.925,40,0.0,0,0.0,At Risk,0.8596366604048866,test
17100,Loyal Customers,United Kingdom,1.9433846153846153,0.6923076923076923,12.307692307692308,65,0.0,0,0.0,At Risk,0.6529577984464682,train
17101,Champions,United Kingdom,3.473287671232877,0.6575342465753424,16.095890410958905,54,0.0,539,0.0,Champions,0.7869438186734504,train
17102,At Risk,United Kingdom,12.75,0.0,2.0,1,0.0,0,0.0,Hibernating or Lost,0.8053437570891684,train
17103,At Risk,United Kingdom,1.6868750000000001,0.625,14.71875,32,0.0,0,0.0,At Risk,0.7850858886768727,train
17104,At Risk,United Kingdom,4.546842105263158,0.3684210526315789,7.842105263157895,19,0.0,0,0.0,At Risk,0.8512045679765924,train
17105,At Risk,United Kingdom,1.9445555555555554,0.18888888888888888,7.7,80,1.0,147,0.0,Loyal Customers,0.5633237638321114,train
17106,At Risk,United Kingdom,4.508301886792453,0.07547169811320754,2.943396226415094,51,0.0,0,0.0,At Risk,0.6745487483719981,train
17107,Champions,United Kingdom,3.2066913946587534,0.17804154302670624,11.192878338278932,377,0.7937685459940653,643,0.23076923076923078,Champions,0.9853929844134175,train
17108,Hibernating or Lost,United Kingdom,5.25,0.0,3.4444444444444446,9,1.0,0,0.0,Hibernating or Lost,0.7107953943248793,train
17109,Champions,United Kingdom,2.471714285714286,0.15714285714285714,5.635714285714286,124,0.0,468,0.2,Champions,0.6566684130847887,train
17110,Loyal Customers,United Kingdom,4.174509803921569,0.0,2.784313725490196,38,0.0,444,0.0,Loyal Customers,0.7492841312829094,train
17111,Loyal Customers,United Kingdom,1.623877551020408,0.32653061224489793,12.26530612244898,44,1.0,378,0.0,Loyal Customers,0.924290652864557,train
17112,Hibernating or Lost,United Kingdom,1.9764000000000002,0.0,2.68,44,1.0,0,0.0,At Risk,0.6592528257403111,train
17113,Loyal Customers,United Kingdom,4.153144654088051,0.11949685534591195,5.754716981132075,122,0.5408805031446541,123,0.25,Loyal Customers,0.5002961612568506,train
17114,Champions,United Kingdom,5.023464566929134,0.031496062992125984,1.7244094488188977,85,0.7244094488188977,329,0.2,Loyal Customers,0.9206943930211208,train
17115,Champions,United Kingdom,4.998833333333334,0.16666666666666666,7.375,102,0.125,726,0.46153846153846156,Champions,0.9728698621407936,train
17116,At Risk,United Kingdom,1.5346808510638297,0.2553191489361702,8.340425531914894,47,0.0,0,0.0,At Risk,0.6855707981666673,train
17117,At Risk,United Kingdom,3.966666666666667,0.5555555555555556,7.555555555555555,9,0.0,0,0.0,Hibernating or Lost,0.4959737363081736,train
17118,At Risk,United Kingdom,1.3579999999999999,0.5,15.4,10,0.0,0,0.0,Hibernating or Lost,0.5817565378872296,test
17119,Loyal Customers,United Kingdom,3.578857142857143,0.42857142857142855,9.542857142857143,35,0.0,56,0.3333333333333333,At Risk,0.7574184472245591,train
17120,At Risk,United Kingdom,4.396111111111111,0.2222222222222222,6.666666666666667,18,0.0,0,0.0,At Risk,0.4984835712030462,test
17121,Hibernating or Lost,United Kingdom,3.7366666666666664,0.4166666666666667,8.833333333333334,12,0.0,0,0.0,At Risk,0.5888990040447544,train
17122,Loyal Customers,United Kingdom,1.7236666666666667,0.7,12.266666666666667,23,0.0,380,0.0,Loyal Customers,0.8172136850955773,train
17123,Loyal Customers,United Kingdom,1.9625581395348837,0.5581395348837209,15.720930232558139,37,0.7906976744186046,410,0.0,Loyal Customers,0.9155690749040547,train
17124,At Risk,United Kingdom,3.435625,0.09375,4.0625,31,0.0,0,0.0,At Risk,0.7386192680994106,test
17125,At Risk,United Kingdom,3.4685,0.1,7.275,34,0.0,0,0.0,At Risk,0.8143841720636293,test
17126,Loyal Customers,United Kingdom,2.0929263157894735,0.05263157894736842,3.090526315789474,295,0.7410526315789474,313,0.18181818181818182,Champions,0.5190670437087724,train
17127,Loyal Customers,United Kingdom,4.106486486486486,0.2972972972972973,9.18918918918919,27,0.13513513513513514,306,0.0,Loyal Customers,0.7940006714673897,test
17128,At Risk,United Kingdom,3.985,0.21428571428571427,5.428571428571429,14,1.0,0,0.0,Hibernating or Lost,0.5153736833219555,train
17129,Hibernating or Lost,United Kingdom,6.725,0.0,2.5,2,0.0,0,0.0,Hibernating or Lost,0.8053437570891684,train
17131,Champions,United Kingdom,3.519402985074627,0.27611940298507465,7.335820895522388,78,1.0,70,0.0,Loyal Customers,0.6510238949798486,train
17132,At Risk,United Kingdom,3.275128205128205,0.44871794871794873,12.564102564102564,62,0.6025641025641025,36,0.0,Loyal Customers,0.7119358352075399,test
17133,Champions,United Kingdom,2.015357142857143,0.8928571428571429,180.48214285714286,22,0.3392857142857143,612,0.07692307692307693,Loyal Customers,0.5085402530091717,train
17134,Loyal Customers,United Kingdom,5.501351351351351,0.02702702702702703,4.0,31,0.5405405405405406,335,0.0,Loyal Customers,0.901813160106524,train
17135,Champions,United Kingdom,2.8272500000000003,0.325,12.0125,98,0.53125,563,0.09090909090909091,Champions,0.7762581189020047,train
17136,Hibernating or Lost,United Kingdom,2.8042857142857143,0.5,18.285714285714285,14,0.0,0,0.0,Hibernating or Lost,0.5286258793910906,train
17137,Loyal Customers,United Kingdom,2.1426704545454545,0.125,3.960227272727273,125,0.7272727272727273,261,0.0,Champions,0.5190670437087724,test
17138,Champions,United Kingdom,3.9418359375,0.25390625,7.90625,234,0.0,397,0.0,Champions,0.5632592984564477,train
17139,Champions,United Kingdom,3.617107540173053,0.3856613102595797,12.186650185414091,447,0.049443757725587144,681,0.13793103448275862,Champions,0.981259281452183,test
17140,At Risk,United Kingdom,2.5025,0.15,15.1,16,0.0,0,0.0,Hibernating or Lost,0.5261141543719641,train
17141,At Risk,United Kingdom,2.929367816091954,0.09770114942528736,2.5057471264367814,138,1.0,266,0.0,Champions,0.6352384448555851,test
17142,Loyal Customers,United Kingdom,6.573888888888889,0.06666666666666667,3.588888888888889,78,0.6111111111111112,445,0.0,Loyal Customers,0.9206943930211208,train
17143,At Risk,United Kingdom,3.4391735537190082,0.024793388429752067,2.727272727272727,82,0.0,98,0.0,At Risk,0.6313688337125513,train
17144,Loyal Customers,United Kingdom,5.275833333333334,0.1875,10.0625,42,0.0,83,0.0,At Risk,0.867997490985079,train
17145,Loyal Customers,United Kingdom,2.8254444444444444,0.4666666666666667,14.394444444444444,168,0.0,145,0.42857142857142855,Champions,0.6484808307235531,train
17146,Champions,United Kingdom,4.473267326732674,0.2739273927392739,7.234323432343234,164,0.1551155115511551,570,0.1875,Champions,0.9655486081780054,test
17147,Champions,United Kingdom,4.033676470588236,0.4117647058823529,9.617647058823529,99,0.0,675,0.4375,Champions,0.7485712375720822,train
17148,At Risk,United Kingdom,1.62,0.2222222222222222,9.11111111111111,9,0.0,0,0.0,Hibernating or Lost,0.5589618482557781,train
17149,Hibernating or Lost,United Kingdom,7.95,0.0,3.0,6,0.0,0,0.0,Hibernating or Lost,0.8053437570891684,train
17150,Loyal Customers,United Kingdom,4.997741935483871,0.06451612903225806,4.333333333333333,64,0.8817204301075269,357,0.0,Loyal Customers,0.9206943930211208,train
17151,Hibernating or Lost,United Kingdom,5.575,0.75,10.5,4,0.0,0,0.0,Hibernating or Lost,0.508902716968125,train
17152,Loyal Customers,United Kingdom,3.7287500000000002,0.6875,36.0625,9,0.5,230,0.2,Loyal Customers,0.8087750311352183,train
17153,At Risk,United Kingdom,2.789285714285714,0.07142857142857142,7.428571428571429,14,0.0,0,0.0,Hibernating or Lost,0.7025009347304892,train
17154,At Risk,United Kingdom,1.1069565217391304,0.9130434782608695,21.304347826086957,23,1.0,0,0.0,At Risk,0.7229983112036833,train
17155,Champions,United Kingdom,1.9035616438356167,0.3424657534246575,13.520547945205479,43,0.2191780821917808,719,0.0,Loyal Customers,0.5781562187303256,train
17156,At Risk,United Kingdom,2.0646153846153843,0.5128205128205128,10.025641025641026,39,0.0,0,0.5,At Risk,0.8163211480642952,train
17157,Champions,United Kingdom,2.9574468085106385,0.5886524822695035,14.836879432624114,78,0.11347517730496454,727,0.05,Champions,0.7869438186734504,train
17158,Loyal Customers,United Kingdom,3.5534513274336286,0.5309734513274337,10.150442477876107,74,0.17699115044247787,609,0.16666666666666666,Champions,0.7868676474409136,test
17159,Champions,United Kingdom,2.7785384615384614,0.47692307692307695,10.36923076923077,115,0.19230769230769232,623,0.16666666666666666,Champions,0.984865917299532,train
17160,Champions,United Kingdom,1.6282027649769586,0.45468509984639016,12.887864823348695,215,0.13210445468509985,704,0.05555555555555555,Champions,0.9721936167501243,train
17161,At Risk,United Kingdom,2.5467307692307695,0.6538461538461539,10.326923076923077,52,0.0,0,0.0,At Risk,0.5313261023221421,train
17162,Champions,United Kingdom,3.83,0.47115384615384615,9.625,81,0.16346153846153846,276,0.09090909090909091,Loyal Customers,0.8583389205544516,train
17163,Loyal Customers,United Kingdom,1.667,0.8666666666666667,17.7,27,0.0,653,0.0,Loyal Customers,0.5329303934415414,train
17164,Champions,United Kingdom,2.4883333333333333,0.6041666666666666,10.42361111111111,92,0.0,240,0.125,Loyal Customers,0.8588609862987221,train
17165,Loyal Customers,United Kingdom,4.305,0.36,7.88,77,0.0,444,0.25,Loyal Customers,0.892988418677923,train
17166,At Risk,United Kingdom,3.115,0.08333333333333333,6.5,11,0.0,165,0.3333333333333333,At Risk,0.7021193638651358,train
17167,At Risk,United Kingdom,3.130253164556962,0.21518987341772153,5.430379746835443,64,0.0,65,0.0,At Risk,0.611650916429058,train
17168,At Risk,United Kingdom,3.2785714285714285,0.2857142857142857,10.476190476190476,21,0.0,0,0.0,At Risk,0.8536832873060178,train
17169,Loyal Customers,United Kingdom,3.042133333333333,0.41333333333333333,8.946666666666667,64,0.0,520,0.5,Champions,0.7745358619944057,test
17170,At Risk,United Kingdom,1.377,0.7,15.2,8,0.0,14,0.3333333333333333,At Risk,0.6450182397136387,train
17171,At Risk,United Kingdom,4.0687999999999995,0.52,9.0,25,0.0,372,0.0,Loyal Customers,0.8148298790975255,test
17172,Loyal Customers,United Kingdom,1.0005128205128206,0.9743589743589743,31.153846153846153,39,0.358974358974359,647,0.5,Champions,0.5473459516399468,train
17173,Champions,United Kingdom,3.7151162790697674,0.8023255813953488,13.046511627906977,36,0.313953488372093,125,0.1111111111111111,At Risk,0.6834556639967838,test
17174,At Risk,United Kingdom,1.6625,0.25,10.25,4,0.0,0,0.0,At Risk,0.502078794807007,train
17175,Loyal Customers,United Kingdom,4.0947619047619055,0.5714285714285714,13.746031746031745,42,0.20634920634920634,252,0.2,Loyal Customers,0.9223303122166715,test
17176,Loyal Customers,United Kingdom,2.3195238095238095,0.47619047619047616,13.714285714285714,37,0.6428571428571429,475,0.0,Loyal Customers,0.9214819539591825,train
17177,Hibernating or Lost,United Kingdom,3.3982758620689655,0.0,1.3793103448275863,29,0.0,0,0.0,At Risk,0.7386192680994106,train
17178,At Risk,United Kingdom,5.2621875000000005,0.03125,3.15625,31,0.0,0,0.0,At Risk,0.6790364749681377,train
17179,Loyal Customers,United Kingdom,2.293987341772152,0.02531645569620253,3.9556962025316458,75,0.0,384,0.0,Loyal Customers,0.892106178311767,train
17180,Champions,United Kingdom,1.983799019607843,0.10049019607843138,4.480392156862745,189,0.0,630,0.21428571428571427,Champions,0.9527062675286382,train
17181,Loyal Customers,United Kingdom,4.407,0.2,16.133333333333333,28,0.0,538,0.0,Loyal Customers,0.5230862632828671,train
17182,At Risk,United Kingdom,5.95,0.3333333333333333,9.0,4,0.0,295,0.0,Loyal Customers,0.5445186017836483,train
17183,Champions,United Kingdom,4.032465753424658,0.6575342465753424,17.753424657534246,42,0.4931506849315068,97,0.25,At Risk,0.6430309561780829,train
17184,At Risk,United Kingdom,3.952142857142857,0.14285714285714285,5.214285714285714,14,0.0,161,0.0,Hibernating or Lost,0.643709969611338,test
17185,At Risk,United Kingdom,1.9956818181818183,0.0,2.7045454545454546,38,0.0,6,0.0,At Risk,0.622888518232414,train
17186,At Risk,United Kingdom,0.72,1.0,100.0,1,0.0,13,0.0,Hibernating or Lost,0.6625839037072621,train
17187,At Risk,United Kingdom,2.6904347826086954,0.43478260869565216,18.52173913043478,21,0.0,299,0.0,Loyal Customers,0.8612316378406829,train
17188,Champions,United Kingdom,2.6756395348837207,0.6511627906976745,14.936046511627907,136,0.09883720930232558,719,0.23529411764705882,Champions,0.9881638809913595,train
17189,Loyal Customers,United Kingdom,2.3030081300813006,0.17073170731707318,4.9105691056910565,101,0.0,631,0.0,Champions,0.6952617454373441,test
17190,Champions,United Kingdom,3.980974358974359,0.10256410256410256,11.41025641025641,160,0.0,585,0.125,Champions,0.9665503335344399,train
17191,Champions,United Kingdom,2.833478260869565,0.0782608695652174,4.410434782608696,269,0.0,710,0.0625,Champions,0.9701483488954694,test
17192,Hibernating or Lost,United Kingdom,3.0128571428571425,0.047619047619047616,2.1904761904761907,20,0.0,0,0.0,At Risk,0.7386192680994106,train
17193,Champions,United Kingdom,2.683409090909091,0.8409090909090909,37.90909090909091,28,0.0,702,0.25,Champions,0.6262741487990494,train
17194,Loyal Customers,United Kingdom,3.6459016393442623,0.19672131147540983,6.885245901639344,57,0.5245901639344263,256,0.0,Loyal Customers,0.8828756443111901,test
17195,At Risk,United Kingdom,1.5964516129032258,0.5483870967741935,15.67741935483871,31,0.0,0,0.0,At Risk,0.8102963433022954,test
17196,At Risk,United Kingdom,2.412980769230769,0.0,1.6153846153846154,84,0.0,0,0.0,At Risk,0.5782410539002637,train
17197,Loyal Customers,United Kingdom,5.508965517241379,0.13793103448275862,6.586206896551724,29,0.0,0,0.0,At Risk,0.8607784496184314,test
17198,Champions,United Kingdom,2.9565895953757226,0.10982658959537572,3.46242774566474,89,0.0,347,0.0,Loyal Customers,0.8942440043812727,train
17199,Hibernating or Lost,United Kingdom,0.798888888888889,0.7777777777777778,33.77777777777778,8,0.0,0,0.0,Hibernating or Lost,0.6625839037072621,train
17200,At Risk,United Kingdom,2.1492,0.24,14.68,25,0.0,264,0.0,Loyal Customers,0.8143099296985156,train
17201,Loyal Customers,United Kingdom,2.4848387096774194,0.17204301075268819,5.779569892473118,154,0.20430107526881722,613,0.2,Champions,0.9795133047476816,train
17202,Hibernating or Lost,United Kingdom,2.9375,0.375,6.875,8,0.0,0,0.0,Hibernating or Lost,0.5096815370698696,train
17203,Champions,United Kingdom,1.9278888888888888,0.2962962962962963,17.05925925925926,195,0.0,352,0.0,Champions,0.6411868135305463,train
17204,Champions,United Kingdom,4.011638418079095,0.4858757062146893,14.977401129943503,110,0.03954802259887006,372,0.4,Champions,0.7417385017908251,train
17205,Loyal Customers,United Kingdom,0.8594285714285714,0.9142857142857143,63.25714285714286,27,0.0,510,0.0,Loyal Customers,0.5329303934415414,train
17206,At Risk,United Kingdom,2.7885714285714287,0.8571428571428571,10.857142857142858,7,0.0,0,0.0,Hibernating or Lost,0.5226520580879255,test
17207,Hibernating or Lost,United Kingdom,1.9502985074626864,0.07462686567164178,3.5970149253731343,55,0.0,0,0.0,At Risk,0.6439543522648258,train
17208,Hibernating or Lost,United Kingdom,1.9100000000000001,0.125,4.291666666666667,21,0.0,0,0.0,At Risk,0.622888518232414,train
17209,At Risk,United Kingdom,2.60625,0.075,18.275,36,0.85,87,0.0,At Risk,0.6467038148361444,test
17210,Hibernating or Lost,United Kingdom,1.3507407407407408,0.037037037037037035,4.5,47,0.0,0,0.0,At Risk,0.6439543522648258,train
17211,Champions,United Kingdom,2.9893633952254643,0.16710875331564987,6.220159151193634,217,0.8461538461538461,699,0.13333333333333333,Champions,0.9779856337643557,train
17212,Loyal Customers,United Kingdom,1.7482758620689656,0.7931034482758621,25.06896551724138,29,0.0,233,0.0,Loyal Customers,0.8036177146847769,test
17213,Champions,United Kingdom,3.9597864768683277,0.3096085409252669,7.754448398576512,130,0.2846975088967972,684,0.35,Champions,0.9764239335773066,train
17214,Loyal Customers,United Kingdom,5.273495145631068,0.019417475728155338,2.679611650485437,79,0.18446601941747573,298,0.14285714285714285,Loyal Customers,0.9206943930211208,train
17215,Hibernating or Lost,United Kingdom,2.518181818181818,0.18181818181818182,9.454545454545455,11,0.0,0,0.0,Hibernating or Lost,0.5068579629241098,train
17216,Hibernating or Lost,United Kingdom,3.060714285714286,0.0,1.5714285714285714,13,0.0,0,0.0,Hibernating or Lost,0.7305408822328047,test
17217,At Risk,United Kingdom,2.967241379310345,0.034482758620689655,3.2758620689655173,27,0.0,385,0.0,Loyal Customers,0.8147575780237977,test
17218,Champions,United Kingdom,2.780247619047619,0.10476190476190476,4.190476190476191,248,0.3333333333333333,678,0.0,Champions,0.9740655364669074,train
17219,At Risk,United Kingdom,1.6958000000000002,0.06,3.76,43,0.0,384,0.0,Loyal Customers,0.7563950384726024,train
17220,Champions,United Kingdom,2.3871953010279,0.06607929515418502,3.963289280469897,408,0.0,664,0.0,Champions,0.9701483488954694,train
17221,Champions,United Kingdom,2.275,0.19047619047619047,5.674603174603175,115,0.47619047619047616,599,0.0,Champions,0.9674022571261007,train
17222,Loyal Customers,United Kingdom,3.059646017699115,0.19469026548672566,7.6371681415929205,94,0.1592920353982301,632,0.0,Champions,0.7006175932698865,train
17223,Loyal Customers,United Kingdom,4.614851485148515,0.0,2.198019801980198,62,0.0,64,0.0,At Risk,0.6745487483719981,train
17224,Hibernating or Lost,United Kingdom,7.1425,0.25,8.125,8,0.0,0,0.0,At Risk,0.4984835712030462,train
17225,Hibernating or Lost,United Kingdom,3.2600000000000002,0.2,7.2,5,0.0,0,0.0,At Risk,0.5947845570931846,train
17226,Loyal Customers,United Kingdom,2.5867213114754097,0.3442622950819672,14.01639344262295,51,0.0,356,0.0,Loyal Customers,0.8644877565292982,train
17227,Champions,United Kingdom,1.2398399999999998,0.36,14.192,58,0.0,674,0.0,Champions,0.7020941777086589,train
17228,Champions,United Kingdom,1.8181564245810056,0.19273743016759776,7.173184357541899,199,0.06424581005586592,621,0.0,Champions,0.9624997762593833,train
17229,At Risk,United Kingdom,2.008936170212766,0.06382978723404255,3.9361702127659575,39,0.3191489361702128,46,0.0,At Risk,0.6592528257403111,train
17230,Champions,United Kingdom,3.907847533632287,0.5829596412556054,17.50224215246637,141,0.17937219730941703,467,0.21739130434782608,Champions,0.7221282497336013,train
17231,Champions,United Kingdom,2.8852022653721683,0.04288025889967637,3.0242718446601944,509,0.23381877022653721,719,0.2857142857142857,Champions,0.9795888182470818,train
17232,Loyal Customers,United Kingdom,2.656388888888889,0.16666666666666666,5.638888888888889,30,0.0,11,0.0,At Risk,0.8208232558852596,train
17233,Loyal Customers,United Kingdom,2.8408620689655173,0.10344827586206896,5.137931034482759,56,0.0,689,0.0,Champions,0.6640405193033903,train
17234,At Risk,United Kingdom,3.697857142857143,0.07142857142857142,3.9285714285714284,14,0.0,0,0.0,Hibernating or Lost,0.7305408822328047,train
17235,Champions,United Kingdom,2.8365656565656563,0.2828282828282828,9.808080808080808,52,0.0,527,0.0,Champions,0.7498837750936012,train
17236,Champions,United Kingdom,3.5541139240506325,0.08860759493670886,5.0886075949367084,123,0.4177215189873418,629,0.0,Champions,0.9721425832198033,train
17237,Champions,United Kingdom,3.18125,0.125,5.1875,76,0.0,370,0.0,Loyal Customers,0.8942440043812727,train
17238,Champions,United Kingdom,2.792420796100731,0.030056864337936636,3.0219333874898457,486,0.0,736,0.0,Champions,0.9701483488954694,train
17239,Loyal Customers,United Kingdom,3.2171875,0.59375,16.09375,18,0.21875,213,0.3333333333333333,Loyal Customers,0.8319126409955382,train
17240,Hibernating or Lost,United Kingdom,1.6214285714285714,0.5714285714285714,15.428571428571429,7,0.0,0,0.0,Hibernating or Lost,0.5817565378872296,train
17241,Loyal Customers,United Kingdom,4.644912280701754,0.07602339181286549,5.058479532163743,116,0.0,276,0.0,Champions,0.5022067570673451,train
17242,Loyal Customers,United Kingdom,2.146309523809524,0.7261904761904762,17.36904761904762,44,0.5,576,0.0,Loyal Customers,0.5085402530091717,train
17243,Champions,United Kingdom,4.23310405643739,0.21075837742504408,7.2292768959435625,359,0.5,736,0.1375,Champions,0.9700671787935642,train
17244,Loyal Customers,United Kingdom,2.4851666666666667,0.44166666666666665,11.825,109,0.7416666666666667,680,0.0,Champions,0.984865917299532,train
17245,At Risk,United Kingdom,1.8896000000000002,0.48,12.28,24,0.0,484,0.0,Loyal Customers,0.8439112625566225,test
17246,At Risk,United Kingdom,3.735,0.16666666666666666,6.0,6,0.0,191,0.0,At Risk,0.5947845570931846,train
17247,At Risk,United Kingdom,3.282,0.01818181818181818,1.9272727272727272,53,0.0,0,0.0,At Risk,0.6313688337125513,test
17248,At Risk,United Kingdom,2.243162393162393,0.017094017094017096,2.4957264957264957,85,0.41025641025641024,361,0.0,Loyal Customers,0.9263000626073268,train
17249,Hibernating or Lost,United Kingdom,1.4722222222222223,0.1111111111111111,2.925925925925926,27,0.0,0,0.0,At Risk,0.622888518232414,train
17250,Loyal Customers,United Kingdom,3.0140350877192983,0.05263157894736842,2.9473684210526314,55,0.0,257,0.0,Loyal Customers,0.8942440043812727,train
17251,Loyal Customers,United Kingdom,3.5283749999999996,0.1,4.7375,65,0.4875,362,0.25,Loyal Customers,0.8843640346861009,train
17252,At Risk,United Kingdom,2.7728735632183907,0.022988505747126436,2.218390804597701,86,0.0,69,0.0,At Risk,0.5782410539002637,train
17253,At Risk,United Kingdom,5.614444444444445,0.0,2.388888888888889,18,0.0,0,0.0,Hibernating or Lost,0.8053437570891684,train
17254,Loyal Customers,United Kingdom,1.5928378378378378,0.02702702702702703,2.689189189189189,129,0.0,396,0.0,Loyal Customers,0.5111718900434721,test
17255,Loyal Customers,United Kingdom,2.0616315789473685,0.04736842105263158,3.126315789473684,163,1.0,405,0.0,Champions,0.5190670437087724,train
17256,Loyal Customers,United Kingdom,2.1729032258064516,0.22580645161290322,9.64516129032258,20,0.4838709677419355,492,0.0,Loyal Customers,0.924290652864557,train
17257,At Risk,United Kingdom,2.0466666666666664,0.26666666666666666,12.533333333333333,14,0.0,0,0.0,At Risk,0.502078794807007,train
17258,At Risk,United Kingdom,2.597272727272727,0.01818181818181818,3.418181818181818,46,0.0,268,0.0,Loyal Customers,0.892106178311767,train
17259,Loyal Customers,United Kingdom,2.5904545454545453,0.08484848484848485,3.5090909090909093,179,0.0,507,0.0,Champions,0.9701483488954694,test
17260,Hibernating or Lost,United Kingdom,10.191666666666668,0.0,3.8333333333333335,6,1.0,0,0.0,Hibernating or Lost,0.7107953943248793,train
17261,Hibernating or Lost,United Kingdom,2.463913043478261,0.021739130434782608,2.130434782608696,43,1.0,0,0.0,At Risk,0.6311892606008653,train
17262,Champions,United Kingdom,4.697619047619048,0.6666666666666666,33.76190476190476,12,0.0,672,0.0,Champions,0.5645852273718696,test
17263,At Risk,United Kingdom,2.011304347826087,0.0,1.565217391304348,23,1.0,0,0.0,At Risk,0.6592528257403111,test
17264,Hibernating or Lost,United Kingdom,1.5767857142857142,0.08333333333333333,2.7023809523809526,70,0.0,0,0.0,At Risk,0.6439543522648258,train
17265,At Risk,United Kingdom,2.3281889763779526,0.07086614173228346,3.1023622047244093,106,1.0,41,0.0,Loyal Customers,0.4790925992139787,train
17266,Loyal Customers,United Kingdom,2.763149606299213,0.023622047244094488,1.984251968503937,95,0.0,638,0.0,Champions,0.6640405193033903,train
17267,At Risk,United Kingdom,3.401315789473684,0.07894736842105263,4.184210526315789,37,0.0,0,0.0,At Risk,0.7386192680994106,train
17268,Loyal Customers,United Kingdom,2.463,0.8666666666666667,46.5,26,0.03333333333333333,623,0.0,Champions,0.5637379403477663,train
17269,At Risk,United Kingdom,2.2697260273972604,0.0273972602739726,2.3013698630136985,110,0.0,0,0.0,At Risk,0.4176832484611063,train
17270,At Risk,United Kingdom,2.7620408163265306,0.1836734693877551,8.591836734693878,45,0.0,262,0.0,Loyal Customers,0.8780938454915321,test
17271,Hibernating or Lost,United Kingdom,2.7607692307692306,0.019230769230769232,2.25,46,0.0,0,0.0,At Risk,0.5782410539002637,train
17272,Loyal Customers,United Kingdom,1.8583333333333334,0.7631578947368421,15.596491228070175,70,0.0,220,0.2,Loyal Customers,0.8704724511414116,train
17273,Hibernating or Lost,United Kingdom,1.7416666666666665,0.5,11.083333333333334,12,0.0,0,0.0,At Risk,0.4967706698319442,train
17274,Loyal Customers,United Kingdom,2.80746835443038,0.012658227848101266,3.4556962025316458,76,0.0,360,0.0,Loyal Customers,0.892106178311767,test
17275,Hibernating or Lost,United Kingdom,3.567083333333333,0.16666666666666666,3.0,23,1.0,0,0.0,At Risk,0.7075404933657631,train
17276,At Risk,United Kingdom,2.835,0.05555555555555555,3.5,50,0.0,0,0.5,Loyal Customers,0.4827922346839709,train
17277,Loyal Customers,United Kingdom,3.351594202898551,0.13043478260869565,6.231884057971015,67,0.0,95,0.0,At Risk,0.6437679419266398,train
17278,At Risk,United Kingdom,4.464705882352941,0.5882352941176471,11.470588235294118,17,0.11764705882352941,323,0.0,Loyal Customers,0.5757543997748846,train
17279,At Risk,United Kingdom,6.736666666666666,0.1111111111111111,5.333333333333333,8,0.0,0,0.0,Hibernating or Lost,0.8053437570891684,train
17280,Hibernating or Lost,United Kingdom,1.68,0.6666666666666666,12.333333333333334,6,0.0,0,0.0,Hibernating or Lost,0.5750626267462317,train
17281,Loyal Customers,United Kingdom,2.8166666666666664,1.0,49.166666666666664,2,0.0,299,0.0,Loyal Customers,0.6625890821436974,train
17282,Loyal Customers,United Kingdom,2.537142857142857,0.1336405529953917,10.834101382488479,168,0.41013824884792627,418,0.0,Champions,0.6957612145359446,train
17283,At Risk,United Kingdom,2.348666666666667,0.3333333333333333,11.933333333333334,15,0.0,0,0.0,At Risk,0.5442529912069115,test
17284,Champions,United Kingdom,2.2629411764705885,0.12299465240641712,5.537433155080214,285,0.026737967914438502,384,0.2727272727272727,Champions,0.5435895885647379,train
17285,At Risk,United Kingdom,4.567142857142857,0.02040816326530612,2.857142857142857,41,1.0,34,0.0,At Risk,0.699121992610056,train
17286,Loyal Customers,United Kingdom,1.9104301075268817,0.10752688172043011,3.989247311827957,89,0.0,378,0.0,Loyal Customers,0.9035836186682284,train
17287,Champions,United Kingdom,3.4106060606060606,0.11717171717171718,4.2444444444444445,279,0.14545454545454545,710,0.08695652173913043,Champions,0.9679373006859754,test
17288,Champions,United Kingdom,3.0000677966101694,0.17288135593220338,5.783050847457627,233,0.8677966101694915,385,0.0,Champions,0.6732576304977271,train
17289,Champions,United Kingdom,2.29,0.13261648745519714,4.516129032258065,202,0.5232974910394266,609,0.18181818181818182,Champions,0.9740655364669074,test
17290,Champions,United Kingdom,2.7308866995073893,0.11822660098522167,5.650246305418719,184,0.014778325123152709,722,0.0,Champions,0.9728947055945288,train
17291,At Risk,United Kingdom,7.65,1.0,72.0,1,0.0,0,0.0,Hibernating or Lost,0.6005744235979578,train
17292,At Risk,United Kingdom,4.784666666666666,0.13333333333333333,8.733333333333333,14,0.4,107,0.0,Hibernating or Lost,0.5684954027892394,test
17293,Champions,United Kingdom,2.7248163265306125,0.24489795918367346,9.118367346938776,148,0.0,727,0.0,Champions,0.9764092050776733,train
17294,At Risk,United Kingdom,2.698823529411765,0.4117647058823529,17.470588235294116,17,0.0,0,0.0,Hibernating or Lost,0.5286258793910906,train
17295,Loyal Customers,United Kingdom,2.9497101449275362,0.043478260869565216,4.260869565217392,53,0.0,35,0.0,At Risk,0.5782410539002637,train
17296,Hibernating or Lost,United Kingdom,3.890909090909091,0.24242424242424243,6.545454545454546,32,0.0,0,0.0,At Risk,0.8607784496184314,test
17297,At Risk,United Kingdom,2.2054901960784314,0.0,1.3137254901960784,49,0.0,0,0.0,At Risk,0.6439543522648258,train
17298,Loyal Customers,United Kingdom,1.7815714285714286,0.2857142857142857,12.2,61,0.05714285714285714,540,0.16666666666666666,Champions,0.6498577286240101,test
17299,Champions,United Kingdom,1.7736666666666667,0.2833333333333333,7.783333333333333,96,0.9083333333333333,469,0.0,Loyal Customers,0.9139092226256305,train
17300,At Risk,United Kingdom,2.0211363636363635,0.3181818181818182,10.613636363636363,37,1.0,90,0.0,At Risk,0.7384293578213303,train
17301,Loyal Customers,United Kingdom,1.8352892561983472,0.024793388429752067,1.8925619834710743,107,0.0,603,0.0,Champions,0.9527062675286382,test
17302,Champions,United Kingdom,2.506582278481013,0.34177215189873417,7.2784810126582276,68,0.3037974683544304,290,0.16666666666666666,Loyal Customers,0.8760416267596324,train
17303,At Risk,United Kingdom,2.940943396226415,0.05660377358490566,2.7169811320754715,53,0.0,0,0.0,At Risk,0.5782410539002637,train
17304,Hibernating or Lost,United Kingdom,3.168,0.4,14.6,5,0.0,0,0.0,At Risk,0.5673859894319551,train
17305,At Risk,United Kingdom,3.07,0.8888888888888888,111.77777777777777,9,0.0,0,0.0,Hibernating or Lost,0.49531214555001774,train
17306,Champions,United Kingdom,1.4945833333333334,0.9722222222222222,190.93055555555554,17,0.0,393,0.08695652173913043,Loyal Customers,0.5664796629088443,train
17307,Loyal Customers,United Kingdom,2.107083333333333,0.8125,76.39583333333333,22,0.0,293,0.26666666666666666,Loyal Customers,0.872381791674813,train
17308,Loyal Customers,United Kingdom,0.8871428571428571,1.0,735.4285714285714,5,0.0,59,0.0,Hibernating or Lost,0.6625839037072621,test
17309,Loyal Customers,United Kingdom,3.3216216216216217,0.21621621621621623,5.216216216216216,33,0.0,577,0.0,Loyal Customers,0.5721114072398246,test
17310,At Risk,United Kingdom,2.55,1.0,201.0,1,0.0,147,0.0,Hibernating or Lost,0.6138854892987397,train
17311,Champions,United Kingdom,2.700314960629921,0.6850393700787402,21.69291338582677,124,0.0,596,0.14285714285714285,Champions,0.984917761558242,test
17312,Loyal Customers,United Kingdom,2.305,0.35714285714285715,26.571428571428573,11,0.7857142857142857,20,0.0,At Risk,0.5387560034795082,train
17313,Loyal Customers,United Kingdom,2.1425,1.0,58.416666666666664,24,0.0,0,0.5,At Risk,0.833833798195812,train
17314,Champions,United Kingdom,2.655,0.58203125,14.30859375,200,0.04296875,711,0.22727272727272727,Champions,0.989190349816269,train
17315,Champions,United Kingdom,2.9499077733860344,0.18181818181818182,6.75098814229249,385,0.048748353096179184,436,0.12244897959183673,Champions,0.6566684130847887,train
17316,Hibernating or Lost,United Kingdom,2.831428571428572,0.0,1.2571428571428571,35,0.0,0,0.0,At Risk,0.6490496539052968,train
17317,Champions,United Kingdom,3.2244444444444444,1.0,127.33333333333333,8,0.7777777777777778,43,0.4,At Risk,0.7072580579160737,train
17318,Hibernating or Lost,United Kingdom,3.670555555555555,0.05555555555555555,3.3333333333333335,17,0.0,0,0.0,Hibernating or Lost,0.7305408822328047,train
17319,Hibernating or Lost,United Kingdom,2.0500000000000003,0.0,4.666666666666667,3,0.0,0,0.0,Hibernating or Lost,0.843854912113596,train
17320,Loyal Customers,United Kingdom,4.186149425287356,0.2988505747126437,8.0,86,0.14942528735632185,586,0.0,Champions,0.6298972710469025,train
17321,Champions,United Kingdom,3.00335593220339,0.061016949152542375,2.769491525423729,241,0.0,569,0.0,Champions,0.9679373006859754,test
17322,Loyal Customers,United Kingdom,2.0903389830508474,0.05084745762711865,3.5649717514124295,115,0.3728813559322034,360,0.2857142857142857,Champions,0.5801704562953106,train
17323,Champions,United Kingdom,1.3314285714285714,0.05654761904761905,4.291666666666667,168,0.6875,683,0.14285714285714285,Champions,0.9588644593642219,train
17324,Champions,United Kingdom,2.305855263157895,0.28289473684210525,10.111842105263158,111,0.0,703,0.07692307692307693,Champions,0.9800812196187014,train
17325,Loyal Customers,United Kingdom,3.1028205128205126,0.5384615384615384,11.923076923076923,39,0.0,361,0.0,Loyal Customers,0.8701937413527897,test
17326,At Risk,United Kingdom,3.039662921348315,0.011235955056179775,1.5730337078651686,82,0.0,121,0.0,At Risk,0.6313688337125513,train
17327,At Risk,United Kingdom,4.665,0.5,14.75,3,0.0,152,0.0,Hibernating or Lost,0.5157906567635884,train
17328,Hibernating or Lost,United Kingdom,1.8833333333333335,0.3333333333333333,14.333333333333334,6,0.0,0,0.0,Hibernating or Lost,0.5785444611389599,train
17329,Champions,United Kingdom,2.9156190476190473,0.08571428571428572,4.114285714285714,80,0.0,721,0.0,Champions,0.6640405193033903,train
17330,Loyal Customers,United Kingdom,10.85375,0.5,15.25,7,0.125,624,0.0,Champions,0.5950171217721864,train
17331,At Risk,United Kingdom,10.95,1.0,16.0,1,0.0,0,0.0,Hibernating or Lost,0.6005744235979578,train
17332,At Risk,United Kingdom,2.5733684210526317,0.25263157894736843,8.357894736842105,82,0.7368421052631579,128,0.0,Loyal Customers,0.6714114671246636,train
17333,At Risk,United Kingdom,1.772142857142857,0.8571428571428571,13.392857142857142,28,0.0,0,0.0,At Risk,0.8233358072462033,train
17334,Loyal Customers,United Kingdom,2.4983870967741937,0.7419354838709677,18.258064516129032,20,0.0,104,0.25,At Risk,0.7681353962562927,train
17335,At Risk,United Kingdom,3.134102564102564,0.10256410256410256,5.538461538461538,34,1.0,300,0.0,Loyal Customers,0.920203501270101,train
17336,Hibernating or Lost,United Kingdom,1.69,1.0,48.0,1,0.0,0,0.0,Hibernating or Lost,0.6625839037072621,train
17337,Loyal Customers,United Kingdom,2.2972375690607736,0.04419889502762431,2.3370165745856353,421,0.289134438305709,158,0.42857142857142855,Champions,0.510424708689734,train
17338,Champions,United Kingdom,2.753472834067548,0.06607929515418502,4.316446402349486,590,0.0,621,0.15,Champions,0.9701483488954694,train
17339,Loyal Customers,United Kingdom,3.18,0.35714285714285715,13.428571428571429,10,0.07142857142857142,415,0.25,Loyal Customers,0.7795364583622253,train
17340,Champions,United Kingdom,3.0053281853281852,0.583011583011583,14.427284427284427,322,0.18018018018018017,633,0.4,Champions,0.9899135378296462,train
17341,Loyal Customers,United Kingdom,2.210786240786241,0.06633906633906633,2.8722358722358723,200,0.0,383,0.0,Loyal Customers,0.5111718900434721,train
17342,Loyal Customers,United Kingdom,6.774571428571429,0.4,14.885714285714286,31,0.0,290,0.42857142857142855,Loyal Customers,0.8789411535624694,train
17343,Loyal Customers,United Kingdom,4.057,0.175,5.675,61,0.6625,380,0.0,Loyal Customers,0.9071818563169189,train
17344,Loyal Customers,United Kingdom,2.7092753623188406,0.10144927536231885,3.0869565217391304,64,0.0,682,0.3333333333333333,Champions,0.7170420352156155,train
17345,Champions,United Kingdom,2.2105164319248827,0.2112676056338028,9.450704225352112,174,0.0,722,0.16666666666666666,Champions,0.9624997762593833,train
17346,Champions,United Kingdom,2.281595639246779,0.06739345887016848,3.620416253716551,517,0.1159563924677899,597,0.037037037037037035,Champions,0.9527062675286382,train
17347,At Risk,United Kingdom,1.06,1.0,216.0,1,0.0,0,0.0,Hibernating or Lost,0.6625839037072621,train
17348,Champions,United Kingdom,1.7416268980477223,0.17136659436008678,6.058568329718004,326,0.0,624,0.0,Champions,0.9624997762593833,train
17349,Loyal Customers,United Kingdom,2.3195744680851065,0.19148936170212766,8.936170212765957,74,0.0,452,0.0,Loyal Customers,0.8780938454915321,train
17350,Champions,United Kingdom,2.771376712328767,0.363013698630137,8.32876712328767,124,0.0,668,0.125,Champions,0.9764092050776733,train
17351,Champions,United Kingdom,5.599130434782609,0.11594202898550725,5.550724637681159,45,0.014492753623188406,693,0.0,Champions,0.571350833347413,train
17352,Hibernating or Lost,United Kingdom,3.45,0.0,3.0,5,0.0,0,0.0,Hibernating or Lost,0.7305408822328047,train
17353,Loyal Customers,United Kingdom,1.5428571428571427,1.0,154.85714285714286,7,0.0,495,0.42857142857142855,Loyal Customers,0.7073908822930929,test
17354,Champions,United Kingdom,2.01875,0.3942307692307692,24.375,85,0.0,377,0.0,Loyal Customers,0.8675653219986909,train
17355,Hibernating or Lost,United Kingdom,2.085945945945946,0.13513513513513514,6.945945945945946,28,0.0,0,0.0,At Risk,0.8369925355788373,test
17356,Loyal Customers,United Kingdom,1.425,0.3488372093023256,10.755813953488373,73,0.0,376,0.0,Loyal Customers,0.8959941324835589,train
17357,Loyal Customers,United Kingdom,3.4548888888888887,0.08888888888888889,3.4,41,0.0,0,0.0,At Risk,0.7386192680994106,train
17358,Loyal Customers,United Kingdom,3.0687074829931973,0.08843537414965986,3.006802721088435,126,0.7959183673469388,350,0.0,Champions,0.6179814692796378,train
17359,Loyal Customers,United Kingdom,2.67,0.10526315789473684,6.2368421052631575,36,0.0,636,0.0,Loyal Customers,0.5643539151251756,train
17360,Champions,United Kingdom,2.9094583333333333,0.05,2.65,189,0.0,417,0.14285714285714285,Champions,0.5998457545140751,train
17361,Loyal Customers,United Kingdom,3.6846551724137933,0.27586206896551724,6.603448275862069,51,0.0,627,0.0,Champions,0.7006175932698865,train
17362,Loyal Customers,United Kingdom,2.979861111111111,0.09722222222222222,3.8125,99,0.0,463,0.125,Loyal Customers,0.8942440043812727,test
17363,Loyal Customers,United Kingdom,2.263888888888889,0.5,14.527777777777779,34,0.0,6,0.0,At Risk,0.8102963433022954,train
17364,Champions,United Kingdom,3.064967391304348,0.28152173913043477,8.166304347826086,513,0.05217391304347826,731,0.0967741935483871,Champions,0.9746517878282736,train
17365,Champions,United Kingdom,1.9246307884856069,0.3404255319148936,10.082603254067584,395,0.06633291614518148,664,0.0625,Champions,0.9682743477650553,train
17366,At Risk,United Kingdom,2.8891111111111107,0.044444444444444446,3.7777777777777777,120,0.43703703703703706,23,0.3333333333333333,Champions,0.510424708689734,train
17367,At Risk,United Kingdom,1.8961764705882354,0.14705882352941177,4.411764705882353,33,0.0,0,0.0,At Risk,0.766762494178712,train
17368,Champions,United Kingdom,2.863875,0.18333333333333332,9.7625,195,0.175,700,0.125,Champions,0.9827063607332647,train
17369,At Risk,United Kingdom,0.85,1.0,1152.0,1,0.0,0,0.0,Hibernating or Lost,0.6625839037072621,test
17370,Loyal Customers,United Kingdom,1.396969696969697,0.7575757575757576,16.363636363636363,31,0.0,96,0.0,At Risk,0.7850858886768727,train
17371,Loyal Customers,United Kingdom,2.8709589041095893,0.0136986301369863,1.9383561643835616,135,0.0,714,0.0,Champions,0.9701483488954694,test
17372,Champions,United Kingdom,2.9091363636363634,0.030303030303030304,2.8424242424242423,412,0.6545454545454545,695,0.0967741935483871,Champions,0.9740655364669074,train
17373,Champions,United Kingdom,1.7367032967032967,0.3076923076923077,8.10989010989011,65,0.45054945054945056,609,0.0,Champions,0.6441738528788917,train
17374,Loyal Customers,United Kingdom,6.527857142857143,0.047619047619047616,3.6904761904761907,34,0.0,176,0.25,At Risk,0.8306671323565687,train
17375,Loyal Customers,United Kingdom,2.8976744186046512,0.12790697674418605,5.5813953488372094,77,0.0,232,0.2,Loyal Customers,0.892106178311767,train
17376,Loyal Customers,United Kingdom,3.077818181818182,0.14545454545454545,4.4363636363636365,41,0.16363636363636364,452,0.0,Loyal Customers,0.8405490648221374,test
17377,Champions,United Kingdom,2.8715033783783785,0.11768018018018019,4.273085585585585,505,0.12837837837837837,713,0.14285714285714285,Champions,0.9701483488954694,train
17378,At Risk,United Kingdom,10.95,0.0,1.0,1,0.0,0,0.5,Hibernating or Lost,0.5072537080810667,test
17379,Loyal Customers,United Kingdom,1.3718072289156626,0.14457831325301204,7.9879518072289155,71,0.0,0,0.0,At Risk,0.6855707981666673,train
17380,At Risk,United Kingdom,2.625,1.0,25.2,5,0.0,100,0.25,At Risk,0.6690963625778594,train
17381,Champions,United Kingdom,1.4641379310344826,0.9770114942528736,263.0287356321839,50,0.05747126436781609,539,0.02564102564102564,Champions,0.7110812118740526,train
17382,Champions,United Kingdom,2.895,0.9444444444444444,25.38888888888889,16,0.0,504,0.0,Loyal Customers,0.6625890821436974,train
17383,Loyal Customers,United Kingdom,1.9977358490566037,0.07547169811320754,3.056603773584906,51,0.03773584905660377,449,0.0,Loyal Customers,0.9035836186682284,train
17384,Loyal Customers,United Kingdom,3.2545,0.1,6.05,15,0.85,447,0.0,Loyal Customers,0.8106199763580394,test
17385,At Risk,United Kingdom,1.92,0.0851063829787234,4.276595744680851,42,0.0,0,0.0,At Risk,0.622888518232414,train
17386,Champions,United Kingdom,1.816578947368421,0.6578947368421053,51.44736842105263,32,0.0,377,0.0,Loyal Customers,0.8036177146847769,test
17387,Loyal Customers,United Kingdom,2.417692307692308,0.08974358974358974,6.948717948717949,71,1.0,13,0.0,Loyal Customers,0.6197834766353116,train
17388,Champions,United Kingdom,2.6205263157894736,0.3684210526315789,45.03508771929825,41,0.19298245614035087,651,0.0,Champions,0.6256394435010233,train
17389,Champions,United Kingdom,4.625127610208817,0.7331786542923434,41.48955916473318,63,0.08584686774941995,734,0.2077922077922078,Champions,0.7287753732365004,train
17390,Hibernating or Lost,United Kingdom,2.6875,0.16666666666666666,4.083333333333333,12,0.0,0,0.0,Hibernating or Lost,0.6569828761759374,train
17391,At Risk,United Kingdom,1.06,1.0,160.0,2,0.0,0,0.0,Hibernating or Lost,0.6625839037072621,test
17392,Loyal Customers,United Kingdom,3.435263157894737,0.21052631578947367,6.4868421052631575,66,0.17105263157894737,143,0.0,Loyal Customers,0.6510238949798486,train
17393,At Risk,United Kingdom,2.8854166666666665,0.08333333333333333,4.958333333333333,45,0.5625,77,0.0,Loyal Customers,0.5967589475498478,train
17394,At Risk,United Kingdom,3.4425,0.5,60.25,4,0.0,0,0.0,At Risk,0.5673859894319551,test
17395,Hibernating or Lost,United Kingdom,2.0833333333333335,0.6666666666666666,22.0,3,0.0,0,0.0,Hibernating or Lost,0.6625839037072621,test
17396,Champions,United Kingdom,4.2026,0.84,48.38,29,0.0,402,0.125,Loyal Customers,0.7966577431482789,test
17397,Champions,United Kingdom,2.993913043478261,0.15942028985507245,5.050724637681159,132,0.0,394,0.0,Champions,0.6164265095368049,train
17398,Loyal Customers,United Kingdom,4.841578947368421,0.3157894736842105,8.157894736842104,30,0.0,140,0.0,At Risk,0.8607784496184314,train
17400,Champions,United Kingdom,3.5123908523908525,0.1101871101871102,4.571725571725572,345,0.0,595,0.0,Champions,0.9679373006859754,train
17401,Hibernating or Lost,United Kingdom,4.429166666666666,0.0,2.8333333333333335,11,0.0,0,0.0,Hibernating or Lost,0.8053437570891684,train
17402,Champions,United Kingdom,4.082364532019705,0.18226600985221675,7.738916256157635,105,0.47783251231527096,718,0.11538461538461539,Champions,0.9700671787935642,train
17403,Loyal Customers,United Kingdom,3.7778260869565217,0.13043478260869565,4.217391304347826,45,0.0,414,0.0,Loyal Customers,0.8942440043812727,train
17404,Champions,Other,2.103184931506849,0.8972602739726028,173.5582191780822,126,0.0821917808219178,697,0.17857142857142858,Champions,0.9753914847408663,train
17405,Champions,United Kingdom,3.1534146341463414,0.5,8.853658536585366,77,0.0,149,0.4,Loyal Customers,0.5648063316687558,train
17406,Champions,United Kingdom,4.53003861003861,0.3281853281853282,8.200772200772201,155,0.2702702702702703,400,0.2777777777777778,Champions,0.6577401772566296,train
17407,At Risk,United Kingdom,2.3,0.8260869565217391,18.52173913043478,23,1.0,0,0.0,At Risk,0.6431227722515215,test
17408,At Risk,United Kingdom,6.01,0.375,20.375,7,0.0,350,0.25,Loyal Customers,0.7309211457103838,train
17409,Champions,United Kingdom,3.5305769230769233,0.6826923076923077,39.31730769230769,50,0.0,543,0.0,Champions,0.7869438186734504,train
17410,Champions,United Kingdom,3.48953125,0.375,9.625,57,0.34375,199,0.0,Loyal Customers,0.7119358352075399,train
17411,Champions,United Kingdom,3.517733333333333,0.29333333333333333,8.106666666666667,69,0.3333333333333333,724,0.4444444444444444,Champions,0.7761128375786557,train
17412,Champions,United Kingdom,4.856822033898305,0.3644067796610169,11.033898305084746,161,0.1652542372881356,734,0.15789473684210525,Champions,0.970868515655739,train
17413,At Risk,United Kingdom,3.742,0.6,30.2,10,0.8,165,0.0,At Risk,0.5738627720252253,train
17414,Loyal Customers,United Kingdom,0.4723809523809524,1.0,297.9047619047619,6,0.0,692,0.0,Champions,0.5440678580703685,train
17415,At Risk,United Kingdom,13.96642857142857,0.42857142857142855,8.142857142857142,14,0.0,0,0.0,Hibernating or Lost,0.4959737363081736,train
17416,Champions,United Kingdom,2.9636683417085425,0.5058626465661642,14.688442211055277,324,0.0,695,0.12,Champions,0.98518792681502,test
17417,Hibernating or Lost,United Kingdom,2.7275,0.0625,4.75,16,0.0,0,0.0,Hibernating or Lost,0.8147627841867663,train
17418,Loyal Customers,United Kingdom,2.4645238095238096,0.47619047619047616,12.404761904761905,40,0.0,344,0.0,Loyal Customers,0.8764008263447058,test
17419,Champions,United Kingdom,3.781509433962264,0.4937106918238994,9.70754716981132,203,0.0,672,0.1,Champions,0.981259281452183,train
17420,Loyal Customers,United Kingdom,3.621754385964912,0.15789473684210525,8.75438596491228,43,0.12280701754385964,351,0.25,Loyal Customers,0.895925295050926,train
17421,Loyal Customers,United Kingdom,1.8191379310344828,0.7241379310344828,13.913793103448276,46,0.0,349,0.0,Loyal Customers,0.8910879967788092,train
17422,Champions,United Kingdom,1.7806829268292683,0.6926829268292682,17.258536585365853,149,0.15609756097560976,518,0.45,Champions,0.9810640772469079,train
17423,Loyal Customers,United Kingdom,1.9758139534883723,0.6976744186046512,18.372093023255815,39,0.0,347,0.4,Loyal Customers,0.872381791674813,train
17425,Loyal Customers,United Kingdom,2.670930232558139,0.3488372093023256,9.465116279069768,42,0.023255813953488372,41,0.0,At Risk,0.8208232558852596,train
17426,Champions,United Kingdom,2.9750351288056205,0.49882903981264637,12.147540983606557,248,0.0,652,0.23529411764705882,Champions,0.9852790493222477,train
17427,At Risk,United Kingdom,4.165,0.5,17.0,2,0.0,0,0.0,Hibernating or Lost,0.5157906567635884,train
17428,Champions,United Kingdom,3.3899862825788754,0.5747599451303155,24.010973936899862,422,0.02606310013717421,737,0.11764705882352941,Champions,0.98518792681502,train
17429,Loyal Customers,United Kingdom,2.2310526315789474,0.6105263157894737,13.536842105263158,80,0.0,301,0.2857142857142857,Loyal Customers,0.8843445453838856,train
17430,Loyal Customers,United Kingdom,2.3852380952380954,0.5714285714285714,12.261904761904763,30,0.0,446,0.0,Loyal Customers,0.8764008263447058,test
17431,At Risk,United Kingdom,1.9611627906976743,0.18604651162790697,6.790697674418604,41,1.0,0,0.0,At Risk,0.760524953338149,test
17432,Champions,United Kingdom,2.4927436823104694,0.07581227436823104,3.667870036101083,213,0.0,717,0.0,Champions,0.9701483488954694,train
17433,Loyal Customers,United Kingdom,2.5744086021505375,0.021505376344086023,3.2795698924731185,81,0.0,297,0.0,Loyal Customers,0.892106178311767,train
17434,Champions,United Kingdom,2.741044776119403,0.6268656716417911,12.634328358208956,100,0.0,82,0.2222222222222222,Loyal Customers,0.582723089764544,train
17435,Hibernating or Lost,United Kingdom,4.346666666666667,0.5333333333333333,13.0,15,1.0,0,0.0,At Risk,0.6392524898528614,train
17436,Loyal Customers,United Kingdom,3.027058823529412,0.5882352941176471,10.470588235294118,8,0.23529411764705882,730,0.2857142857142857,Champions,0.7056763291729227,train
17437,At Risk,United Kingdom,3.5218867924528303,0.1509433962264151,5.3584905660377355,52,0.0,0,0.0,At Risk,0.611650916429058,train
17438,Loyal Customers,United Kingdom,4.926901408450704,0.23943661971830985,7.788732394366197,49,0.0,387,0.16666666666666666,Loyal Customers,0.8946968414577486,train
17439,Hibernating or Lost,United Kingdom,2.21375,0.875,46.25,8,0.0,0,0.0,Hibernating or Lost,0.6625839037072621,train
17440,At Risk,United Kingdom,1.2,1.0,47.0,4,0.0,392,0.3333333333333333,Loyal Customers,0.7073908822930929,train
17441,Hibernating or Lost,United Kingdom,2.050952380952381,0.38095238095238093,11.666666666666666,21,0.0,0,0.0,At Risk,0.8373151763866855,test
17442,Champions,United Kingdom,2.5884805653710248,0.5406360424028268,11.074204946996467,188,0.045936395759717315,625,0.34782608695652173,Champions,0.9863078406293203,train
17443,At Risk,Other,1.06,1.0,504.0,1,0.0,0,0.0,At Risk,0.5504927290626882,train
17444,Loyal Customers,Other,6.547407407407408,0.5851851851851851,15.696296296296296,132,0.0,25,0.0,Champions,0.33992360953108786,train
17446,At Risk,United Kingdom,0.7722222222222223,0.8888888888888888,22.0,6,0.0,133,0.0,Hibernating or Lost,0.6625839037072621,train
17447,Loyal Customers,United Kingdom,1.6922222222222223,0.7222222222222222,12.305555555555555,33,0.2222222222222222,31,0.0,At Risk,0.7355503591633592,train
17448,Loyal Customers,United Kingdom,2.1233572068039392,0.486123545210385,10.338406445837064,569,0.09400179051029543,147,0.14814814814814814,Loyal Customers,0.4102362535742974,test
17449,Champions,United Kingdom,3.020652173913043,0.09364548494983277,4.239130434782608,292,0.26755852842809363,728,0.07142857142857142,Champions,0.9721425832198033,train
17450,Champions,United Kingdom,3.3376650943396227,0.9009433962264151,199.81132075471697,144,0.0,429,0.16393442622950818,Champions,0.7370417010839084,train
17451,Champions,United Kingdom,2.2744,0.54,12.03,83,0.0,104,0.3,Loyal Customers,0.5243782934766976,train
17453,Loyal Customers,United Kingdom,3.4231578947368417,0.42105263157894735,11.526315789473685,19,0.0,46,0.0,At Risk,0.8368435692463948,train
17454,Loyal Customers,United Kingdom,2.9835714285714285,0.07142857142857142,5.76984126984127,98,0.23015873015873015,500,0.09090909090909091,Loyal Customers,0.8946960459275765,train
17455,At Risk,United Kingdom,2.825,0.0,8.25,8,0.0,0,0.0,Hibernating or Lost,0.7025009347304892,test
17456,Loyal Customers,United Kingdom,2.9332467532467534,0.4025974025974026,9.480519480519481,59,0.0,90,0.0,At Risk,0.5291912171803411,test
17457,Champions,United Kingdom,2.83046875,0.9375,42.109375,30,0.0,605,0.2222222222222222,Champions,0.6262741487990494,train
17458,Loyal Customers,United Kingdom,2.4840697674418606,0.03488372093023256,3.2790697674418605,81,0.0,366,0.0,Loyal Customers,0.892106178311767,train
17459,Loyal Customers,United Kingdom,1.9172072072072073,0.16216216216216217,4.837837837837838,88,0.0,16,0.0,At Risk,0.6725901368358399,train
17460,Champions,United Kingdom,3.6984172661870507,0.33093525179856115,7.0503597122302155,93,0.06474820143884892,592,0.23809523809523808,Champions,0.7499127273829141,train
17461,Loyal Customers,United Kingdom,2.4001801801801803,0.27927927927927926,7.198198198198198,104,0.0,6,0.0,Loyal Customers,0.399587568091356,train
17462,Loyal Customers,United Kingdom,3.8862962962962966,0.25925925925925924,8.407407407407407,25,0.0,223,0.3333333333333333,Loyal Customers,0.8742024095326586,train
17463,Champions,United Kingdom,2.758796296296296,0.12654320987654322,4.598765432098766,234,0.29012345679012347,572,0.2222222222222222,Champions,0.9795888182470818,train
17464,Loyal Customers,United Kingdom,2.491904761904762,0.42857142857142855,15.523809523809524,35,0.0,461,0.25,Loyal Customers,0.8844786801764202,train
17465,Loyal Customers,United Kingdom,3.1200704225352114,0.4788732394366197,10.401408450704226,103,0.18309859154929578,310,0.2222222222222222,Champions,0.7820022814336881,train
17466,Loyal Customers,United Kingdom,4.690975609756098,0.21951219512195122,7.463414634146342,41,0.0,68,0.0,At Risk,0.8607784496184314,train
17467,Hibernating or Lost,United Kingdom,6.625,0.0,5.0,4,0.0,0,0.0,Hibernating or Lost,0.8053437570891684,train
17468,Loyal Customers,United Kingdom,1.05,1.0,23.0,8,0.0,364,0.0,Loyal Customers,0.5664796629088443,train
17469,Champions,United Kingdom,3.4142696629213485,0.24719101123595505,8.629213483146067,165,0.0,706,0.22727272727272727,Champions,0.9800666513585105,train
17470,Champions,United Kingdom,1.6041566265060243,0.7108433734939759,17.126506024096386,111,0.06626506024096386,463,0.0,Champions,0.6510498014533858,test
17471,Hibernating or Lost,United Kingdom,2.805263157894737,0.3157894736842105,8.052631578947368,19,1.0,0,0.0,At Risk,0.6779982120978826,train
17472,Loyal Customers,United Kingdom,2.2757826086956525,0.030434782608695653,2.4260869565217393,183,0.4956521739130435,437,0.0,Champions,0.5190670437087724,train
17473,At Risk,United Kingdom,3.1941176470588233,0.4411764705882353,7.9411764705882355,33,0.0,47,0.3333333333333333,At Risk,0.7926822479081909,test
17474,At Risk,United Kingdom,6.008333333333333,1.0,33.333333333333336,6,0.0,0,0.0,Hibernating or Lost,0.6005744235979578,train
17475,At Risk,United Kingdom,1.7764285714285715,0.6428571428571429,12.714285714285714,14,0.0,0,0.0,Hibernating or Lost,0.5750626267462317,train
17476,At Risk,United Kingdom,5.893225806451613,0.3225806451612903,7.225806451612903,29,0.0,341,0.5,Loyal Customers,0.8742024095326586,test
17477,At Risk,United Kingdom,6.013181818181818,0.06818181818181818,5.113636363636363,44,0.0,34,0.6,At Risk,0.8306671323565687,test
17478,At Risk,United Kingdom,3.45075,0.55,12.9,40,0.0,225,0.0,Loyal Customers,0.8701937413527897,train
17479,At Risk,United Kingdom,1.9966666666666666,0.7777777777777778,14.777777777777779,18,0.0,0,0.0,Hibernating or Lost,0.6625839037072621,train
17480,Loyal Customers,United Kingdom,1.9455555555555557,0.7222222222222222,10.981481481481481,50,0.0,366,0.3333333333333333,Loyal Customers,0.8843445453838856,test
17481,Champions,United Kingdom,2.549390243902439,0.5121951219512195,12.939024390243903,69,0.0,90,0.2,At Risk,0.47609359423201725,train
17482,At Risk,United Kingdom,4.3405555555555555,0.09259259259259259,4.462962962962963,50,0.0,91,0.0,At Risk,0.6745487483719981,train
17483,Loyal Customers,United Kingdom,3.3696428571428574,0.35714285714285715,9.464285714285714,23,0.0,349,0.0,Loyal Customers,0.8446380762770813,test
17484,At Risk,United Kingdom,2.343571428571429,0.7142857142857143,24.214285714285715,14,0.0,47,0.0,Hibernating or Lost,0.6138854892987397,train
17486,At Risk,United Kingdom,2.89625,0.4166666666666667,7.958333333333333,24,0.0,0,0.0,At Risk,0.8059974635658709,train
17487,Hibernating or Lost,United Kingdom,6.0625,0.0,4.625,8,0.0,0,0.0,Hibernating or Lost,0.8053437570891684,train
17488,Hibernating or Lost,United Kingdom,3.0944444444444446,0.16666666666666666,7.555555555555555,18,0.0,0,0.0,At Risk,0.5947845570931846,train
17489,Loyal Customers,United Kingdom,1.076896551724138,0.896551724137931,14.758620689655173,28,0.0,153,0.0,At Risk,0.7850858886768727,train
17490,Champions,United Kingdom,2.949310344827586,0.5431034482758621,13.198275862068966,93,0.0,568,0.3076923076923077,Champions,0.8146951866859856,train
17491,Champions,United Kingdom,2.8740659340659342,0.6428571428571429,19.945054945054945,105,0.02197802197802198,589,0.05555555555555555,Champions,0.984917761558242,train
17492,Loyal Customers,United Kingdom,3.80974358974359,0.5641025641025641,11.538461538461538,32,0.0,270,0.0,Loyal Customers,0.8701937413527897,test
17493,Hibernating or Lost,United Kingdom,2.89875,0.25,7.75,8,0.0,0,0.0,Hibernating or Lost,0.5068579629241098,train
17494,Hibernating or Lost,United Kingdom,4.283333333333333,0.6666666666666666,8.666666666666666,3,0.0,0,0.0,Hibernating or Lost,0.5811985244489164,train
17495,Loyal Customers,United Kingdom,3.8322916666666664,0.3333333333333333,7.645833333333333,38,0.4375,383,0.25,Loyal Customers,0.9324273103221878,train
17496,Loyal Customers,United Kingdom,4.319166666666667,0.4583333333333333,9.375,54,0.0,335,0.2,Loyal Customers,0.8901433037565497,train
17497,At Risk,United Kingdom,7.192857142857143,0.42857142857142855,8.428571428571429,7,0.5714285714285714,220,0.0,Loyal Customers,0.8062670194389526,test
17498,At Risk,United Kingdom,2.0194117647058825,0.5882352941176471,23.176470588235293,17,1.0,0,0.0,Hibernating or Lost,0.5338464198620827,train
17499,Loyal Customers,United Kingdom,2.8359154929577466,0.6056338028169014,15.295774647887324,66,0.0,271,0.3333333333333333,Loyal Customers,0.8023675291202824,train
17500,Champions,United Kingdom,54.3,0.0,3.4,3,0.0,12,0.0,Hibernating or Lost,0.8053437570891684,train
17501,At Risk,United Kingdom,3.4944444444444445,0.4444444444444444,8.88888888888889,18,0.0,0,0.0,At Risk,0.5888990040447544,test
17502,Loyal Customers,United Kingdom,2.8096428571428573,0.6785714285714286,13.428571428571429,25,0.0,19,0.0,At Risk,0.8035679349329616,train
17503,Loyal Customers,United Kingdom,2.3276315789473685,0.6842105263157895,12.789473684210526,36,0.0,35,0.0,At Risk,0.8035679349329616,train
17504,Champions,United Kingdom,2.90742774566474,0.5751445086705202,15.945086705202312,244,0.0953757225433526,463,0.05263157894736842,Champions,0.7681564420583257,train
17505,Loyal Customers,United Kingdom,3.2430392156862746,0.5784313725490197,12.176470588235293,83,0.0,443,0.0,Loyal Customers,0.8583389205544516,train
17506,At Risk,United Kingdom,3.6342857142857143,0.21428571428571427,9.928571428571429,14,1.0,0,0.5,At Risk,0.7324914069158677,train
17507,At Risk,United Kingdom,2.6617045454545454,0.06818181818181818,4.079545454545454,79,0.0,47,0.0,At Risk,0.5782410539002637,train
17508,Champions,Other,2.9346753246753243,0.5411255411255411,12.515151515151516,199,0.0,451,0.1111111111111111,Champions,0.7184912013989021,train
17509,Champions,United Kingdom,2.259207650273224,0.412568306010929,9.655737704918034,75,0.0,5,0.2727272727272727,Loyal Customers,0.5243782934766976,train
17510,Loyal Customers,United Kingdom,1.933142857142857,0.6571428571428571,12.057142857142857,28,0.0,395,0.0,Loyal Customers,0.8172136850955773,train
17511,Champions,United Kingdom,2.4036682365253794,0.8927263212977499,62.61433804290947,657,0.0,734,0.29411764705882354,Champions,0.9881638809913595,train
17512,Champions,United Kingdom,1.913451776649746,0.6192893401015228,27.583756345177665,102,0.0,700,0.1,Champions,0.9759037735330374,train
17513,Loyal Customers,United Kingdom,3.253888888888889,0.8888888888888888,24.444444444444443,18,0.0,407,0.0,Loyal Customers,0.6423924882473523,train
17514,At Risk,United Kingdom,2.32183908045977,0.034482758620689655,3.3908045977011496,72,0.0,541,0.0,Champions,0.6640405193033903,train
17515,Champions,United Kingdom,4.994277777777778,0.016666666666666666,2.933333333333333,91,0.0,519,0.0,Champions,0.571350833347413,train
17516,Champions,United Kingdom,2.6376020408163265,0.05102040816326531,2.688775510204082,150,0.33163265306122447,363,0.0,Champions,0.6352384448555851,train
17517,At Risk,United Kingdom,2.5381818181818185,0.5454545454545454,9.272727272727273,11,0.0,0,0.0,Hibernating or Lost,0.5096815370698696,train
17518,At Risk,United Kingdom,2.3902597402597405,0.03896103896103896,3.4675324675324677,71,1.0,195,0.0,Loyal Customers,0.5967589475498478,test
17519,Champions,United Kingdom,3.557072072072072,0.5495495495495496,15.378378378378379,142,0.0990990990990991,721,0.11764705882352941,Champions,0.98518792681502,train
17520,At Risk,United Kingdom,3.2976666666666663,0.4666666666666667,12.166666666666666,30,0.0,0,0.0,At Risk,0.8368435692463948,train
17521,Loyal Customers,United Kingdom,2.7164102564102564,0.5769230769230769,10.333333333333334,65,0.0,404,0.16666666666666666,Loyal Customers,0.8514693798878483,test
17522,Champions,United Kingdom,1.9445205479452052,0.5616438356164384,14.164383561643836,59,0.1095890410958904,216,0.0,Loyal Customers,0.8675653219986909,train
17523,Loyal Customers,United Kingdom,3.128181818181818,0.21212121212121213,26.424242424242426,25,0.696969696969697,7,0.0,At Risk,0.679862956926812,train
17524,Loyal Customers,United Kingdom,2.117674418604651,0.37209302325581395,8.418604651162791,37,0.0,76,0.25,At Risk,0.8383564495516044,train
17525,Loyal Customers,United Kingdom,5.053846153846154,0.4230769230769231,13.0,19,0.3076923076923077,69,0.0,At Risk,0.7225564793857526,train
17526,Champions,United Kingdom,5.978247422680412,0.3917525773195876,15.278350515463918,67,0.061855670103092786,717,0.25,Champions,0.7908660132555666,train
17527,Loyal Customers,United Kingdom,3.408936170212766,0.48936170212765956,10.382978723404255,45,0.0,164,0.3333333333333333,Loyal Customers,0.6074326597460005,train
17528,Champions,United Kingdom,3.161818181818182,0.3359683794466403,8.450592885375494,183,0.0,70,0.2727272727272727,Champions,0.4774968648805816,train
17529,At Risk,United Kingdom,3.7251219512195117,0.43902439024390244,9.634146341463415,78,0.0,87,0.0,At Risk,0.5118624674150901,test
17530,Champions,United Kingdom,2.3857885304659496,0.04121863799283154,3.521505376344086,359,0.08602150537634409,732,0.07692307692307693,Champions,0.9701483488954694,train
17531,Loyal Customers,United Kingdom,4.269655172413794,0.29310344827586204,8.137931034482758,54,0.0,428,0.6666666666666666,Loyal Customers,0.892988418677923,train
17532,Hibernating or Lost,United Kingdom,2.6175,0.25,7.5,4,0.0,0,0.0,Hibernating or Lost,0.5068579629241098,test
17533,Hibernating or Lost,United Kingdom,1.45,1.0,24.0,1,0.0,0,0.0,Hibernating or Lost,0.6625839037072621,train
17534,Loyal Customers,United Kingdom,2.7715217391304345,0.3804347826086957,9.347826086956522,76,0.17391304347826086,598,0.0,Champions,0.7697423407843824,train
17535,At Risk,United Kingdom,1.473076923076923,0.6153846153846154,10.461538461538462,13,0.0,0,0.0,Hibernating or Lost,0.5750626267462317,train
17536,Loyal Customers,United Kingdom,4.5337499999999995,0.3125,12.5625,16,0.0,505,0.0,Champions,0.4991152159074116,train
17537,Loyal Customers,United Kingdom,2.6604,0.38666666666666666,9.333333333333334,74,0.0,273,0.0,Loyal Customers,0.8675729728358257,train
17538,At Risk,United Kingdom,1.1933333333333334,0.7777777777777778,14.88888888888889,9,0.0,0,0.0,Hibernating or Lost,0.6625839037072621,train
17539,Loyal Customers,United Kingdom,2.8915436241610735,0.10738255033557047,5.0134228187919465,132,0.9932885906040269,108,0.42857142857142855,Champions,0.510424708689734,train
17540,Champions,United Kingdom,3.1,0.453125,9.1875,41,0.1875,575,0.14285714285714285,Champions,0.5065350945913619,train
17541,Hibernating or Lost,United Kingdom,3.3142424242424244,0.030303030303030304,1.393939393939394,31,1.0,0,0.0,At Risk,0.6949360266619181,train
17542,At Risk,United Kingdom,2.279076923076923,0.18461538461538463,4.984615384615385,57,0.0,371,0.0,Loyal Customers,0.9049407767593086,train
17543,Hibernating or Lost,United Kingdom,3.476923076923077,0.15384615384615385,4.769230769230769,13,0.0,0,0.0,Hibernating or Lost,0.5415922432970055,test
17544,Loyal Customers,United Kingdom,3.3938043478260873,0.17391304347826086,4.771739130434782,80,1.0,0,0.0,Loyal Customers,0.6379818656497607,test
17545,Loyal Customers,United Kingdom,2.533489208633094,0.0539568345323741,2.6366906474820144,204,0.45323741007194246,534,0.0,Champions,0.9740655364669074,train
17547,At Risk,United Kingdom,4.633870967741935,0.25806451612903225,7.193548387096774,22,0.0,289,0.5,Loyal Customers,0.8742024095326586,train
17548,Loyal Customers,United Kingdom,1.871764705882353,0.7058823529411765,14.529411764705882,22,0.35294117647058826,162,0.3333333333333333,At Risk,0.6328724731545365,train
17549,Loyal Customers,United Kingdom,1.7666666666666666,0.8333333333333334,35.0,5,0.0,27,0.0,Hibernating or Lost,0.6625839037072621,test
17550,Champions,United Kingdom,3.0681437125748503,0.020958083832335328,2.961077844311377,250,0.7065868263473054,472,0.1,Champions,0.6179814692796378,train
17551,At Risk,United Kingdom,2.5411627906976744,0.046511627906976744,3.488372093023256,39,0.0,0,0.0,At Risk,0.6490496539052968,test
17552,Champions,United Kingdom,2.5541666666666667,0.5448717948717948,13.429487179487179,78,0.0,567,0.25,Champions,0.8146951866859856,test
17553,Loyal Customers,United Kingdom,2.8666666666666667,1.0,381.3333333333333,2,0.0,481,0.0,Loyal Customers,0.6625890821436974,train
17554,Champions,United Kingdom,3.0594318181818183,0.3977272727272727,20.03409090909091,58,0.0,146,0.0,At Risk,0.5196631703144412,train
17555,Champions,United Kingdom,1.9747794117647057,0.04411764705882353,2.7463235294117645,220,0.7316176470588235,566,0.0,Champions,0.9588644593642219,train
17556,At Risk,United Kingdom,3.3314285714285714,0.5,13.142857142857142,13,0.0,173,0.0,At Risk,0.6489482792953484,train
17557,Loyal Customers,United Kingdom,2.867714285714286,0.4,8.857142857142858,28,0.0,718,0.0,Loyal Customers,0.5019069215566578,train
17558,Hibernating or Lost,United Kingdom,4.497142857142857,0.0,1.9285714285714286,28,0.0,0,0.0,At Risk,0.6790364749681377,train
17559,Hibernating or Lost,United Kingdom,0.7866666666666666,0.9166666666666666,22.5,12,0.0,0,0.0,Hibernating or Lost,0.6625839037072621,test
17560,Champions,United Kingdom,2.322909090909091,0.8,28.87272727272727,37,0.0,565,0.0,Champions,0.5637379403477663,train
17561,Loyal Customers,United Kingdom,2.4542364532019705,0.009852216748768473,1.9507389162561577,163,1.0,713,0.0,Champions,0.9740655364669074,test
17562,Champions,United Kingdom,1.8968253968253967,0.4444444444444444,12.968253968253968,48,0.3333333333333333,159,0.125,Loyal Customers,0.6457198096240846,train
17563,At Risk,United Kingdom,2.476551724137931,0.3793103448275862,8.827586206896552,27,0.0,33,0.6,At Risk,0.7656913129644451,test
17564,Loyal Customers,United Kingdom,3.722448979591837,0.0,2.979591836734694,38,0.0,55,0.0,At Risk,0.7386192680994106,train
17565,Hibernating or Lost,United Kingdom,2.8463333333333334,0.03333333333333333,2.2333333333333334,30,1.0,0,0.0,At Risk,0.6311892606008653,train
17566,Loyal Customers,United Kingdom,2.6539473684210524,0.09868421052631579,3.4078947368421053,113,0.0,17,0.0,Loyal Customers,0.3942893623348598,test
17567,Champions,United Kingdom,2.4901793721973093,0.5515695067264574,14.134529147982063,128,0.0,434,0.18181818181818182,Champions,0.7681564420583257,test
17568,At Risk,United Kingdom,1.5227692307692309,0.1076923076923077,4.3538461538461535,61,0.0,0,0.0,At Risk,0.6439543522648258,train
17569,At Risk,United Kingdom,3.3531034482758617,0.10344827586206896,5.482758620689655,29,0.0,0,0.0,At Risk,0.7386192680994106,train
17570,Hibernating or Lost,United Kingdom,100.0,0.0,1.0,1,0.0,0,0.5,Hibernating or Lost,0.5072537080810667,test
17571,Loyal Customers,United Kingdom,2.6971671388101983,0.0708215297450425,2.8895184135977336,290,0.08498583569405099,492,0.0,Champions,0.5998457545140751,train
17572,Loyal Customers,United Kingdom,2.6580555555555554,0.2222222222222222,9.75,14,0.0,653,0.0,Champions,0.6097686697666287,test
17573,Loyal Customers,United Kingdom,2.2028,0.48,12.32,24,0.0,64,0.25,At Risk,0.8163211480642952,train
17574,At Risk,United Kingdom,3.3162499999999997,0.5,9.625,8,0.0,0,0.0,At Risk,0.6489482792953484,test
17575,Hibernating or Lost,United Kingdom,6.159999999999999,0.4,14.4,5,0.0,0,0.0,Hibernating or Lost,0.5157906567635884,test
17576,Champions,United Kingdom,3.2207219827586204,0.11530172413793104,5.107758620689655,417,0.0,728,0.08888888888888889,Champions,0.9679373006859754,train
17577,At Risk,United Kingdom,2.4714285714285715,0.3333333333333333,8.523809523809524,20,0.0,23,0.0,At Risk,0.8208232558852596,train
17578,Loyal Customers,United Kingdom,3.534307692307692,0.26153846153846155,8.138461538461538,57,0.27692307692307694,311,0.3,Loyal Customers,0.8589329579194651,train
17579,Loyal Customers,United Kingdom,3.4324468085106385,0.07446808510638298,3.9893617021276597,89,0.0,573,0.2,Champions,0.6472551320674609,test
17580,Loyal Customers,United Kingdom,2.6845263157894736,0.010526315789473684,2.357894736842105,78,0.30526315789473685,169,0.0,Loyal Customers,0.5967589475498478,train
17581,Champions,United Kingdom,2.9710235294117644,0.4164705882352941,11.731764705882354,387,0.11058823529411765,735,0.18867924528301888,Champions,0.981259281452183,test
17582,Loyal Customers,United Kingdom,3.0705645161290325,0.08870967741935484,4.887096774193548,92,0.8145161290322581,387,0.16666666666666666,Loyal Customers,0.9026307242250012,train
17583,Hibernating or Lost,United Kingdom,2.807142857142857,0.0,7.857142857142857,7,0.0,0,0.0,Hibernating or Lost,0.7025009347304892,train
17584,Champions,United Kingdom,4.133709677419355,0.5403225806451613,19.870967741935484,85,0.33064516129032256,676,0.14285714285714285,Champions,0.7737614747056438,train
17585,Loyal Customers,United Kingdom,1.8042821158690174,0.16120906801007556,6.395465994962216,295,0.0,368,0.0,Champions,0.5415952624422619,train
17586,Hibernating or Lost,United Kingdom,2.975,0.375,8.5,8,0.0,0,0.0,At Risk,0.5888990040447544,test
17587,Hibernating or Lost,United Kingdom,3.3983720930232555,0.0,1.5813953488372092,42,1.0,0,0.0,At Risk,0.6949360266619181,test
17588,Champions,United Kingdom,4.59549295774648,0.3380281690140845,19.422535211267604,35,0.0,537,0.2222222222222222,Champions,0.5186977805597038,train
17589,Champions,United Kingdom,2.440975428145942,0.14892032762472077,6.543559195830231,601,0.31720029784065523,582,0.14285714285714285,Champions,0.9795133047476816,train
17590,Champions,United Kingdom,2.668407960199005,0.0845771144278607,4.119402985074627,162,0.2835820895522388,37,0.0,Loyal Customers,0.4790925992139787,test
17591,Champions,United Kingdom,3.730410447761194,0.1865671641791045,4.376865671641791,93,0.08208955223880597,617,0.1111111111111111,Champions,0.6793257825196031,train
17592,Hibernating or Lost,United Kingdom,3.965384615384615,0.0,2.923076923076923,13,0.0,0,0.5,Hibernating or Lost,0.5072537080810667,train
17593,Champions,United Kingdom,2.7174572127139367,0.5183374083129584,13.709046454767726,311,0.2885085574572127,731,0.26666666666666666,Champions,0.9881151279889258,train
17594,Champions,United Kingdom,2.1908653846153845,0.5384615384615384,13.153846153846153,70,0.0,519,0.0,Champions,0.6802767752532008,train
17595,Loyal Customers,United Kingdom,2.497710843373494,0.08433734939759036,2.7590361445783134,68,0.5903614457831325,24,0.0,Loyal Customers,0.5967589475498478,train
17596,Champions,United Kingdom,1.948976660682226,0.2244165170556553,13.678635547576302,274,0.11131059245960502,701,0.07142857142857142,Champions,0.9682743477650553,test
17597,Loyal Customers,United Kingdom,2.99359375,0.71875,17.3046875,109,0.421875,369,0.2857142857142857,Champions,0.8061009040709335,train
17598,At Risk,United Kingdom,3.2689999999999997,0.7,12.6,10,0.0,0,0.0,At Risk,0.577171417163366,train
17599,Hibernating or Lost,United Kingdom,5.1499999999999995,0.0,3.6666666666666665,3,0.0,0,0.6666666666666666,Hibernating or Lost,0.5072537080810667,test
17600,At Risk,United Kingdom,3.5307692307692307,0.46153846153846156,11.076923076923077,13,0.0,0,0.0,At Risk,0.6489482792953484,test
17601,At Risk,United Kingdom,2.385,0.10526315789473684,3.9342105263157894,69,0.0,141,0.0,At Risk,0.5782410539002637,test
17602,Champions,United Kingdom,1.9684358144552319,0.1574973031283711,6.403451995685005,450,0.008629989212513484,616,0.2222222222222222,Champions,0.9704474847982275,test
17603,Loyal Customers,United Kingdom,4.335327102803738,0.18691588785046728,5.981308411214953,104,0.0,651,0.6363636363636364,Champions,0.9728698621407936,test
17604,Loyal Customers,United Kingdom,2.3128571428571427,0.0380952380952381,2.933333333333333,142,0.0,464,0.0,Champions,0.5998457545140751,train
17605,Hibernating or Lost,United Kingdom,2.2115384615384617,0.15384615384615385,5.461538461538462,13,0.0,0,0.0,Hibernating or Lost,0.7023571524697401,train
17606,Hibernating or Lost,United Kingdom,2.216666666666667,0.16666666666666666,7.0,6,0.0,0,0.0,Hibernating or Lost,0.5589618482557781,train
17607,At Risk,United Kingdom,2.44,0.5,12.227272727272727,22,1.0,0,0.0,At Risk,0.6022814389492007,train
17608,Loyal Customers,United Kingdom,1.188284023668639,0.0650887573964497,3.1893491124260356,134,0.6982248520710059,573,0.0,Champions,0.9588644593642219,train
17609,Champions,United Kingdom,2.161542416452442,0.04627249357326478,3.4061696658097684,317,0.5681233933161953,568,0.21428571428571427,Champions,0.9588644593642219,train
17610,Loyal Customers,United Kingdom,2.915031847133758,0.17197452229299362,5.745222929936306,114,0.28662420382165604,193,0.375,Champions,0.5756758531786106,train
17611,Champions,United Kingdom,2.6579893238434162,0.14056939501779359,4.765124555160142,722,0.445729537366548,731,0.2,Champions,0.9774243939849566,train
17612,Champions,United Kingdom,3.2301470588235293,0.39705882352941174,10.355882352941176,213,0.0,669,0.4375,Champions,0.9852790493222477,train
17613,Champions,United Kingdom,2.6451602564102563,0.3269230769230769,8.0,211,0.25,282,0.17647058823529413,Champions,0.6892538001912816,test
17614,At Risk,United Kingdom,2.2116,0.01,2.38,97,0.0,0,0.0,At Risk,0.6439543522648258,train
17615,Loyal Customers,United Kingdom,3.073050847457627,0.22033898305084745,6.5423728813559325,47,0.0847457627118644,355,0.14285714285714285,Loyal Customers,0.8823249656131642,train
17616,Loyal Customers,United Kingdom,2.55,1.0,83.2,1,0.2,277,0.0,Loyal Customers,0.8129046425765586,test
17617,At Risk,United Kingdom,2.5210526315789474,0.631578947368421,13.421052631578947,18,1.0,0,0.5,At Risk,0.673997336107242,train
17618,Champions,United Kingdom,3.6220266666666667,0.07733333333333334,4.8533333333333335,202,0.9653333333333334,679,0.15384615384615385,Champions,0.9721425832198033,test
17619,At Risk,United Kingdom,1.8036363636363635,0.0,1.6493506493506493,71,0.0,0,0.0,At Risk,0.6439543522648258,test
17620,At Risk,United Kingdom,2.7575,0.5,15.0,4,0.0,0,0.0,Hibernating or Lost,0.5286258793910906,train
17621,Champions,United Kingdom,3.401969696969697,0.6666666666666666,16.818181818181817,61,0.030303030303030304,410,0.25,Loyal Customers,0.8125027802818194,train
17622,At Risk,United Kingdom,4.117894736842105,0.3684210526315789,9.973684210526315,19,0.0,0,0.3333333333333333,At Risk,0.8247040482208206,train
17623,Champions,United Kingdom,4.488826530612244,0.1326530612244898,4.086734693877551,130,0.18877551020408162,692,0.0,Champions,0.9621997230560563,test
17624,Champions,United Kingdom,3.1226804123711336,0.5154639175257731,9.876288659793815,91,0.2268041237113402,704,0.0,Champions,0.7868676474409136,train
17625,Champions,United Kingdom,2.458805120910384,0.10241820768136557,5.051209103840683,429,0.615931721194879,706,0.0,Champions,0.9740655364669074,train
17626,Hibernating or Lost,United Kingdom,1.8783333333333334,0.6666666666666666,11.222222222222221,18,0.0,0,0.0,Hibernating or Lost,0.5750626267462317,train
17627,Hibernating or Lost,United Kingdom,1.8690000000000002,0.7,67.6,10,0.0,0,0.5,At Risk,0.6450182397136387,train
17628,At Risk,United Kingdom,2.41,0.6,15.8,5,0.0,0,0.0,Hibernating or Lost,0.6138854892987397,train
17629,Champions,United Kingdom,2.480769230769231,0.5192307692307693,12.198717948717949,129,0.33974358974358976,415,0.09090909090909091,Champions,0.7512666674481596,train
17630,At Risk,United Kingdom,7.825000000000001,0.34615384615384615,6.076923076923077,24,0.0,62,0.0,At Risk,0.8607784496184314,train
17631,Champions,United Kingdom,3.552753623188406,0.2753623188405797,8.565217391304348,66,0.0,728,0.0,Champions,0.7006175932698865,test
17633,Champions,United Kingdom,3.2363366336633663,0.27722772277227725,8.900990099009901,84,0.12871287128712872,357,0.2222222222222222,Loyal Customers,0.8687837014172249,train
17634,Champions,United Kingdom,3.7267003367003366,0.020202020202020204,2.8282828282828283,209,0.10437710437710437,301,0.0,Champions,0.5817880101099283,train
17635,Loyal Customers,United Kingdom,2.7762162162162163,0.2972972972972973,10.405405405405405,60,0.0,166,0.25,Loyal Customers,0.6004596599567795,train
17636,At Risk,United Kingdom,2.3905000000000003,0.3,9.1,20,1.0,0,0.5,At Risk,0.5299748897640435,train
17637,Loyal Customers,United Kingdom,3.432857142857143,0.34285714285714286,8.0,35,0.0,83,0.0,At Risk,0.8596366604048866,train
17638,At Risk,United Kingdom,1.95,1.0,144.0,2,0.0,74,0.0,Hibernating or Lost,0.6625839037072621,train
17639,Loyal Customers,United Kingdom,2.418987341772152,0.189873417721519,7.291139240506329,59,0.16455696202531644,207,0.0,At Risk,0.5703677493858214,train
17640,Champions,United Kingdom,2.330909090909091,0.7121212121212122,25.636363636363637,48,0.5151515151515151,539,0.25,Champions,0.8547790168034048,train
17642,Loyal Customers,United Kingdom,2.1300925925925926,0.5648148148148148,13.657407407407407,88,0.17592592592592593,614,0.0,Champions,0.7114498567645084,train
17643,At Risk,United Kingdom,3.5743589743589745,0.23076923076923078,7.615384615384615,30,0.0,132,0.0,At Risk,0.8596366604048866,train
17644,Champions,United Kingdom,3.1003363914373088,0.3761467889908257,10.608562691131498,160,0.012232415902140673,660,0.2857142857142857,Champions,0.9852790493222477,train
17646,Champions,United Kingdom,5.137902439024391,0.2926829268292683,6.917073170731707,124,0.0,504,0.25,Champions,0.6238399859074022,train
17647,Loyal Customers,United Kingdom,6.2941666666666665,0.25,6.833333333333333,12,0.0,604,0.0,Loyal Customers,0.4621204036617547,test
17648,Loyal Customers,United Kingdom,4.53184,0.296,7.632,114,0.0,324,0.16666666666666666,Champions,0.5632592984564477,train
17649,Loyal Customers,United Kingdom,3.6543877551020407,0.23469387755102042,7.377551020408164,88,0.5306122448979592,334,0.4,Loyal Customers,0.8589329579194651,train
17650,At Risk,United Kingdom,1.89625,0.75,18.75,8,0.0,0,0.0,Hibernating or Lost,0.6625839037072621,train
17651,Champions,United Kingdom,2.2889759036144577,0.3373493975903614,12.30722891566265,198,0.04216867469879518,514,0.2727272727272727,Champions,0.9843500982069006,train
17652,Champions,United Kingdom,3.3447490347490345,0.32432432432432434,9.687258687258687,118,0.0,255,0.3333333333333333,Champions,0.7303732460562085,train
17653,Loyal Customers,United Kingdom,4.069090909090909,0.4090909090909091,32.02272727272727,44,0.0,83,0.2,At Risk,0.8353854655630091,train
17654,At Risk,United Kingdom,3.1568181818181817,0.0,1.8636363636363635,22,0.0,0,0.0,At Risk,0.7386192680994106,train
17655,Champions,United Kingdom,4.5955,0.4583333333333333,12.85,75,0.11666666666666667,406,0.1,Loyal Customers,0.8816832699760822,train
17656,Loyal Customers,United Kingdom,2.772560975609756,0.6707317073170732,17.0609756097561,67,0.0,55,0.0,At Risk,0.5346079062853114,train
17657,Hibernating or Lost,United Kingdom,2.25,0.42857142857142855,8.571428571428571,7,0.0,0,0.0,Hibernating or Lost,0.5623740537863559,train
17658,Loyal Customers,United Kingdom,2.561052631578947,0.6842105263157895,32.421052631578945,17,0.0,185,0.3333333333333333,At Risk,0.6690963625778594,test
17659,Champions,United Kingdom,4.142107843137255,0.3284313725490196,8.901960784313726,150,0.0,368,0.17647058823529413,Champions,0.5632592984564477,train
17660,At Risk,United Kingdom,2.2079775280898875,0.056179775280898875,3.0112359550561796,75,0.0,595,0.0,Champions,0.5497649426147413,train
17662,At Risk,United Kingdom,4.554,0.4,12.266666666666667,14,0.0,60,0.0,At Risk,0.5615387263657337,train
17663,Champions,United Kingdom,4.485840336134454,0.3739495798319328,9.65126050420168,153,0.0,619,0.2608695652173913,Champions,0.9799290668134282,train
17664,Champions,United Kingdom,2.098,0.5375,13.225,68,0.2,601,0.0,Champions,0.7114498567645084,train
17665,At Risk,United Kingdom,1.513157894736842,0.7894736842105263,36.31578947368421,19,0.0,0,0.0,At Risk,0.7850858886768727,train
17666,Champions,United Kingdom,1.845909090909091,0.8863636363636364,35.27272727272727,30,0.0,523,0.0,Loyal Customers,0.5329303934415414,train
17667,Champions,United Kingdom,3.2806521739130434,0.34347826086956523,9.530434782608696,140,0.0,588,0.25,Champions,0.9831764876375382,test
17668,Loyal Customers,United Kingdom,7.336666666666667,0.2,6.2,14,0.0,36,0.0,At Risk,0.4984835712030462,train
17669,Champions,United Kingdom,2.110138888888889,0.4930555555555556,24.34027777777778,85,0.0,574,0.0,Champions,0.7298755729657285,train
17670,At Risk,United Kingdom,2.590909090909091,0.45454545454545453,10.0,11,0.0,0,0.0,At Risk,0.5378948354889166,train
17671,Champions,United Kingdom,3.381413043478261,0.5,12.793478260869565,54,0.0,360,0.2857142857142857,Loyal Customers,0.834887252573607,train
17672,Champions,United Kingdom,4.261601941747573,0.5776699029126213,13.388349514563107,179,0.0,631,0.2222222222222222,Champions,0.9799290668134282,train
17673,Champions,United Kingdom,1.6613846153846152,0.1423076923076923,6.4192307692307695,195,0.08461538461538462,628,0.13333333333333333,Champions,0.9624997762593833,train
17674,Loyal Customers,United Kingdom,0.7297368421052631,0.9736842105263158,26.86842105263158,19,0.0,294,0.0,Loyal Customers,0.8036177146847769,train
17675,Champions,United Kingdom,3.4586790780141845,0.49822695035460995,14.553191489361701,345,0.09574468085106383,728,0.2222222222222222,Champions,0.9883755335020277,train
17676,Champions,United Kingdom,1.9351829268292684,0.3719512195121951,11.78048780487805,85,0.0,615,0.23076923076923078,Champions,0.7316560456727129,test
17677,Champions,United Kingdom,2.6836516853932584,0.6615168539325843,30.808988764044944,346,0.047752808988764044,721,0.4065934065934066,Champions,0.9881638809913595,train
17678,At Risk,United Kingdom,3.097142857142857,0.6071428571428571,13.142857142857142,27,0.0,339,0.3333333333333333,Loyal Customers,0.8947151356952735,train
17679,Champions,United Kingdom,3.1351851851851853,0.8148148148148148,21.666666666666668,70,0.0,683,0.36363636363636365,Champions,0.8255265268215899,train
17680,Loyal Customers,United Kingdom,5.567500000000001,0.4,7.75,20,0.2,487,0.25,Loyal Customers,0.9346265831476045,test
17681,At Risk,United Kingdom,2.7621428571428575,0.9285714285714286,32.142857142857146,12,0.14285714285714285,96,0.16666666666666666,Hibernating or Lost,0.6138854892987397,train
17682,Champions,United Kingdom,2.4209663865546216,0.36554621848739494,10.466386554621849,85,0.13025210084033614,631,0.08333333333333333,Champions,0.7498837750936012,train
17683,At Risk,United Kingdom,2.1032608695652173,0.6956521739130435,16.97826086956522,41,0.0,168,0.0,At Risk,0.7850858886768727,train
17684,At Risk,United Kingdom,2.916,0.6,9.666666666666666,15,0.0,0,0.0,Hibernating or Lost,0.5226520580879255,test
17685,Champions,United Kingdom,1.9482159624413147,0.6619718309859155,18.093896713615024,124,0.0,649,0.14285714285714285,Champions,0.9759037735330374,train
17686,Champions,United Kingdom,3.7993706293706295,0.24475524475524477,8.351981351981353,283,0.0,526,0.0,Champions,0.9746517878282736,train
17687,At Risk,United Kingdom,2.8246153846153845,0.2692307692307692,8.076923076923077,26,0.0,0,0.0,At Risk,0.8208232558852596,train
17688,Hibernating or Lost,United Kingdom,3.823684210526316,0.2631578947368421,6.0,19,0.0,0,0.5,At Risk,0.817850804346037,train
17689,At Risk,United Kingdom,1.199090909090909,0.3181818181818182,13.636363636363637,17,0.4090909090909091,85,0.0,At Risk,0.5941365452088195,train
17690,Champions,United Kingdom,5.200861618798956,0.3133159268929504,8.161879895561357,237,0.16449086161879894,644,0.047619047619047616,Champions,0.9655486081780054,train
17691,Loyal Customers,United Kingdom,3.351923076923077,0.3269230769230769,7.173076923076923,37,0.0,188,0.2,At Risk,0.8596366604048866,test
17692,Champions,United Kingdom,1.902901234567901,0.6419753086419753,14.432098765432098,90,0.1111111111111111,413,0.14285714285714285,Loyal Customers,0.8704724511414116,train
17693,At Risk,United Kingdom,2.0825,0.75,14.4375,16,0.0,0,0.6666666666666666,At Risk,0.6450182397136387,train
17694,Loyal Customers,United Kingdom,1.6760493827160492,0.5185185185185185,18.432098765432098,54,0.0,421,0.0,Loyal Customers,0.8675653219986909,test
17695,Loyal Customers,United Kingdom,1.2801639344262297,0.9508196721311475,29.65573770491803,46,0.2786885245901639,549,0.16666666666666666,Champions,0.7406977785194158,train
17696,Champions,United Kingdom,2.17613698630137,0.6328767123287671,16.13972602739726,191,0.07397260273972603,690,0.4375,Champions,0.9810640772469079,train
17697,At Risk,United Kingdom,5.084210526315789,0.10526315789473684,4.894736842105263,19,1.0,0,0.0,At Risk,0.699121992610056,train
17698,At Risk,United Kingdom,2.1375,0.75,11.625,8,0.0,0,0.0,Hibernating or Lost,0.5750626267462317,train
17699,At Risk,United Kingdom,3.2868421052631582,0.42105263157894735,10.947368421052632,17,0.0,84,0.0,At Risk,0.6489482792953484,train
17700,Champions,United Kingdom,3.526611111111111,0.40555555555555556,9.636111111111111,259,0.0,722,0.17647058823529413,Champions,0.981259281452183,test
17701,At Risk,United Kingdom,5.754166666666666,0.041666666666666664,4.541666666666667,24,0.0,0,0.0,At Risk,0.6790364749681377,train
17702,Champions,United Kingdom,2.188562091503268,0.38562091503267976,14.071895424836601,120,0.1437908496732026,370,0.3333333333333333,Champions,0.7245420993873867,test
17703,Loyal Customers,United Kingdom,1.5642307692307693,0.6025641025641025,11.5,63,0.5128205128205128,382,0.0,Loyal Customers,0.8983091256827075,train
17704,At Risk,United Kingdom,3.918709677419355,0.3548387096774194,11.064516129032258,27,0.0,71,0.0,At Risk,0.867997490985079,test
17705,Champions,United Kingdom,2.8125,0.26666666666666666,10.841666666666667,74,0.058333333333333334,573,0.08333333333333333,Champions,0.7498837750936012,test
17706,Champions,United Kingdom,3.9355555555555553,0.43137254901960786,10.52156862745098,408,0.06013071895424837,685,0.27906976744186046,Champions,0.9799290668134282,train
17707,Loyal Customers,United Kingdom,1.6875,0.5833333333333334,22.75,9,0.3333333333333333,547,0.1111111111111111,Champions,0.6067566085676112,train
17708,Loyal Customers,United Kingdom,3.245,0.20270270270270271,5.243243243243243,57,0.12162162162162163,235,0.0,Loyal Customers,0.8892545966974172,train
17709,Loyal Customers,United Kingdom,6.0435,0.275,7.375,37,0.175,433,0.0,Loyal Customers,0.9144185077397005,train
17710,Hibernating or Lost,United Kingdom,4.0085,0.35,7.9,20,0.0,0,0.0,At Risk,0.8607784496184314,train
17711,Loyal Customers,United Kingdom,2.4530434782608697,0.5217391304347826,10.695652173913043,22,0.0,279,0.0,Loyal Customers,0.8764008263447058,train
17712,At Risk,United Kingdom,4.665172413793103,0.27586206896551724,7.413793103448276,29,0.0,0,0.0,At Risk,0.8607784496184314,train
17713,Loyal Customers,United Kingdom,2.8776315789473683,0.6052631578947368,13.013157894736842,55,0.0,166,0.0,At Risk,0.5313261023221421,train
17714,Loyal Customers,United Kingdom,4.428641975308642,0.345679012345679,7.506172839506172,69,0.12345679012345678,192,0.4444444444444444,At Risk,0.5447313685685866,train
17715,At Risk,United Kingdom,0.85,1.0,288.0,1,0.0,392,0.0,Loyal Customers,0.5664796629088443,train
17716,Champions,United Kingdom,2.7211813643926788,0.6256239600665557,14.6738768718802,334,0.026622296173044926,714,0.1111111111111111,Champions,0.984917761558242,train
17717,At Risk,United Kingdom,1.8615384615384616,0.7307692307692307,13.23076923076923,26,0.0,0,0.0,At Risk,0.8233358072462033,train
17718,At Risk,United Kingdom,3.0456521739130435,0.6521739130434783,11.91304347826087,22,0.0,412,0.3333333333333333,Loyal Customers,0.8947151356952735,train
17719,Champions,United Kingdom,4.476167883211679,0.2956204379562044,9.0,111,0.05474452554744526,217,0.16666666666666666,Champions,0.5632592984564477,train
17720,Champions,United Kingdom,4.290977443609022,0.5338345864661654,12.12781954887218,81,0.09774436090225563,552,0.16666666666666666,Champions,0.6990749762353027,train
17721,Hibernating or Lost,United Kingdom,4.173636363636364,0.45454545454545453,9.727272727272727,11,0.0,0,0.0,At Risk,0.5615387263657337,test
17722,Champions,United Kingdom,3.00337899543379,0.5753424657534246,13.41095890410959,163,0.0958904109589041,279,0.2857142857142857,Champions,0.7563025540221495,train
17723,Champions,United Kingdom,3.5333333333333337,0.8333333333333334,76.0,6,0.0,248,0.0,Loyal Customers,0.6423924882473523,train
17724,Loyal Customers,United Kingdom,4.37125,0.325,7.5,38,0.275,67,0.25,At Risk,0.6682171831858043,train
17725,Champions,United Kingdom,2.5801041666666666,0.65625,11.260416666666666,115,0.17708333333333334,250,0.21428571428571427,Champions,0.7336911899973548,train
17726,Loyal Customers,United Kingdom,3.47,0.28125,6.9375,52,0.0,286,0.125,Loyal Customers,0.8823249656131642,train
17727,Loyal Customers,United Kingdom,3.1312121212121213,0.4090909090909091,9.772727272727273,66,0.0,0,0.5,Loyal Customers,0.6074326597460005,train
17728,Champions,United Kingdom,3.433237704918033,0.4016393442622951,8.795081967213115,196,0.3237704918032787,449,0.375,Champions,0.7511212751786878,test
17729,At Risk,United Kingdom,3.067391304347826,0.391304347826087,10.73913043478261,23,0.0,0,0.0,At Risk,0.8368435692463948,test
17730,Champions,United Kingdom,1.9353821656050956,0.7484076433121019,16.878980891719745,177,0.054140127388535034,586,0.13043478260869565,Champions,0.9759037735330374,train
17731,Loyal Customers,United Kingdom,4.432424242424243,0.32323232323232326,7.141414141414141,82,0.0707070707070707,589,0.14285714285714285,Champions,0.6298972710469025,train
17732,Champions,United Kingdom,4.5709285714285715,0.2,8.221428571428572,90,0.0,115,0.2,At Risk,0.6984043884516892,train
17733,Loyal Customers,United Kingdom,2.959142857142857,0.6571428571428571,13.228571428571428,33,0.0,222,0.0,Loyal Customers,0.8531448790872534,train
17734,Loyal Customers,United Kingdom,3.252441860465116,0.37209302325581395,8.616279069767442,76,0.26744186046511625,588,0.0,Champions,0.7564436673165486,train
17735,Champions,United Kingdom,2.480814732142857,0.4453125,12.166294642857142,391,0.0703125,495,0.10344827586206896,Champions,0.7229019052453675,test
17736,Loyal Customers,United Kingdom,5.2212,0.6,9.52,24,0.0,104,0.25,At Risk,0.8644317623159369,train
17737,Loyal Customers,United Kingdom,2.414,0.5,10.8,8,0.0,49,0.0,At Risk,0.5378948354889166,test
17738,Champions,United Kingdom,2.8272173913043477,0.49130434782608695,12.069565217391304,173,0.08695652173913043,611,0.13333333333333333,Champions,0.9825654733277243,test
17739,Champions,United Kingdom,4.2102684563758395,0.4697986577181208,15.671140939597315,56,0.0,720,0.1,Champions,0.746840226620947,test
17740,At Risk,United Kingdom,2.192222222222222,0.7777777777777778,24.666666666666668,5,0.0,308,0.0,Loyal Customers,0.5664796629088443,test
17741,At Risk,United Kingdom,1.1333333333333333,0.8333333333333334,19.0,6,0.0,153,0.0,Hibernating or Lost,0.6625839037072621,train
17742,Loyal Customers,United Kingdom,7.747529411764705,0.23529411764705882,7.682352941176471,52,0.0,625,0.0,Champions,0.6298972710469025,test
17743,Hibernating or Lost,United Kingdom,2.45,1.0,32.0,3,0.0,0,0.5,At Risk,0.6690963625778594,train
17744,Champions,United Kingdom,0.9196688741721855,0.8940397350993378,25.337748344370862,121,0.07947019867549669,377,0.125,Champions,0.6510498014533858,test
17745,At Risk,United Kingdom,6.6207142857142856,0.21428571428571427,5.857142857142857,27,0.0,78,0.0,At Risk,0.8607784496184314,train
17746,Loyal Customers,United Kingdom,3.072777777777778,0.5555555555555556,19.11111111111111,32,0.0,370,0.42857142857142855,Loyal Customers,0.8845827867305939,test
17747,At Risk,United Kingdom,5.95,1.0,12.0,1,0.0,0,0.5,At Risk,0.7619601006625075,train
17748,At Risk,United Kingdom,4.497058823529412,0.17647058823529413,6.529411764705882,17,0.0,0,0.0,At Risk,0.4984835712030462,train
17749,Loyal Customers,United Kingdom,5.157368421052632,0.2807017543859649,7.824561403508772,52,0.0,368,0.0,Loyal Customers,0.8946968414577486,train
17750,Champions,United Kingdom,0.6623316062176166,0.6321243523316062,20.502590673575128,101,0.13989637305699482,158,0.0,At Risk,0.6502418834660041,train
17751,Hibernating or Lost,United Kingdom,2.1071875,0.09375,4.59375,31,0.0,0,0.0,At Risk,0.622888518232414,train
17752,At Risk,United Kingdom,0.42,1.0,192.0,1,0.0,0,0.0,Hibernating or Lost,0.6625839037072621,train
17753,At Risk,United Kingdom,2.841527777777778,0.027777777777777776,1.7777777777777777,63,0.0,238,0.2,Loyal Customers,0.892106178311767,test
17754,Champions,United Kingdom,1.2474561403508773,0.5307017543859649,19.478070175438596,185,0.0,727,0.1875,Champions,0.9779790862569014,test
17756,Loyal Customers,United Kingdom,2.817411764705882,0.08235294117647059,4.705882352941177,54,0.0,18,0.0,At Risk,0.5782410539002637,train
17757,Champions,United Kingdom,2.8238396946564888,0.04885496183206107,3.9412213740458015,362,0.11603053435114503,693,0.06666666666666667,Champions,0.9701483488954694,train
17758,Champions,United Kingdom,2.408152985074627,0.17350746268656717,6.037313432835821,403,0.5074626865671642,549,0.0,Champions,0.9795133047476816,train
17759,Champions,United Kingdom,2.3416666666666663,0.2028985507246377,7.072463768115942,114,0.0,566,0.0,Champions,0.9764092050776733,train
17760,Champions,United Kingdom,2.5721052631578947,0.17105263157894737,9.157894736842104,58,0.19736842105263158,627,0.14285714285714285,Champions,0.7448086779745412,train
17761,At Risk,United Kingdom,3.142105263157895,0.6842105263157895,20.94736842105263,19,0.0,0,0.0,At Risk,0.8264427958453531,train
17762,Hibernating or Lost,United Kingdom,1.918235294117647,0.058823529411764705,7.588235294117647,16,0.0,0,0.0,Hibernating or Lost,0.7438039876772888,test
17763,At Risk,United Kingdom,3.0500000000000003,0.07142857142857142,2.9285714285714284,11,0.0,395,0.2,Loyal Customers,0.5799769419763644,train
17764,Loyal Customers,United Kingdom,3.160251572327044,0.13836477987421383,4.584905660377358,126,0.0,685,0.0,Champions,0.9720787512313731,test
17765,Loyal Customers,United Kingdom,3.9551807228915665,0.024096385542168676,2.3734939759036147,71,0.0,289,0.0,Loyal Customers,0.8978707102564389,train
17766,At Risk,United Kingdom,2.8645454545454547,0.22727272727272727,7.045454545454546,21,0.0,0,0.0,At Risk,0.8208232558852596,train
17767,Loyal Customers,United Kingdom,2.5884615384615386,0.10256410256410256,5.076923076923077,35,0.0,394,0.0,Loyal Customers,0.8293383283510054,train
17768,Champions,United Kingdom,3.120947368421053,0.3736842105263158,12.805263157894737,134,0.4263157894736842,729,0.125,Champions,0.9837310883313256,train
17769,Champions,United Kingdom,3.094027072758037,0.11505922165820642,5.373942470389171,330,0.9170896785109983,676,0.19047619047619047,Champions,0.9721425832198033,train
17770,Loyal Customers,United Kingdom,4.827105263157895,0.21052631578947367,9.605263157894736,33,0.0,83,0.0,At Risk,0.867997490985079,train
17771,Loyal Customers,United Kingdom,2.5733333333333333,0.14492753623188406,5.405797101449275,63,0.0,532,0.0,Champions,0.6952617454373441,train
17772,Loyal Customers,United Kingdom,3.221047619047619,0.0,1.161904761904762,94,0.0,381,0.0,Loyal Customers,0.8942440043812727,train
17773,At Risk,United Kingdom,3.0855357142857143,0.10714285714285714,4.642857142857143,48,0.0,175,0.0,At Risk,0.6313688337125513,train
17774,Champions,United Kingdom,3.2340243902439028,0.046341463414634146,3.924390243902439,286,0.2975609756097561,572,0.3076923076923077,Champions,0.978067152283113,train
17775,At Risk,United Kingdom,0.7833333333333333,1.0,24.0,3,0.0,0,0.0,Hibernating or Lost,0.6625839037072621,train
17776,At Risk,United Kingdom,2.3563095238095237,0.07142857142857142,3.2976190476190474,74,0.0,336,0.3333333333333333,Loyal Customers,0.8837325029159634,train
17777,Loyal Customers,United Kingdom,1.6470103092783503,0.010309278350515464,2.61340206185567,141,0.0,75,0.0,At Risk,0.4176832484611063,train
17778,Hibernating or Lost,United Kingdom,2.35,0.4,21.4,10,0.0,0,0.0,Hibernating or Lost,0.5286258793910906,train
17779,Loyal Customers,United Kingdom,2.803170731707317,0.12195121951219512,4.841463414634147,73,0.0,122,0.4,Loyal Customers,0.4827922346839709,train
17780,At Risk,United Kingdom,3.158888888888889,0.037037037037037035,1.9506172839506173,76,0.35802469135802467,17,0.0,Loyal Customers,0.5798402326660045,test
17781,At Risk,United Kingdom,5.5566666666666675,0.0,2.8333333333333335,12,0.8333333333333334,93,0.0,Hibernating or Lost,0.7107953943248793,train
17782,At Risk,United Kingdom,1.7620689655172415,0.7931034482758621,18.551724137931036,29,0.0,0,0.0,At Risk,0.7850858886768727,test
17783,Loyal Customers,United Kingdom,2.1328260869565216,0.1956521739130435,4.771739130434782,91,0.0,440,0.0,Loyal Customers,0.9049407767593086,train
17784,Hibernating or Lost,United Kingdom,3.0591304347826087,0.043478260869565216,3.130434782608696,19,0.0,0,0.0,At Risk,0.7386192680994106,test
17785,Loyal Customers,United Kingdom,2.8162745098039217,0.058823529411764705,4.450980392156863,48,0.3137254901960784,512,0.0,Champions,0.6962315855974162,test
17786,At Risk,United Kingdom,2.1241666666666665,0.041666666666666664,2.7777777777777777,57,0.0,231,0.0,Loyal Customers,0.9035836186682284,train
17787,Loyal Customers,United Kingdom,2.971090909090909,0.22424242424242424,7.672727272727273,94,0.09090909090909091,218,0.0,Loyal Customers,0.8823249656131642,train
17788,Loyal Customers,United Kingdom,5.42,0.4,42.2,3,0.0,55,0.0,Hibernating or Lost,0.5157906567635884,train
17789,At Risk,United Kingdom,3.3517241379310345,0.20689655172413793,6.862068965517241,27,0.0,379,0.0,Loyal Customers,0.8446380762770813,test
17790,Champions,United Kingdom,2.6701644736842107,0.049342105263157895,4.569078947368421,188,0.45394736842105265,517,0.0,Champions,0.9740655364669074,train
17791,At Risk,United Kingdom,2.77,0.0,4.6,10,0.0,0,0.0,Hibernating or Lost,0.8147627841867663,train
17792,At Risk,United Kingdom,3.3975471698113204,0.05660377358490566,2.849056603773585,45,0.5471698113207547,11,0.0,Loyal Customers,0.5798402326660045,train
17793,At Risk,United Kingdom,3.7682758620689656,0.05172413793103448,4.0,49,0.0,0,0.0,At Risk,0.6313688337125513,test
17794,At Risk,United Kingdom,4.421428571428572,0.42857142857142855,6.571428571428571,7,0.0,1,0.0,Hibernating or Lost,0.4959737363081736,test
17795,At Risk,United Kingdom,1.9260869565217391,0.17391304347826086,7.413043478260869,43,0.3695652173913043,85,0.0,At Risk,0.760524953338149,train
17796,Champions,United Kingdom,3.7819555555555557,0.0,1.6844444444444444,149,0.6711111111111111,381,0.0,Champions,0.6179814692796378,test
17797,Champions,United Kingdom,2.7099272727272727,0.06545454545454546,3.963636363636364,222,0.0,701,0.0,Champions,0.9701483488954694,train
17798,Hibernating or Lost,United Kingdom,1.7730612244897959,0.12244897959183673,2.8979591836734695,43,0.0,0,0.0,At Risk,0.622888518232414,train
17799,Champions,United Kingdom,2.5365550755939523,0.052915766738660906,4.003239740820734,478,0.0550755939524838,703,0.13043478260869565,Champions,0.9701483488954694,test
17800,Champions,United Kingdom,2.200480769230769,0.15384615384615385,7.076923076923077,51,0.2980769230769231,296,0.0,Loyal Customers,0.9139092226256305,train
17801,At Risk,United Kingdom,1.5591764705882354,0.32941176470588235,9.858823529411765,66,0.5529411764705883,240,0.25,Loyal Customers,0.8836132932411774,train
17802,Champions,United Kingdom,2.1535925925925925,0.08703703703703704,5.159259259259259,283,0.8555555555555555,644,0.375,Champions,0.967524875363863,train
17803,Hibernating or Lost,United Kingdom,2.5818518518518516,0.07407407407407407,3.6296296296296298,27,0.0,0,0.0,At Risk,0.6490496539052968,test
17804,Loyal Customers,United Kingdom,2.7083695652173914,0.010869565217391304,2.119565217391304,82,0.30434782608695654,362,0.25,Loyal Customers,0.877263076698941,train
17805,Loyal Customers,United Kingdom,2.11,0.7272727272727273,102.36363636363636,10,0.0,536,0.0,Champions,0.5440678580703685,train
17806,Loyal Customers,United Kingdom,1.0211627906976743,0.6511627906976745,16.906976744186046,43,0.0,0,0.0,At Risk,0.7850858886768727,train
17807,At Risk,United Kingdom,2.3257303370786517,0.033707865168539325,2.943820224719101,88,0.2247191011235955,309,0.0,Loyal Customers,0.8973604003191129,train
17808,At Risk,United Kingdom,2.7081818181818185,0.09090909090909091,4.333333333333333,29,0.030303030303030304,32,0.0,At Risk,0.6490496539052968,train
17809,Champions,United Kingdom,3.646785714285714,0.7857142857142857,29.9375,59,0.0,720,0.16666666666666666,Champions,0.7869438186734504,train
17810,At Risk,United Kingdom,4.371964285714286,0.0,2.125,51,0.0,15,0.3333333333333333,At Risk,0.6040665160829832,test
17811,Champions,United Kingdom,2.6652453468697126,0.08798646362098139,4.506768189509306,538,0.1692047377326565,441,0.21666666666666667,Champions,0.6352384448555851,train
17812,Champions,United Kingdom,2.779442060085837,0.06437768240343347,2.6266094420600856,162,0.33476394849785407,517,0.0,Champions,0.9740655364669074,train
17813,Champions,United Kingdom,3.3684636118598386,0.03504043126684636,2.129380053908356,297,0.0,57,0.2857142857142857,Loyal Customers,0.4370508306359488,train
17814,Loyal Customers,United Kingdom,2.465890410958904,0.17123287671232876,9.863013698630137,112,0.0,47,0.0,Champions,0.45172647880107253,train
17815,At Risk,United Kingdom,1.169230769230769,1.0,47.07692307692308,13,0.0,0,0.0,Hibernating or Lost,0.6625839037072621,train
17816,Loyal Customers,United Kingdom,1.3043636363636362,0.0,1.7454545454545454,41,0.0,687,0.0,Loyal Customers,0.6730389455317457,train
17817,Loyal Customers,United Kingdom,3.919565217391304,0.043478260869565216,2.6449275362318843,115,0.0,417,0.14285714285714285,Champions,0.5022067570673451,train
17818,Hibernating or Lost,United Kingdom,1.8795652173913044,0.021739130434782608,1.9565217391304348,42,0.0,0,0.0,At Risk,0.622888518232414,train
17819,Champions,United Kingdom,3.8447524752475246,0.5544554455445545,18.306930693069308,66,0.18811881188118812,654,0.07692307692307693,Champions,0.7737614747056438,train
17820,At Risk,United Kingdom,2.781904761904762,0.047619047619047616,2.6666666666666665,39,0.0,0,0.6666666666666666,At Risk,0.7757947861249903,test
17821,Hibernating or Lost,United Kingdom,2.8183333333333334,1.0,27.0,6,0.0,0,0.0,Hibernating or Lost,0.6138854892987397,train
17822,Loyal Customers,United Kingdom,2.697613636363636,0.2215909090909091,7.892045454545454,152,0.0,140,0.0,Loyal Customers,0.399587568091356,train
17823,At Risk,United Kingdom,2.874090909090909,0.06363636363636363,2.381818181818182,88,0.0,0,0.0,At Risk,0.5782410539002637,train
17824,At Risk,United Kingdom,1.0692307692307692,0.9230769230769231,31.384615384615383,13,0.0,0,0.0,Hibernating or Lost,0.6625839037072621,train
17825,At Risk,United Kingdom,2.3278571428571433,0.4642857142857143,19.285714285714285,24,0.0,126,0.0,At Risk,0.7843675251583553,train
17826,At Risk,United Kingdom,2.351764705882353,0.058823529411764705,2.5,33,0.0,0,0.0,At Risk,0.6490496539052968,train
17827,Champions,United Kingdom,2.1996875,0.14930555555555555,5.527777777777778,240,0.4583333333333333,616,0.14285714285714285,Champions,0.9641229380834869,train
17828,Champions,Other,5.273432835820896,0.40298507462686567,9.955223880597014,54,0.0,162,0.5555555555555556,At Risk,0.4853062092767888,train
17829,Loyal Customers,Other,2.466491228070175,0.7485380116959064,17.596491228070175,121,0.0,356,0.16666666666666666,Champions,0.7470119823049819,train
17830,Loyal Customers,United Kingdom,6.01304347826087,0.08695652173913043,4.0,18,0.0,287,0.0,At Risk,0.5070415825578277,train
17831,At Risk,United Kingdom,2.95,0.0,6.0,2,1.0,0,0.0,Hibernating or Lost,0.5763005585105802,test
17832,At Risk,United Kingdom,1.1116393442622952,0.06557377049180328,3.4098360655737703,61,0.0,0,0.0,At Risk,0.6439543522648258,test
17833,Hibernating or Lost,United Kingdom,3.47875,0.125,4.53125,28,0.0,0,0.0,At Risk,0.7386192680994106,train
17834,At Risk,United Kingdom,3.805084745762712,0.2711864406779661,11.64406779661017,54,0.0,30,0.0,At Risk,0.5548562526322849,train
17835,Loyal Customers,United Kingdom,1.6985245901639343,0.11475409836065574,5.704918032786885,45,0.0,20,0.0,At Risk,0.688820124992861,train
17836,At Risk,United Kingdom,1.3658333333333335,0.125,3.6666666666666665,23,1.0,0,0.0,At Risk,0.6592528257403111,train
17837,Champions,United Kingdom,3.8654437869822487,0.03550295857988166,3.06508875739645,110,0.17751479289940827,120,0.2,Loyal Customers,0.5110315373755027,train
17838,Champions,United Kingdom,3.2485714285714287,0.5032467532467533,13.470779220779221,141,0.30194805194805197,604,0.13333333333333333,Champions,0.9837310883313256,train
17839,At Risk,United Kingdom,1.7505357142857143,0.125,5.089285714285714,50,0.0,0,0.0,At Risk,0.6439543522648258,train
17840,Hibernating or Lost,United Kingdom,1.7116363636363636,0.0,2.5090909090909093,44,0.0,0,0.0,At Risk,0.622888518232414,train
17841,Champions,United Kingdom,2.7202746314972845,0.04367726920093096,2.913731574864236,2116,0.1466252909231963,735,0.2698961937716263,Champions,0.9765065129176332,train
17842,At Risk,United Kingdom,5.782777777777778,0.1111111111111111,4.944444444444445,18,0.0,0,0.0,Hibernating or Lost,0.8053437570891684,test
17843,At Risk,United Kingdom,2.418125,0.125,4.3125,58,0.421875,108,0.0,Loyal Customers,0.5967589475498478,train
17844,At Risk,Other,0.998,0.4,10.4,5,0.0,0,0.0,At Risk,0.7059897691640271,train
17845,At Risk,United Kingdom,4.534791666666667,0.125,4.083333333333333,42,0.0,21,0.0,At Risk,0.6790364749681377,train
17846,Loyal Customers,United Kingdom,2033.1,0.0,1.0,1,0.0,0,0.0,Hibernating or Lost,0.8053437570891684,train
17847,At Risk,United Kingdom,4.625555555555556,0.1111111111111111,3.2222222222222223,9,0.0,129,0.0,Hibernating or Lost,0.8053437570891684,train
17848,Champions,United Kingdom,4.943869047619048,0.18452380952380953,8.55952380952381,105,0.13690476190476192,652,0.03225806451612903,Champions,0.9655486081780054,test
17849,Loyal Customers,United Kingdom,8.8424,0.12,4.48,24,0.22,416,0.0,Loyal Customers,0.901813160106524,test
17850,Champions,United Kingdom,3.1588412017167387,0.3158082975679542,8.149141630901287,100,0.11158798283261803,362,0.025157232704402517,Loyal Customers,0.8823249656131642,train
17851,Loyal Customers,United Kingdom,2.7955696202531644,0.09282700421940929,3.957805907172996,185,0.16033755274261605,313,0.0,Champions,0.5998457545140751,train
17852,Loyal Customers,United Kingdom,1.8897272727272727,0.01818181818181818,3.418181818181818,82,0.0,719,0.0,Champions,0.5497649426147413,test
17853,Loyal Customers,United Kingdom,4.154905660377358,0.16981132075471697,5.915094339622642,84,0.0,329,0.0,Loyal Customers,0.8946968414577486,train
17854,Loyal Customers,United Kingdom,2.499083333333333,0.11666666666666667,5.083333333333333,113,0.0,546,0.0,Champions,0.9701483488954694,train
17855,At Risk,United Kingdom,1.7658823529411765,0.6470588235294118,11.588235294117647,17,0.0,0,0.0,Hibernating or Lost,0.5750626267462317,train
17856,Champions,United Kingdom,3.5593333333333335,0.8,56.13333333333333,12,0.13333333333333333,279,0.3333333333333333,Loyal Customers,0.7455985857873361,train
17857,Champions,United Kingdom,9.380166666666666,0.95,367.6666666666667,21,0.0,637,0.07692307692307693,Loyal Customers,0.5117084177292769,train
17858,Champions,United Kingdom,5.99620253164557,0.21012658227848102,13.881012658227847,173,0.6253164556962025,727,0.0625,Champions,0.974696326014535,train
17859,At Risk,United Kingdom,1.8108000000000002,0.12,5.08,23,0.0,0,0.0,At Risk,0.622888518232414,train
17860,Loyal Customers,United Kingdom,2.6190086206896552,0.021551724137931036,3.521551724137931,127,0.0,359,0.0,Champions,0.5998457545140751,train
17861,Champions,United Kingdom,2.239577464788732,0.25528169014084506,8.05281690140845,329,0.0,726,0.18181818181818182,Champions,0.9624997762593833,train
17862,Loyal Customers,United Kingdom,4.227549019607843,0.14705882352941177,4.3431372549019605,90,0.0,239,0.0,Loyal Customers,0.8988586492355114,train
17863,Champions,United Kingdom,1.575144927536232,0.8586956521739131,17.942028985507246,154,0.358695652173913,593,0.0,Champions,0.9790882124946177,train
17864,Champions,United Kingdom,1.8093793103448277,0.3103448275862069,7.731034482758621,93,0.4827586206896552,414,0.0,Loyal Customers,0.9139092226256305,train
17865,Champions,United Kingdom,3.077190569744597,0.5520628683693517,12.75540275049116,391,0.03929273084479371,708,0.25806451612903225,Champions,0.9852790493222477,train
17866,Loyal Customers,United Kingdom,3.734615384615385,0.46153846153846156,20.576923076923077,20,0.0,582,0.25,Champions,0.6308628483762422,test
17867,Champions,United Kingdom,3.438014184397163,0.07801418439716312,4.76595744680851,119,0.0,707,0.25,Champions,0.9747582747155219,train
17868,Hibernating or Lost,United Kingdom,3.8078947368421048,0.0,4.7894736842105265,18,0.0,0,0.0,Hibernating or Lost,0.7305408822328047,train
17869,Loyal Customers,United Kingdom,5.748571428571429,0.14285714285714285,5.714285714285714,72,0.02040816326530612,440,0.0,Loyal Customers,0.8946968414577486,train
17870,Champions,United Kingdom,2.2180851063829787,0.16312056737588654,6.656028368794326,215,0.0,379,0.07142857142857142,Champions,0.5415952624422619,train
17871,Loyal Customers,United Kingdom,3.082470588235294,0.25882352941176473,8.388235294117647,64,0.5058823529411764,488,0.0,Loyal Customers,0.8828756443111901,train
17872,Hibernating or Lost,United Kingdom,2.2826666666666666,0.26666666666666666,11.733333333333333,15,0.0,0,0.0,At Risk,0.502078794807007,train
17873,Champions,United Kingdom,2.793296089385475,0.8156424581005587,24.089385474860336,65,0.0,643,0.1,Champions,0.7990968564501582,train
17874,Loyal Customers,United Kingdom,4.084565217391304,0.10869565217391304,4.804347826086956,37,0.0,70,0.14285714285714285,At Risk,0.6790364749681377,train
17875,Hibernating or Lost,United Kingdom,2.7838461538461536,0.07692307692307693,3.769230769230769,25,0.0,0,0.0,At Risk,0.6490496539052968,train
17876,Loyal Customers,United Kingdom,1.7475,1.0,489.5,3,0.0,275,0.0,Loyal Customers,0.5664796629088443,train
17877,At Risk,United Kingdom,3.5408333333333335,0.3333333333333333,8.166666666666666,12,0.0,0,0.0,At Risk,0.5947845570931846,train
17878,Loyal Customers,United Kingdom,2.097294117647059,0.29411764705882354,12.211764705882352,82,0.0,351,0.0,Loyal Customers,0.8959941324835589,train
17879,At Risk,United Kingdom,3.638333333333333,0.3333333333333333,7.5,6,1.0,0,0.0,At Risk,0.6628521335734414,train
17880,Loyal Customers,United Kingdom,2.6811111111111114,0.4888888888888889,10.355555555555556,43,0.0,365,0.0,Loyal Customers,0.8764008263447058,test
17881,At Risk,United Kingdom,4.53125,0.125,4.0,8,0.0,0,0.0,Hibernating or Lost,0.8053437570891684,train
17882,At Risk,United Kingdom,2.8501785714285712,0.05357142857142857,2.392857142857143,47,0.0,0,0.0,At Risk,0.5782410539002637,train
17883,Champions,United Kingdom,2.7398295454545454,0.03409090909090909,2.7329545454545454,155,0.0,648,0.125,Champions,0.9701483488954694,train
17884,Champions,United Kingdom,2.1560165975103733,0.16597510373443983,6.406639004149378,305,0.0,731,0.13043478260869565,Champions,0.9624997762593833,train
17885,Loyal Customers,United Kingdom,2.215,0.046875,2.609375,50,1.0,0,0.0,Loyal Customers,0.4680598979416356,test
17886,Loyal Customers,United Kingdom,3.6485142857142856,0.09142857142857143,4.142857142857143,138,0.0,557,0.14285714285714285,Champions,0.9679373006859754,train
17887,At Risk,United Kingdom,5.235,0.1,3.0,10,0.0,0,0.0,Hibernating or Lost,0.8053437570891684,test
17888,Champions,United Kingdom,2.8428220858895705,0.2085889570552147,9.47239263803681,145,0.0,696,0.1935483870967742,Champions,0.9764092050776733,train
17889,Loyal Customers,United Kingdom,3.0008196721311475,0.10655737704918032,3.418032786885246,97,0.0,406,0.0,Loyal Customers,0.8942440043812727,test
17890,At Risk,United Kingdom,2.4690425531914895,0.11702127659574468,4.425531914893617,88,0.0,38,0.0,At Risk,0.5782410539002637,train
17891,At Risk,United Kingdom,0.711764705882353,0.8529411764705882,11.558823529411764,34,0.0,0,0.0,At Risk,0.8233358072462033,train
17892,Loyal Customers,United Kingdom,3.275,0.07142857142857142,3.892857142857143,27,0.0,99,0.0,At Risk,0.7386192680994106,train
17893,At Risk,United Kingdom,2.0949999999999998,0.5,10.0625,15,0.0,0,0.0,At Risk,0.4967706698319442,test
17894,Champions,United Kingdom,2.8183649289099524,0.035545023696682464,2.4170616113744074,215,0.1066350710900474,397,0.1,Champions,0.5998457545140751,train
17895,At Risk,United Kingdom,1.860625,0.375,8.125,15,0.0,0,0.0,Hibernating or Lost,0.5623740537863559,train
17896,Loyal Customers,United Kingdom,0.89,1.0,144.0,2,0.0,0,0.0,Hibernating or Lost,0.6625839037072621,train
17897,Champions,United Kingdom,3.096127167630058,0.07225433526011561,3.014450867052023,211,0.0,403,0.1,Champions,0.5817880101099283,train
17898,Loyal Customers,United Kingdom,2.42,0.16,5.02,48,0.0,481,0.0,Loyal Customers,0.8857137431909105,test
17899,At Risk,United Kingdom,2.384375,0.15625,5.34375,29,1.0,0,0.0,At Risk,0.6633805171544711,train
17900,At Risk,United Kingdom,3.608333333333333,0.8333333333333334,12.166666666666666,4,0.0,0,0.5,At Risk,0.8008255209014732,train
17901,Loyal Customers,United Kingdom,6.586363636363637,0.0,1.7272727272727273,22,0.0,492,0.0,Loyal Customers,0.7492841312829094,train
17902,At Risk,United Kingdom,1.3066666666666666,0.375,21.916666666666668,24,0.0,0,0.0,At Risk,0.8102963433022954,train
17903,At Risk,United Kingdom,3.259777777777778,0.022222222222222223,3.1555555555555554,44,0.0,0,0.0,At Risk,0.7386192680994106,train
17904,Loyal Customers,United Kingdom,3.617894736842105,0.02631578947368421,1.6578947368421053,33,0.0,0,0.5,At Risk,0.8173939309402574,train
17905,Champions,United Kingdom,3.873099415204678,0.11695906432748537,8.029239766081872,129,0.25146198830409355,608,0.07142857142857142,Champions,0.9656490997555821,train
17906,At Risk,United Kingdom,3.8249999999999997,0.0,2.1666666666666665,12,0.0,0,0.0,Hibernating or Lost,0.7305408822328047,train
17907,At Risk,United Kingdom,3.3361538461538465,0.23076923076923078,80.46153846153847,13,0.0,0,0.0,At Risk,0.5735462686717431,train
17908,Loyal Customers,United Kingdom,2.9248375451263535,0.08664259927797834,3.0902527075812274,178,0.0,351,0.2857142857142857,Champions,0.6580586672494315,train
17909,At Risk,United Kingdom,5.338888888888889,0.0,4.555555555555555,8,0.0,0,0.0,Hibernating or Lost,0.8053437570891684,train
17910,At Risk,United Kingdom,3.0442307692307695,0.07692307692307693,4.653846153846154,25,1.0,0,0.0,At Risk,0.6949360266619181,train
17911,Loyal Customers,United Kingdom,2.181025641025641,0.15384615384615385,5.717948717948718,39,0.0,0,0.0,At Risk,0.8369925355788373,train
17912,Loyal Customers,United Kingdom,3.613653846153846,0.07692307692307693,4.153846153846154,48,0.0,65,0.14285714285714285,At Risk,0.6313688337125513,test
17913,Champions,United Kingdom,2.9086974789915967,0.06092436974789916,3.6659663865546217,224,0.25210084033613445,677,0.0,Champions,0.9740655364669074,train
17914,Loyal Customers,United Kingdom,1.9649999999999999,0.1875,5.9125,72,0.0,0,0.0,At Risk,0.6855707981666673,test
17915,At Risk,United Kingdom,2.757142857142857,0.11428571428571428,5.457142857142857,27,1.0,0,0.0,At Risk,0.6311892606008653,test
17916,At Risk,United Kingdom,1.174736842105263,0.10526315789473684,4.7368421052631575,15,1.0,104,0.0,Hibernating or Lost,0.7622873195226759,test
17917,Loyal Customers,United Kingdom,2.2280851063829785,0.0,1.9893617021276595,77,0.30851063829787234,317,0.0,Loyal Customers,0.9263000626073268,test
17918,At Risk,United Kingdom,1.98675,0.25,8.8,34,0.0,4,0.0,At Risk,0.8369925355788373,train
17919,Loyal Customers,United Kingdom,1.6969999999999998,1.0,36.3,37,0.0,350,0.0,Loyal Customers,0.8036177146847769,train
17920,Champions,United Kingdom,2.5505490848585692,0.14309484193011648,7.02495840266223,715,0.4115363283416528,729,0.03571428571428571,Champions,0.9795133047476816,train
17921,Champions,United Kingdom,2.96804347826087,0.016304347826086956,2.722826086956522,230,0.1766304347826087,447,0.16666666666666666,Champions,0.6179814692796378,test
17922,At Risk,United Kingdom,4.63125,0.125,6.125,8,0.0,0,0.0,Hibernating or Lost,0.6896963609762642,train
17923,Loyal Customers,United Kingdom,3.483333333333333,1.0,46.666666666666664,2,0.3333333333333333,262,0.0,Loyal Customers,0.8087750311352183,train
17924,Champions,United Kingdom,3.492571428571429,0.9714285714285714,36.22857142857143,27,0.0,402,0.42857142857142855,Loyal Customers,0.8793773074628685,train
17925,At Risk,United Kingdom,3.39,1.0,72.0,1,0.0,0,0.0,Hibernating or Lost,0.49531214555001774,train
17926,Loyal Customers,United Kingdom,3.1649999999999996,0.4318181818181818,13.0,27,0.18181818181818182,446,0.0,Loyal Customers,0.9224450613117298,train
17927,At Risk,United Kingdom,3.015,0.6,10.8,10,0.0,0,0.0,At Risk,0.577171417163366,train
17928,Loyal Customers,United Kingdom,2.771851851851852,0.18518518518518517,8.222222222222221,27,0.0,525,0.0,Loyal Customers,0.5333396390105142,train
17929,Champions,United Kingdom,7.16,1.0,28.933333333333334,6,0.06666666666666667,719,0.07692307692307693,Champions,0.5645852273718696,test
17930,Champions,United Kingdom,1.566551724137931,0.9540229885057471,43.62068965517241,39,0.0,609,0.13333333333333333,Loyal Customers,0.5329303934415414,train
17931,Champions,United Kingdom,2.772156862745098,0.14285714285714285,5.42577030812325,274,0.25770308123249297,527,0.2222222222222222,Champions,0.9822441375981811,train
17932,Loyal Customers,United Kingdom,2.7395555555555555,0.4222222222222222,8.766666666666667,84,0.24444444444444444,182,0.0,Loyal Customers,0.6970776172461784,train
17933,At Risk,United Kingdom,2.0957142857142856,0.07142857142857142,4.5,12,0.0,0,0.0,Hibernating or Lost,0.843854912113596,train
17934,Loyal Customers,United Kingdom,3.102682926829268,0.3902439024390244,15.317073170731707,36,0.0,354,0.0,Loyal Customers,0.8554188438608463,test
17935,Loyal Customers,United Kingdom,2.85625,0.046875,3.8125,60,0.03125,596,0.125,Champions,0.6640405193033903,train
17936,Loyal Customers,United Kingdom,2.384025974025974,0.11688311688311688,3.4025974025974026,68,1.0,0,0.0,Loyal Customers,0.5967589475498478,train
17937,Champions,United Kingdom,3.473255813953488,0.9767441860465116,40.7906976744186,19,0.46511627906976744,353,0.0,Loyal Customers,0.9068027744369668,train
17938,At Risk,United Kingdom,3.1317241379310348,0.034482758620689655,1.8275862068965518,29,0.0,0,0.0,At Risk,0.7386192680994106,train
17939,At Risk,United Kingdom,2.455833333333333,0.08333333333333333,3.3333333333333335,12,1.0,0,0.0,Hibernating or Lost,0.7177820084488415,train
17940,Champions,United Kingdom,53.576388888888886,0.9444444444444444,2377.222222222222,11,0.0,687,0.2727272727272727,Champions,0.642993135672084,train
17941,Loyal Customers,United Kingdom,1.9185714285714286,1.0,158.28571428571428,5,0.0,571,0.0,Champions,0.5440678580703685,train
17942,Loyal Customers,United Kingdom,1.525,0.5,19.0,2,0.0,0,0.0,Hibernating or Lost,0.5817565378872296,test
17944,At Risk,United Kingdom,1.8596153846153847,0.07692307692307693,3.269230769230769,24,0.0,0,0.0,At Risk,0.622888518232414,test
17945,At Risk,United Kingdom,2.0306944444444444,0.09722222222222222,3.388888888888889,66,0.0,0,0.0,At Risk,0.6439543522648258,train
17946,At Risk,United Kingdom,3.1445,0.05,3.75,18,0.0,26,0.0,Hibernating or Lost,0.7305408822328047,test
17947,At Risk,United Kingdom,0.9422222222222223,1.0,18.666666666666668,9,0.0,0,0.0,Hibernating or Lost,0.6625839037072621,test
17948,At Risk,United Kingdom,2.49,1.0,144.0,1,0.0,0,0.0,Hibernating or Lost,0.6138854892987397,train
17949,Champions,United Kingdom,60.24547770700637,0.9872611464968153,386.35668789808915,58,0.0,736,0.14492753623188406,Champions,0.7287753732365004,train
17950,Champions,United Kingdom,2.572766990291262,0.12135922330097088,4.111650485436893,133,0.12135922330097088,631,0.125,Champions,0.9701483488954694,train
17951,Loyal Customers,United Kingdom,2.619393939393939,0.8787878787878788,27.21212121212121,24,0.24242424242424243,364,0.2,Loyal Customers,0.9062453534218612,train
17952,Loyal Customers,United Kingdom,2.4021153846153847,0.10576923076923077,4.846153846153846,85,0.0,163,0.0,At Risk,0.5782410539002637,train
17953,At Risk,United Kingdom,3.5042857142857144,0.14285714285714285,4.714285714285714,20,0.0,0,0.0,At Risk,0.8232792371331008,train
17954,Champions,United Kingdom,2.2016731517509727,0.07003891050583658,4.2347600518806745,479,0.23735408560311283,725,0.2692307692307692,Champions,0.967524875363863,train
17955,Loyal Customers,United Kingdom,5.006818181818182,0.22727272727272727,30.954545454545453,16,0.0,466,0.0,Loyal Customers,0.5742712040656245,test
17956,At Risk,United Kingdom,12.75,0.0,1.0,1,0.0,0,0.0,Hibernating or Lost,0.8053437570891684,train
17957,At Risk,United Kingdom,1.3490322580645162,0.3548387096774194,9.258064516129032,31,0.0,0,0.0,At Risk,0.8369925355788373,test
17958,Loyal Customers,United Kingdom,3.404166666666667,0.2777777777777778,7.888888888888889,35,0.0,611,0.0,Loyal Customers,0.5495628962140633,train
17959,At Risk,United Kingdom,21.025000000000002,0.5,24.5,2,0.0,0,0.0,Hibernating or Lost,0.5157906567635884,train
17960,At Risk,United Kingdom,2.1867567567567567,0.0,1.6216216216216217,37,0.0,470,0.0,Loyal Customers,0.7563950384726024,test
17961,Champions,United Kingdom,2.8855303030303032,0.016666666666666666,2.3287878787878786,486,0.03333333333333333,717,0.0196078431372549,Champions,0.9701483488954694,test
17962,Loyal Customers,United Kingdom,1.9995500000000002,0.07,3.255,146,0.0,552,0.2,Champions,0.9527062675286382,test
17963,At Risk,United Kingdom,3.044910714285714,0.03571428571428571,3.0714285714285716,98,0.0,217,0.0,Loyal Customers,0.8942440043812727,train
17964,Loyal Customers,United Kingdom,2.902158273381295,0.07194244604316546,3.568345323741007,84,0.0,340,0.0,Loyal Customers,0.892106178311767,train
17965,Champions,United Kingdom,3.246421052631579,0.1649122807017544,5.292397660818714,588,0.016374269005847954,687,0.12121212121212122,Champions,0.9720787512313731,train
17966,Champions,United Kingdom,1.4396491228070176,0.5263157894736842,34.58771929824562,82,0.0,652,0.0,Champions,0.7298755729657285,test
17967,At Risk,United Kingdom,2.1522608695652172,0.034782608695652174,1.7217391304347827,59,0.0,44,0.0,At Risk,0.6439543522648258,train
17968,Loyal Customers,United Kingdom,1.8981363636363635,0.01818181818181818,2.3863636363636362,106,0.0,138,0.0,At Risk,0.4176832484611063,train
17969,Champions,United Kingdom,5.0356038647343,0.0966183574879227,4.913043478260869,113,0.5555555555555556,566,0.25925925925925924,Champions,0.9701803879678551,train
17970,At Risk,United Kingdom,2.9658064516129032,0.3548387096774194,16.93548387096774,27,0.0,0,0.0,At Risk,0.8423990288631369,train
17971,At Risk,United Kingdom,3.13047619047619,0.0,2.9523809523809526,21,0.0,0,0.0,At Risk,0.7386192680994106,train
17972,At Risk,United Kingdom,4.230322580645161,0.0,1.1935483870967742,30,0.0,0,0.0,At Risk,0.6790364749681377,test
17973,At Risk,United Kingdom,3.244,0.4666666666666667,11.733333333333333,15,0.0,0,0.0,At Risk,0.6489482792953484,train
17974,Champions,United Kingdom,2.110893300248139,0.052109181141439205,3.0843672456575684,279,0.0,382,0.0,Loyal Customers,0.5111718900434721,train
17975,Champions,United Kingdom,3.4130062630480165,0.16075156576200417,4.741127348643007,243,0.037578288100208766,475,0.07692307692307693,Champions,0.6164265095368049,test
17976,At Risk,United Kingdom,3.532,0.0,1.6307692307692307,56,0.0,0,0.0,At Risk,0.6313688337125513,train
17977,Loyal Customers,United Kingdom,1.8437037037037038,0.5,19.09259259259259,94,0.0,370,0.3333333333333333,Loyal Customers,0.8519267722342408,train
17978,Loyal Customers,United Kingdom,3.123625,0.2625,22.4625,62,0.0,366,0.0,Loyal Customers,0.8435021351266735,test
17979,Loyal Customers,United Kingdom,2.338082191780822,0.04794520547945205,2.719178082191781,116,0.0,224,0.2,Champions,0.5998457545140751,train
17980,Loyal Customers,United Kingdom,2.596212121212121,0.19696969696969696,11.848484848484848,41,0.0,227,0.0,Loyal Customers,0.8693069644682928,train
17981,At Risk,United Kingdom,1.6017647058823528,0.47058823529411764,15.294117647058824,17,0.0,0,0.0,Hibernating or Lost,0.5817565378872296,test
17982,At Risk,United Kingdom,1.9738461538461538,0.38461538461538464,9.0,13,0.0,0,0.0,Hibernating or Lost,0.5623740537863559,train
17983,At Risk,United Kingdom,2.8091666666666666,0.125,4.5,23,0.0,0,0.0,At Risk,0.6490496539052968,train
17984,Loyal Customers,United Kingdom,2.24605577689243,0.10756972111553785,3.8764940239043826,209,0.43824701195219123,593,0.0,Champions,0.9588644593642219,train
17985,Loyal Customers,United Kingdom,4.469565217391304,0.08695652173913043,7.956521739130435,20,0.0,0,0.0,At Risk,0.7825402931728277,test
17986,At Risk,United Kingdom,2.08,0.0,10.0,1,0.0,0,0.0,Hibernating or Lost,0.6844497618104414,train
17987,Loyal Customers,United Kingdom,2.056685393258427,0.1404494382022472,5.702247191011236,139,0.16853932584269662,365,0.16666666666666666,Champions,0.5789993067563232,train
17988,Champions,United Kingdom,3.4764227642276424,0.016260162601626018,1.5121951219512195,115,0.08943089430894309,720,0.06666666666666667,Champions,0.9679373006859754,train
17989,At Risk,United Kingdom,1.9300000000000002,0.35294117647058826,9.676470588235293,26,0.0,0,0.0,At Risk,0.8489834308896653,train
17990,Loyal Customers,United Kingdom,2.553157894736842,0.6491228070175439,13.631578947368421,40,0.2982456140350877,495,0.14285714285714285,Loyal Customers,0.9205363440438112,train
17991,At Risk,United Kingdom,4.47325,0.05,2.5,37,0.0,366,0.0,Loyal Customers,0.7492841312829094,train
17992,At Risk,United Kingdom,2.3835849056603773,0.05660377358490566,2.4716981132075473,49,0.0,0,0.0,At Risk,0.5782410539002637,train
17993,At Risk,United Kingdom,2.32953125,0.015625,1.75,60,0.0,0,0.0,At Risk,0.5782410539002637,train
17994,Champions,United Kingdom,2.6218789808917196,0.12420382165605096,6.987261146496815,227,0.0,499,0.21428571428571427,Champions,0.6235349152343552,test
17995,Loyal Customers,United Kingdom,3.5962068965517244,0.13793103448275862,9.068965517241379,28,0.0,105,0.0,At Risk,0.8596366604048866,train
17996,Loyal Customers,United Kingdom,3.2059701492537314,0.22388059701492538,8.761194029850746,63,0.0,166,0.0,At Risk,0.6070465126912832,test
17997,Champions,United Kingdom,1.5156024096385543,0.39759036144578314,13.843373493975903,133,0.1686746987951807,89,0.3333333333333333,Champions,0.5315457032732126,train
17998,Loyal Customers,United Kingdom,3.822241379310345,0.27586206896551724,9.672413793103448,57,0.0,358,0.25,Loyal Customers,0.8510107555849209,train
17999,Loyal Customers,United Kingdom,2.987159090909091,0.05113636363636364,2.2443181818181817,125,0.0,341,0.0,Champions,0.5817880101099283,train
18000,At Risk,United Kingdom,2.018333333333333,0.5,18.166666666666668,6,0.0,0,0.0,Hibernating or Lost,0.5817565378872296,train
18001,Champions,United Kingdom,2.3114285714285714,0.12142857142857143,6.378571428571429,120,0.11428571428571428,725,0.0,Champions,0.9728947055945288,train
18002,At Risk,United Kingdom,4.007777777777777,0.0,1.3333333333333333,52,0.0,355,0.0,Loyal Customers,0.8978707102564389,train
18003,At Risk,United Kingdom,1.9264000000000001,0.36,11.96,23,1.0,0,0.0,At Risk,0.7384293578213303,test
18004,At Risk,United Kingdom,2.76525,0.0,1.95,32,1.0,0,0.0,At Risk,0.6311892606008653,train
18005,Loyal Customers,United Kingdom,3.1863333333333332,0.016666666666666666,1.55,52,0.38333333333333336,43,0.0,Loyal Customers,0.5798402326660045,train
18006,Champions,United Kingdom,3.606923076923077,0.1076923076923077,6.2,57,0.0,699,0.0,Champions,0.6696625366903439,train
18007,At Risk,United Kingdom,1.6109803921568626,0.058823529411764705,4.9411764705882355,46,0.0,0,0.0,At Risk,0.6439543522648258,train
18008,Champions,United Kingdom,4.271470588235294,0.24509803921568626,76.76470588235294,77,0.0,632,0.0,Champions,0.7201262075771644,train
18009,Loyal Customers,United Kingdom,3.9970718232044202,0.022099447513812154,3.6077348066298343,145,0.0,417,0.42857142857142855,Champions,0.5652734931650972,train
18010,At Risk,United Kingdom,5.014285714285714,0.07142857142857142,4.285714285714286,14,0.0,0,0.0,Hibernating or Lost,0.8053437570891684,train
18011,At Risk,United Kingdom,3.6980645161290324,0.021505376344086023,2.129032258064516,63,0.0,194,0.0,At Risk,0.6313688337125513,train
18012,At Risk,United Kingdom,6.810769230769231,0.15384615384615385,4.846153846153846,13,0.0,0,0.0,Hibernating or Lost,0.643709969611338,train
18013,At Risk,United Kingdom,1.1703225806451614,0.16129032258064516,9.193548387096774,31,0.0,0,0.0,At Risk,0.8369925355788373,train
18014,At Risk,United Kingdom,2.930625,0.03125,2.125,29,0.0,0,0.0,At Risk,0.6490496539052968,train
18015,Loyal Customers,United Kingdom,1.2758695652173913,0.06521739130434782,3.4130434782608696,46,0.0,0,0.0,At Risk,0.6439543522648258,train
18016,Champions,United Kingdom,3.3765882352941174,0.11764705882352941,7.1117647058823525,115,0.0,648,0.0,Champions,0.9708814921492195,train
18017,Loyal Customers,United Kingdom,1.72,1.0,100.0,1,0.0,350,0.0,Loyal Customers,0.5664796629088443,train
18018,At Risk,United Kingdom,3.375,0.09090909090909091,4.2272727272727275,43,0.0,312,0.2,Loyal Customers,0.8147575780237977,train
18019,At Risk,United Kingdom,5.71,0.0,1.4,5,0.0,0,0.0,Hibernating or Lost,0.8053437570891684,train
18020,At Risk,United Kingdom,4.866666666666666,0.25,5.583333333333333,12,0.0,0,0.5,At Risk,0.6665546487152877,train
18021,At Risk,United Kingdom,2.7818181818181817,0.18181818181818182,5.121212121212121,32,0.5151515151515151,2,0.0,At Risk,0.6633805171544711,train
18022,Loyal Customers,United Kingdom,1.9572782258064518,0.04838709677419355,2.8024193548387095,306,0.0,510,0.0,Champions,0.9527062675286382,train
18024,At Risk,United Kingdom,2.5828571428571427,0.14285714285714285,8.761904761904763,21,1.0,0,0.3333333333333333,At Risk,0.5299748897640435,test
18025,Loyal Customers,United Kingdom,1.9142857142857144,0.25,9.401785714285714,83,0.0,239,0.0,Loyal Customers,0.9011724327482624,train
18026,At Risk,United Kingdom,5.149411764705882,0.5294117647058824,31.176470588235293,12,0.0,4,0.0,Hibernating or Lost,0.5157906567635884,train
18027,At Risk,United Kingdom,2.7923809523809524,0.09523809523809523,3.7142857142857144,21,0.0,0,0.0,At Risk,0.6490496539052968,train
18028,At Risk,United Kingdom,2.75,0.75,33.25,4,0.0,0,0.0,Hibernating or Lost,0.6138854892987397,test
18029,At Risk,United Kingdom,1.738888888888889,0.5555555555555556,14.055555555555555,18,1.0,0,0.0,At Risk,0.5058633454363346,test
18030,Loyal Customers,United Kingdom,6.705555555555555,0.3333333333333333,7.444444444444445,8,0.0,38,0.3333333333333333,At Risk,0.7763403132456486,test
18031,At Risk,United Kingdom,1.8364615384615386,0.15384615384615385,4.615384615384615,49,0.0,0,0.0,At Risk,0.6725901368358399,test
18032,At Risk,United Kingdom,1.8699999999999999,0.4,8.4,5,1.0,0,0.0,At Risk,0.5288763440678343,train
18033,At Risk,United Kingdom,1.8658823529411763,0.11764705882352941,7.4411764705882355,32,0.0,0,0.0,At Risk,0.7406935537148845,train
18034,Loyal Customers,United Kingdom,1.5161777777777776,0.10222222222222223,4.408888888888889,182,0.0,353,0.0,Loyal Customers,0.5111718900434721,train
18035,Loyal Customers,United Kingdom,2.2773770491803282,0.4426229508196721,19.0327868852459,52,0.0,349,0.0,Loyal Customers,0.8675653219986909,test
18036,Champions,United Kingdom,2.5594277108433734,0.030120481927710843,2.253012048192771,221,0.0,689,0.0,Champions,0.9701483488954694,train
18037,Loyal Customers,United Kingdom,4.652121212121211,0.0,1.121212121212121,31,0.21212121212121213,583,0.0,Loyal Customers,0.6497637816833539,train
18038,At Risk,United Kingdom,2.5025,0.03125,2.65625,25,0.0,0,0.0,At Risk,0.6490496539052968,test
18039,Loyal Customers,United Kingdom,2.1161309523809524,0.047619047619047616,3.392857142857143,137,0.26785714285714285,266,0.0,Champions,0.5190670437087724,train
18040,Loyal Customers,United Kingdom,3.0710526315789473,0.21052631578947367,7.7894736842105265,18,0.3684210526315789,226,0.0,Loyal Customers,0.828707928785141,train
18041,Champions,United Kingdom,2.054239583333333,0.21666666666666667,8.186458333333333,464,0.08020833333333334,683,0.05,Champions,0.9624997762593833,train
18042,At Risk,United Kingdom,4.2875,0.0625,4.3125,13,0.0,488,0.0,At Risk,0.5070415825578277,train
18043,Loyal Customers,United Kingdom,2.906096256684492,0.0481283422459893,2.427807486631016,106,0.0,342,0.0,Champions,0.5998457545140751,train
18044,Champions,United Kingdom,4.21635,0.365,7.99,128,0.07,555,0.05263157894736842,Champions,0.9655486081780054,train
18045,At Risk,United Kingdom,2.606808510638298,0.10638297872340426,3.021276595744681,43,0.0,0,0.0,At Risk,0.6490496539052968,test
18046,At Risk,United Kingdom,6.181923076923078,0.038461538461538464,1.6923076923076923,26,1.0,0,0.0,At Risk,0.699121992610056,test
18047,At Risk,United Kingdom,2.8004545454545453,0.0,1.5681818181818181,74,0.0,0,0.0,At Risk,0.5782410539002637,train
18048,Loyal Customers,United Kingdom,2.547049180327869,0.08196721311475409,4.229508196721311,56,0.0,290,0.0,Loyal Customers,0.892106178311767,train
18049,At Risk,United Kingdom,2.3154736842105264,0.15789473684210525,4.473684210526316,82,0.0,153,0.0,At Risk,0.5708271197161457,test
18050,At Risk,United Kingdom,3.179130434782609,0.391304347826087,10.869565217391305,22,0.0,33,0.0,At Risk,0.8368435692463948,train
18051,Loyal Customers,United Kingdom,1.962,0.7818181818181819,30.2,41,0.14545454545454545,96,0.125,At Risk,0.7850858886768727,train
18052,Loyal Customers,United Kingdom,0.65625,1.0,1110.375,16,0.0,0,0.0,Hibernating or Lost,0.6625839037072621,train
18053,Loyal Customers,United Kingdom,2.2190625,0.6875,12.78125,29,0.0,456,0.5,Loyal Customers,0.8850051851691695,train
18054,At Risk,United Kingdom,2.4681818181818183,0.36363636363636365,8.727272727272727,11,0.0,0,0.0,Hibernating or Lost,0.5068579629241098,train
18055,Champions,United Kingdom,4.319349315068493,0.20034246575342465,6.573630136986301,320,0.06506849315068493,406,0.06666666666666667,Champions,0.5632592984564477,train
18056,At Risk,United Kingdom,3.0766666666666667,0.6333333333333333,11.133333333333333,28,0.0,330,0.3333333333333333,Loyal Customers,0.8947151356952735,train
18057,Loyal Customers,United Kingdom,2.9737142857142858,0.15714285714285714,6.985714285714286,121,0.0,297,0.0,Champions,0.6397103353526308,test
18058,Loyal Customers,United Kingdom,1.95875,0.8125,24.625,12,0.0,657,0.0,Champions,0.5440678580703685,test
18059,Loyal Customers,United Kingdom,1.913333333333333,0.7777777777777778,14.333333333333334,17,0.0,44,0.25,At Risk,0.6450182397136387,train
18060,At Risk,United Kingdom,3.1578666666666666,0.48,12.026666666666667,74,0.0,156,0.0,At Risk,0.5118624674150901,train
18061,Champions,United Kingdom,3.8565625,0.5703125,28.1796875,30,0.0546875,713,0.034482758620689655,Loyal Customers,0.4927414628222195,train
18062,Loyal Customers,United Kingdom,3.7085185185185185,0.5740740740740741,15.38888888888889,46,0.12962962962962962,424,0.3333333333333333,Loyal Customers,0.8002112268313241,test
18063,At Risk,United Kingdom,3.766666666666667,1.0,16.0,2,0.6666666666666666,242,0.0,Loyal Customers,0.8087750311352183,test
18064,Champions,United Kingdom,2.1764615384615382,0.8923076923076924,41.676923076923075,53,0.4307692307692308,543,0.26666666666666666,Champions,0.7850900537360093,train
18065,Champions,United Kingdom,4.541387096774193,0.26129032258064516,7.306451612903226,193,0.16129032258064516,724,0.09375,Champions,0.9655486081780054,test
18066,Loyal Customers,United Kingdom,3.924905660377358,0.33962264150943394,10.09433962264151,37,0.18867924528301888,340,0.0,Loyal Customers,0.920207770356721,test
18067,Loyal Customers,United Kingdom,2.8329729729729727,0.1891891891891892,5.108108108108108,36,1.0,0,0.0,At Risk,0.6633805171544711,train
18068,At Risk,United Kingdom,16.95,0.0,6.0,1,0.0,0,0.0,Hibernating or Lost,0.6896963609762642,test
18069,Champions,United Kingdom,2.172414829659319,0.0811623246492986,3.2334669338677355,602,0.6042084168336673,622,0.15384615384615385,Champions,0.9588644593642219,train
18070,At Risk,United Kingdom,3.822222222222222,0.4444444444444444,9.555555555555555,9,0.0,0,0.5,At Risk,0.8209144918055121,train
18071,Loyal Customers,United Kingdom,2.9457647058823526,0.49411764705882355,9.823529411764707,52,0.29411764705882354,477,0.0,Loyal Customers,0.841294887011656,train
18072,At Risk,United Kingdom,0.885,1.0,16.0,18,0.0,0,0.5,At Risk,0.6450182397136387,train
18073,Champions,United Kingdom,3.834931506849315,0.6027397260273972,42.57534246575342,23,0.0,82,0.07692307692307693,At Risk,0.8264427958453531,train
18074,Loyal Customers,United Kingdom,4.618214285714286,0.26785714285714285,9.839285714285714,37,0.0,131,0.0,At Risk,0.867997490985079,train
18075,Champions,United Kingdom,3.4484829721362225,0.4891640866873065,10.157894736842104,180,0.0,475,0.3548387096774194,Champions,0.7563025540221495,train
18076,At Risk,United Kingdom,2.345,0.375,20.5,8,0.0,0,0.0,Hibernating or Lost,0.5286258793910906,train
18077,Champions,United Kingdom,1.706657824933687,0.23076923076923078,8.575596816976127,141,0.4535809018567639,724,0.0,Champions,0.9674022571261007,train
18078,Loyal Customers,United Kingdom,2.845584415584416,0.2077922077922078,5.597402597402597,65,0.6233766233766234,410,0.0,Loyal Customers,0.8857152397540498,train
18079,Champions,United Kingdom,0.8999285714285714,0.8285714285714286,62.964285714285715,107,0.0,446,0.0,Champions,0.6510498014533858,train
18080,Loyal Customers,United Kingdom,1.9,1.0,321.0,2,0.0,223,0.0,Loyal Customers,0.5664796629088443,test
18081,Loyal Customers,United Kingdom,3.84,0.29411764705882354,11.470588235294118,14,0.0,97,0.0,At Risk,0.6554986189036304,test
18082,Loyal Customers,United Kingdom,2.153972602739726,0.2465753424657534,8.506849315068493,62,0.0,0,0.0,At Risk,0.6855707981666673,train
18083,At Risk,United Kingdom,3.5071428571428576,0.07142857142857142,6.428571428571429,36,1.0,0,0.0,At Risk,0.7269125882740176,train
18084,Loyal Customers,United Kingdom,3.7175000000000002,0.375,95.125,7,0.625,372,0.4,Loyal Customers,0.831118296094846,train
18085,Loyal Customers,United Kingdom,3.166901408450704,0.30985915492957744,8.23943661971831,42,0.18309859154929578,298,0.0,Loyal Customers,0.9243243451415237,train
18086,At Risk,United Kingdom,1.48,0.5714285714285714,15.142857142857142,7,0.0,0,0.0,Hibernating or Lost,0.5817565378872296,train
18087,Champions,United Kingdom,12.753181818181817,0.7613636363636364,88.35227272727273,44,0.0,640,0.19047619047619047,Loyal Customers,0.5117084177292769,train
18088,At Risk,United Kingdom,2.0935897435897437,0.10256410256410256,2.7948717948717947,35,1.0,0,0.0,At Risk,0.6592528257403111,train
18089,At Risk,United Kingdom,7.779999999999999,0.3,9.5,9,1.0,0,0.0,At Risk,0.596955181781055,train
18090,At Risk,United Kingdom,1.6986666666666668,0.06666666666666667,5.35,47,0.0,0,0.0,At Risk,0.6439543522648258,train
18091,At Risk,United Kingdom,1.678,0.72,21.56,25,1.0,0,0.0,At Risk,0.7229983112036833,train
18092,Champions,United Kingdom,3.3655999999999997,0.94,58.86666666666667,42,0.0,733,0.1,Champions,0.5446525159049881,train
18093,Champions,United Kingdom,1.8049180327868852,0.9836065573770492,56.21311475409836,43,0.0,525,0.1111111111111111,Loyal Customers,0.5329303934415414,test
18094,Champions,United Kingdom,2.5023809523809524,0.8571428571428571,33.04761904761905,55,0.2698412698412698,619,0.13333333333333333,Champions,0.8215816425074736,train
18095,Loyal Customers,United Kingdom,2.3583333333333334,0.7708333333333334,33.8125,37,0.0,286,0.0,Loyal Customers,0.8468870886107716,train
18096,Champions,United Kingdom,2.2968949771689497,0.07534246575342465,3.3858447488584473,299,0.0,501,0.0,Champions,0.5998457545140751,train
18097,Champions,United Kingdom,2.915,0.6455696202531646,17.341772151898734,86,0.0759493670886076,715,0.21428571428571427,Champions,0.7990968564501582,test
18098,At Risk,United Kingdom,3.5395454545454546,0.03409090909090909,2.465909090909091,85,0.0,0,0.0,At Risk,0.6313688337125513,train
18099,At Risk,United Kingdom,2.1389473684210527,0.42105263157894735,7.842105263157895,19,0.0,0,0.0,At Risk,0.8273098065720371,test
18100,At Risk,United Kingdom,2.0776666666666666,0.7666666666666667,14.666666666666666,30,0.0,0,0.0,At Risk,0.7850858886768727,test
18101,Loyal Customers,United Kingdom,2.9066964285714287,0.008928571428571428,2.232142857142857,89,0.0,662,0.0,Champions,0.6640405193033903,train
18102,Champions,United Kingdom,3.903931947069943,0.9678638941398866,178.01512287334594,382,0.01606805293005671,738,0.05228758169934641,Champions,0.9778880687222996,test
18103,At Risk,United Kingdom,4.8549999999999995,0.0,2.3,10,0.0,0,0.0,Hibernating or Lost,0.8053437570891684,train
18104,Loyal Customers,United Kingdom,3.758947368421053,0.5263157894736842,9.526315789473685,38,0.0,0,0.0,At Risk,0.8368435692463948,train
18105,At Risk,United Kingdom,2.232222222222222,0.1111111111111111,2.5555555555555554,18,0.0,0,0.0,Hibernating or Lost,0.843854912113596,train
18106,Loyal Customers,United Kingdom,3.17265306122449,0.030612244897959183,2.6122448979591835,126,0.18877551020408162,364,0.0,Champions,0.6179814692796378,train
18107,At Risk,United Kingdom,3.2310256410256413,0.02564102564102564,1.6923076923076923,38,0.0,0,0.0,At Risk,0.7386192680994106,train
18108,Loyal Customers,United Kingdom,4.654893617021276,0.14893617021276595,5.553191489361702,43,0.0,483,0.25,Loyal Customers,0.8714217746165273,train
18109,Champions,United Kingdom,4.462886904761905,0.050595238095238096,7.269345238095238,203,0.23660714285714285,524,0.15555555555555556,Champions,0.9656490997555821,train
18110,Loyal Customers,United Kingdom,2.503214285714286,0.023809523809523808,2.2142857142857144,58,1.0,391,0.3333333333333333,Loyal Customers,0.877263076698941,train
18111,At Risk,United Kingdom,4.8351851851851855,0.48148148148148145,8.592592592592593,27,0.0,0,0.5,At Risk,0.8477102616006096,train
18112,Loyal Customers,United Kingdom,3.6514285714285712,0.14285714285714285,7.095238095238095,59,1.0,539,0.0,Champions,0.7305682095249739,train
18113,At Risk,United Kingdom,1.06,1.0,72.0,1,0.0,0,0.0,Hibernating or Lost,0.6625839037072621,train
18114,At Risk,United Kingdom,5.533928571428571,0.03571428571428571,1.9642857142857142,28,0.0,0,0.0,At Risk,0.6790364749681377,train
18115,At Risk,United Kingdom,3.233333333333334,0.0,1.0,3,0.0,0,0.0,Hibernating or Lost,0.7305408822328047,train
18116,Champions,United Kingdom,2.505348432055749,0.024390243902439025,2.231707317073171,311,0.3780487804878049,343,0.0,Champions,0.6352384448555851,train
18117,Loyal Customers,United Kingdom,1.2141891891891892,0.21621621621621623,8.35135135135135,68,0.0,0,0.0,At Risk,0.6855707981666673,train
18118,Champions,United Kingdom,2.4948212005108554,0.015964240102171137,2.181992337164751,444,0.21966794380587484,370,0.17142857142857143,Champions,0.6352384448555851,train
18119,At Risk,United Kingdom,2.7823333333333333,0.1,4.166666666666667,29,0.0,0,0.0,At Risk,0.6490496539052968,train
18120,At Risk,United Kingdom,4.0323529411764705,0.0,1.8235294117647058,17,0.0,0,0.0,Hibernating or Lost,0.8053437570891684,test
18121,At Risk,United Kingdom,1.865,0.625,14.0625,28,0.0,5,0.0,At Risk,0.7850858886768727,train
18122,Champions,United Kingdom,2.3395054945054947,0.03571428571428571,3.39010989010989,239,0.17857142857142858,142,0.0,Loyal Customers,0.4790925992139787,train
18123,Loyal Customers,United Kingdom,2.3244067796610173,0.2542372881355932,10.661016949152541,53,0.0,489,0.0,Loyal Customers,0.8644877565292982,train
18124,At Risk,United Kingdom,2.6125000000000003,0.0,2.125,20,0.0,0,0.0,At Risk,0.6490496539052968,train
18125,Loyal Customers,United Kingdom,2.225459183673469,0.08673469387755102,4.1020408163265305,164,0.23979591836734693,286,0.2,Champions,0.5190670437087724,train
18126,At Risk,United Kingdom,1.9507142857142856,0.017857142857142856,2.5714285714285716,52,0.0,0,0.0,At Risk,0.6439543522648258,test
18127,Loyal Customers,United Kingdom,3.3904347826086956,0.043478260869565216,3.652173913043478,56,0.5652173913043478,384,0.0,Loyal Customers,0.9026307242250012,test
18128,At Risk,United Kingdom,2.628222222222222,0.06666666666666667,4.911111111111111,42,1.0,0,0.0,At Risk,0.6311892606008653,train
18129,At Risk,United Kingdom,2.9250000000000003,0.07142857142857142,3.4285714285714284,13,1.0,0,0.0,Hibernating or Lost,0.7177820084488415,train
18130,Champions,United Kingdom,2.3695714285714287,0.5857142857142857,11.771428571428572,58,0.0,41,0.25,Loyal Customers,0.582723089764544,train
18131,At Risk,United Kingdom,1.0075,1.0,138.0,4,0.0,0,0.0,Hibernating or Lost,0.6625839037072621,train
18132,At Risk,United Kingdom,2.0031818181818184,0.10606060606060606,3.272727272727273,60,0.0,0,0.0,At Risk,0.6439543522648258,train
18133,Loyal Customers,United Kingdom,0.69,1.0,1350.0,1,0.0,0,0.5,At Risk,0.6450182397136387,train
18134,At Risk,United Kingdom,4.917857142857143,0.07142857142857142,4.571428571428571,27,0.0,96,0.0,At Risk,0.6790364749681377,train
18135,Champions,United Kingdom,2.467837837837838,0.40540540540540543,20.35135135135135,23,0.0,605,0.23076923076923078,Champions,0.6481210309149903,train
18136,Loyal Customers,United Kingdom,3.0534090909090907,0.4659090909090909,9.772727272727273,77,0.0,387,0.4444444444444444,Loyal Customers,0.834887252573607,test
18137,At Risk,United Kingdom,3.51448275862069,0.034482758620689655,2.0344827586206895,26,1.0,0,0.0,At Risk,0.6949360266619181,train
18138,At Risk,United Kingdom,6.25625,0.25,4.75,8,0.0,0,0.0,Hibernating or Lost,0.643709969611338,test
18139,Champions,United Kingdom,1.5092452830188678,1.0,34.9496855345912,35,0.0,0,0.25,At Risk,0.833833798195812,train
18140,At Risk,Other,2.2735185185185185,0.18518518518518517,7.314814814814815,49,0.0,0,0.0,At Risk,0.7337587010079807,train
18141,At Risk,United Kingdom,2.971190476190476,0.5,10.30952380952381,38,0.0,187,0.5,At Risk,0.7574184472245591,train
18142,Loyal Customers,United Kingdom,1.53,0.8666666666666667,85.06666666666666,9,0.6,58,0.5,At Risk,0.6775264282052322,test
18143,Loyal Customers,United Kingdom,2.728360655737705,0.3114754098360656,9.344262295081966,59,0.0,25,0.0,At Risk,0.5703677493858214,train
18144,Champions,United Kingdom,4.15080459770115,0.6896551724137931,25.735632183908045,51,0.0,715,0.0,Champions,0.7287753732365004,train
18145,Champions,United Kingdom,1.88079012345679,0.4765432098765432,12.609876543209877,250,0.20246913580246914,718,0.08333333333333333,Champions,0.9758437505640594,train
18146,At Risk,United Kingdom,1.95,0.6,15.3,10,0.0,79,0.0,Hibernating or Lost,0.6625839037072621,train
18147,At Risk,United Kingdom,1.2971428571428572,0.8571428571428571,29.0,7,0.0,62,0.0,Hibernating or Lost,0.6625839037072621,train
18148,At Risk,United Kingdom,2.578181818181818,0.09090909090909091,5.818181818181818,9,0.0,0,0.0,Hibernating or Lost,0.7025009347304892,train
18149,Champions,United Kingdom,2.4428125,0.3229166666666667,9.5625,54,0.8854166666666666,584,0.0,Champions,0.7762581189020047,train
18150,Loyal Customers,United Kingdom,2.3235135135135137,0.4864864864864865,8.972972972972974,29,0.3783783783783784,169,0.0,At Risk,0.644143173128623,test
18151,Loyal Customers,United Kingdom,3.6666037735849057,0.33962264150943394,9.30188679245283,99,0.009433962264150943,511,0.14285714285714285,Champions,0.7006175932698865,train
18152,At Risk,United Kingdom,7.1579999999999995,0.3,7.5,10,0.0,0,0.0,At Risk,0.4984835712030462,test
18153,At Risk,United Kingdom,1.3964705882352941,0.6470588235294118,11.764705882352942,17,0.0,0,0.0,Hibernating or Lost,0.5750626267462317,train
18154,Champions,United Kingdom,2.2382978723404254,0.7021276595744681,13.319148936170214,34,0.10638297872340426,487,0.0,Loyal Customers,0.8172136850955773,test
18155,Loyal Customers,United Kingdom,2.4703999999999997,0.52,10.64,19,0.24,216,0.25,Loyal Customers,0.9176412909180303,train
18156,Loyal Customers,United Kingdom,2.9949743589743587,0.020512820512820513,1.917948717948718,100,1.0,356,0.0,Loyal Customers,0.9026307242250012,train
18157,At Risk,United Kingdom,3.5761538461538462,0.15384615384615385,5.615384615384615,25,0.0,0,0.0,At Risk,0.8232792371331008,train
18158,Loyal Customers,United Kingdom,1.2944117647058824,0.23529411764705882,10.411764705882353,24,0.0,79,0.3333333333333333,At Risk,0.8380687881594736,test
18159,At Risk,United Kingdom,5.004347826086956,0.043478260869565216,6.043478260869565,23,0.0,0,0.0,At Risk,0.7825402931728277,train
18160,Loyal Customers,United Kingdom,3.336,0.4,7.984615384615385,56,0.0,328,0.0,Loyal Customers,0.8729612708501394,train
18161,Champions,United Kingdom,3.5248387096774194,0.41935483870967744,10.376344086021506,57,0.0,364,0.14285714285714285,Loyal Customers,0.8583389205544516,test
18162,At Risk,United Kingdom,1.8851063829787233,0.1276595744680851,7.127659574468085,45,0.0,0,0.0,At Risk,0.688820124992861,train
18163,At Risk,United Kingdom,3.770606060606061,0.48484848484848486,13.696969696969697,33,0.0,0,0.5,At Risk,0.7574184472245591,test
18164,Loyal Customers,United Kingdom,4.207083333333333,0.20833333333333334,7.666666666666667,24,0.0,0,0.5,At Risk,0.8657381856703236,test
18165,At Risk,United Kingdom,1.238,0.9,25.4,10,0.0,0,0.0,Hibernating or Lost,0.6625839037072621,train
18166,At Risk,United Kingdom,2.38,0.5,9.0,10,0.0,0,0.0,Hibernating or Lost,0.5096815370698696,train
18167,Champions,United Kingdom,3.788648648648649,0.7027027027027027,10.324324324324325,24,0.0,82,0.5,At Risk,0.7944880376073643,train
18168,Champions,United Kingdom,2.925445544554455,0.09653465346534654,5.388613861386139,209,0.08415841584158416,560,0.2727272727272727,Champions,0.9765065129176332,train
18169,At Risk,United Kingdom,3.688888888888889,0.2222222222222222,6.777777777777778,9,0.0,0,0.0,At Risk,0.5947845570931846,test
18170,Champions,United Kingdom,4.575396825396825,0.25396825396825395,9.396825396825397,59,0.06349206349206349,667,0.0,Champions,0.6298972710469025,train
18171,Champions,United Kingdom,5.608586956521739,0.3695652173913043,10.771739130434783,76,0.0,644,0.18181818181818182,Champions,0.6990749762353027,train
18172,Champions,United Kingdom,3.7963025210084034,0.6008403361344538,15.573529411764707,176,0.0861344537815126,714,0.1746031746031746,Champions,0.9837839865153755,train
18173,Champions,United Kingdom,2.766888888888889,0.8,38.44444444444444,34,0.0,526,0.0,Champions,0.5637379403477663,train
18174,Loyal Customers,United Kingdom,2.015,1.0,40.0,1,0.0,596,0.0,Champions,0.5440678580703685,train
18175,At Risk,United Kingdom,4.45,0.5714285714285714,10.0,7,0.0,0,0.0,At Risk,0.5615387263657337,test
18176,At Risk,United Kingdom,2.6816666666666666,0.5333333333333333,9.433333333333334,30,0.0,0,0.5,At Risk,0.7656913129644451,train
18177,Champions,United Kingdom,1.8587,0.27,12.39,66,0.09,692,0.1,Champions,0.6498577286240101,test
18178,Champions,United Kingdom,2.5978285714285714,0.4085714285714286,11.0,204,0.12,530,0.26666666666666666,Champions,0.9863078406293203,test
18179,Champions,United Kingdom,2.7539449541284404,0.43119266055045874,16.61467889908257,101,0.1651376146788991,654,0.0,Champions,0.813553925890134,train
18180,Champions,United Kingdom,2.080840336134454,0.5714285714285714,14.46218487394958,108,0.0,137,0.0,Champions,0.3886044776691381,train
18181,Champions,United Kingdom,3.0978571428571433,0.04395604395604396,2.879120879120879,139,0.0,710,0.2857142857142857,Champions,0.9747582747155219,train
18182,At Risk,United Kingdom,2.298,0.9,16.7,10,0.0,0,0.0,Hibernating or Lost,0.6138854892987397,train
18183,At Risk,United Kingdom,3.5043243243243243,0.3783783783783784,10.027027027027026,36,0.0,47,0.6666666666666666,At Risk,0.7574184472245591,train
18184,Loyal Customers,United Kingdom,0.83,1.0,60.0,1,0.0,0,0.0,Hibernating or Lost,0.6625839037072621,test
18185,At Risk,United Kingdom,3.626470588235294,0.47058823529411764,10.764705882352942,17,0.0,0,0.0,At Risk,0.6489482792953484,train
18186,At Risk,United Kingdom,2.1836363636363636,0.7272727272727273,30.727272727272727,11,0.0,0,0.0,Hibernating or Lost,0.6625839037072621,train
18187,At Risk,United Kingdom,4.726041666666666,0.10416666666666667,6.458333333333333,48,0.0,0,0.6666666666666666,At Risk,0.5978938068969427,train
18188,Champions,United Kingdom,2.4653383458646614,0.5714285714285714,14.19548872180451,95,0.0,608,0.25,Champions,0.8481344137621092,test
18189,Loyal Customers,United Kingdom,2.988837209302326,0.5,9.720930232558139,79,0.0,548,0.4,Champions,0.8033193951936685,train
18190,Loyal Customers,United Kingdom,2.8666666666666667,0.4523809523809524,11.666666666666666,34,0.0,525,0.16666666666666666,Champions,0.528992351827265,train
18191,At Risk,United Kingdom,2.9766666666666666,0.8,22.133333333333333,15,0.0,215,0.0,Loyal Customers,0.6423924882473523,train
18192,Loyal Customers,United Kingdom,4.007333333333333,0.13333333333333333,7.533333333333333,45,0.0,0,0.0,At Risk,0.7097024010513855,train
18193,Loyal Customers,United Kingdom,2.7832857142857144,0.5428571428571428,13.228571428571428,66,0.0,277,0.4,Loyal Customers,0.8255364234234961,train
18194,Champions,United Kingdom,3.3514285714285714,0.8928571428571429,63.357142857142854,23,0.25,597,0.14285714285714285,Champions,0.5855976598596897,train
18195,At Risk,United Kingdom,2.418,0.2,12.0,5,0.0,0,0.0,At Risk,0.5442529912069115,test
18196,Loyal Customers,United Kingdom,2.1205338078291813,0.1103202846975089,3.7259786476868326,210,0.0,537,0.0,Champions,0.9527062675286382,train
18197,At Risk,United Kingdom,1.9166666666666667,0.6666666666666666,18.444444444444443,9,0.0,0,0.5,At Risk,0.6450182397136387,train
18198,Champions,United Kingdom,2.3962893081761005,0.610062893081761,25.62264150943396,81,0.012578616352201259,332,0.19047619047619047,Loyal Customers,0.8298543882955799,train
18199,At Risk,United Kingdom,5.035,0.05,4.95,20,0.0,0,0.5,At Risk,0.8306671323565687,train
18200,At Risk,United Kingdom,1.9684375,0.0625,3.46875,29,0.0,0,0.0,At Risk,0.622888518232414,train
18201,At Risk,United Kingdom,4.629259259259259,0.2962962962962963,7.074074074074074,27,0.0,0,0.0,At Risk,0.8607784496184314,train
18202,Loyal Customers,United Kingdom,4.052058823529412,0.39705882352941174,8.544117647058824,55,0.0,111,0.0,At Risk,0.664130641289642,train
18203,Loyal Customers,United Kingdom,5.1851666666666665,0.0,1.8833333333333333,40,0.0,573,0.0,Loyal Customers,0.6551863928908079,train
18204,Loyal Customers,United Kingdom,2.5493,0.23,6.0,159,0.0,121,0.25,Champions,0.5022065097209275,train
18205,Loyal Customers,United Kingdom,4.58,0.21875,6.0,30,0.0,38,0.0,At Risk,0.8607784496184314,train
18206,At Risk,United Kingdom,1.4352631578947368,0.6842105263157895,12.947368421052632,19,0.0,0,0.0,At Risk,0.8233358072462033,train
18207,At Risk,United Kingdom,2.9419354838709677,0.4838709677419355,10.483870967741936,31,0.0,0,0.6666666666666666,At Risk,0.7294524478311958,test
18208,At Risk,United Kingdom,8.346470588235293,0.17647058823529413,4.823529411764706,17,1.0,0,0.0,Hibernating or Lost,0.5153736833219555,train
18209,At Risk,United Kingdom,3.24375,0.375,7.25,8,0.0,0,0.0,At Risk,0.5888990040447544,train
18210,Champions,United Kingdom,3.5233333333333334,0.4583333333333333,10.409722222222221,116,0.0,381,0.0,Champions,0.7078234355232489,train
18211,Loyal Customers,United Kingdom,2.451904761904762,0.47619047619047616,8.547619047619047,37,0.19047619047619047,252,0.0,Loyal Customers,0.9247056647406705,train
18212,At Risk,United Kingdom,3.546,0.05454545454545454,3.036363636363636,40,0.21818181818181817,351,0.0,Loyal Customers,0.920203501270101,test
18213,At Risk,United Kingdom,1.5013333333333334,0.8666666666666667,15.466666666666667,15,1.0,0,0.0,Hibernating or Lost,0.5338464198620827,train
18214,Loyal Customers,United Kingdom,3.1232758620689656,0.20689655172413793,17.051724137931036,38,0.05172413793103448,23,0.2,At Risk,0.8423990288631369,train
18215,Loyal Customers,United Kingdom,2.9401111111111113,0.6333333333333333,12.7,53,0.14444444444444443,534,0.16666666666666666,Champions,0.757974961478961,train
18216,Loyal Customers,United Kingdom,4.935384615384615,0.3076923076923077,7.6923076923076925,26,0.0,0,0.0,At Risk,0.8607784496184314,train
18217,Loyal Customers,United Kingdom,2.06925,0.6,18.5,33,0.0,496,0.3333333333333333,Loyal Customers,0.872381791674813,train
18218,Loyal Customers,United Kingdom,1.7346153846153847,0.6410256410256411,27.58974358974359,25,0.0,448,0.3333333333333333,Loyal Customers,0.872381791674813,train
18219,Champions,United Kingdom,3.8641379310344828,0.32019704433497537,8.142857142857142,87,0.0,729,0.10526315789473684,Champions,0.6298972710469025,train
18220,Loyal Customers,United Kingdom,3.4712,0.68,54.08,17,0.0,497,0.45454545454545453,Loyal Customers,0.7455985857873361,train
18221,Champions,United Kingdom,2.6861904761904762,0.5833333333333334,11.904761904761905,71,0.23809523809523808,367,0.25,Loyal Customers,0.8212183262158431,train
18222,Loyal Customers,United Kingdom,3.2557894736842106,0.7368421052631579,17.63157894736842,19,0.0,0,0.0,At Risk,0.8264427958453531,train
18223,Champions,United Kingdom,3.2039756944444444,0.4722222222222222,11.534722222222221,192,0.03993055555555555,730,0.5,Champions,0.9852790493222477,train
18224,At Risk,United Kingdom,3.06,0.3,6.9,10,0.0,0,0.0,At Risk,0.5947845570931846,train
18225,Champions,United Kingdom,2.7235924006908463,0.46286701208981,12.614853195164075,266,0.03626943005181347,731,0.23529411764705882,Champions,0.9863078406293203,test
18226,Champions,United Kingdom,2.8264393939393937,0.5587121212121212,14.929924242424242,299,0.14393939393939395,600,0.3157894736842105,Champions,0.989190349816269,train
18227,At Risk,United Kingdom,56.375,0.16666666666666666,3.6666666666666665,6,0.0,266,0.3333333333333333,Loyal Customers,0.6900946293900346,train
18228,Loyal Customers,United Kingdom,3.9876666666666667,0.3,7.933333333333334,23,0.0,22,0.3333333333333333,At Risk,0.8657381856703236,train
18229,Champions,United Kingdom,4.9656398104265405,0.46919431279620855,15.085308056872037,73,0.14691943127962084,724,0.0,Champions,0.746840226620947,train
18230,Champions,United Kingdom,2.255857142857143,0.8571428571428571,14.257142857142858,42,0.07142857142857142,516,0.25,Champions,0.5074491796822121,train
18231,Champions,United Kingdom,4.073350649350649,0.17922077922077922,7.592207792207792,218,0.15324675324675324,506,0.06666666666666667,Champions,0.9655486081780054,train
18232,Loyal Customers,United Kingdom,3.724864864864865,0.35135135135135137,8.162162162162161,31,0.0,115,0.2,At Risk,0.8596366604048866,test
18233,At Risk,United Kingdom,110.0,0.0,4.0,1,0.0,0,0.0,Hibernating or Lost,0.8053437570891684,train
18234,At Risk,United Kingdom,2.3583333333333334,0.0,2.6666666666666665,30,1.0,0,0.0,At Risk,0.6311892606008653,test
18235,Loyal Customers,United Kingdom,2.1464423076923076,0.6634615384615384,15.173076923076923,100,0.0,145,0.0,At Risk,0.6502418834660041,train
18236,Champions,United Kingdom,4.057346938775511,0.25510204081632654,7.1020408163265305,80,0.10204081632653061,573,0.0,Champions,0.6298972710469025,train
18237,Champions,United Kingdom,2.957704918032787,0.5737704918032787,10.19672131147541,40,0.0,131,0.0,At Risk,0.8368435692463948,train
18238,At Risk,United Kingdom,2.8957142857142855,0.2857142857142857,8.142857142857142,14,0.0,0,0.0,Hibernating or Lost,0.5068579629241098,train
18239,Loyal Customers,United Kingdom,3.1386399999999997,0.432,8.416,85,0.0,204,0.0,At Risk,0.5661490446217736,train
18240,Loyal Customers,United Kingdom,3.9283333333333332,0.6666666666666666,21.0,6,0.0,0,0.0,Hibernating or Lost,0.6005744235979578,test
18241,Champions,United Kingdom,3.2027672955974844,0.3836477987421384,9.251572327044025,101,0.0,608,0.08695652173913043,Champions,0.7284305270877194,test
18242,Champions,United Kingdom,2.6304285714285713,0.65,14.435714285714285,113,0.0,625,0.0,Champions,0.984917761558242,test
18243,At Risk,United Kingdom,3.1588461538461536,0.38461538461538464,8.5,26,0.0,0,0.0,At Risk,0.8456920669792868,train
18244,At Risk,United Kingdom,1.4942105263157894,0.631578947368421,45.05263157894737,19,0.15789473684210525,72,0.0,At Risk,0.7850858886768727,train
18245,Champions,United Kingdom,2.3122052401746727,0.5698689956331878,11.131004366812228,336,0.13973799126637554,633,0.13043478260869565,Champions,0.9825654733277243,train
18246,Loyal Customers,United Kingdom,4.446,0.8,42.8,3,0.0,586,0.0,Champions,0.5645852273718696,train
18247,At Risk,United Kingdom,4.495675675675676,0.43243243243243246,9.054054054054054,28,0.0,216,0.5,Loyal Customers,0.8835480885453842,train
18248,At Risk,United Kingdom,4.105744680851064,0.40425531914893614,10.872340425531915,39,0.0,63,0.5,At Risk,0.8247040482208206,train
18249,Loyal Customers,United Kingdom,1.60375,0.625,16.0,8,0.0,0,0.0,Hibernating or Lost,0.6625839037072621,train
18250,At Risk,United Kingdom,3.8057142857142856,0.47619047619047616,9.476190476190476,21,0.0,0,0.5,At Risk,0.7926822479081909,test
18251,Champions,United Kingdom,1.0166666666666666,1.0,367.02777777777777,87,0.0,630,0.0,Champions,0.7110812118740526,train
18252,Champions,United Kingdom,3.35804347826087,0.13768115942028986,6.7898550724637685,125,0.0,670,0.125,Champions,0.9746517878282736,train
18253,At Risk,United Kingdom,4.604285714285715,0.42857142857142855,18.285714285714285,7,1.0,0,0.0,At Risk,0.5657645963584932,test
18254,At Risk,United Kingdom,1.546875,0.6875,11.75,16,0.0,0,0.0,Hibernating or Lost,0.5750626267462317,train
18255,At Risk,United Kingdom,1.8768421052631576,0.5789473684210527,10.578947368421053,16,0.3157894736842105,366,0.0,Loyal Customers,0.8304143916203626,train
18256,At Risk,United Kingdom,0.8240000000000001,0.9,18.0,10,0.0,0,0.5,At Risk,0.6450182397136387,train
18257,Champions,United Kingdom,3.0093478260869566,0.2318840579710145,8.583333333333334,219,0.2318840579710145,619,0.3333333333333333,Champions,0.9826879894781075,train
18258,Loyal Customers,United Kingdom,2.9537999999999998,0.64,39.62,30,0.44,108,0.25,At Risk,0.5021274585575815,train
18259,Champions,United Kingdom,3.160326086956522,0.75,15.108695652173912,51,0.0,707,0.0,Champions,0.7869438186734504,train
18260,Champions,United Kingdom,4.779245742092457,0.45498783454987834,12.766423357664234,212,0.25547445255474455,551,0.28125,Champions,0.9825689476994253,train
18261,At Risk,United Kingdom,3.0828571428571427,0.3333333333333333,6.9523809523809526,19,0.0,52,0.0,At Risk,0.8596366604048866,test
18262,Loyal Customers,United Kingdom,1.5773809523809523,0.5238095238095238,13.142857142857142,40,0.0,462,0.0,Loyal Customers,0.8439112625566225,train
18263,Champions,United Kingdom,0.9595081967213115,0.9672131147540983,24.065573770491802,59,0.0,226,0.25,Loyal Customers,0.8597796442720461,train
18264,At Risk,United Kingdom,4.597222222222222,0.25,6.694444444444445,36,0.0,0,0.0,At Risk,0.8607784496184314,train
18265,Loyal Customers,United Kingdom,5.246521739130435,0.1956521739130435,6.760869565217392,44,0.0,85,0.0,At Risk,0.8607784496184314,test
18266,At Risk,United Kingdom,2.0785714285714283,0.5714285714285714,9.857142857142858,14,0.0,0,0.0,At Risk,0.4967706698319442,train
18267,At Risk,United Kingdom,2.9864705882352944,0.47058823529411764,7.9411764705882355,17,0.0,0,0.5,At Risk,0.8058706573911463,train
18268,Loyal Customers,United Kingdom,3.2395522388059703,0.43283582089552236,10.611940298507463,36,0.0,594,0.25,Champions,0.5737876528101212,train
18269,At Risk,United Kingdom,3.164285714285714,0.2857142857142857,10.857142857142858,7,0.0,0,0.5,At Risk,0.8325165703697535,train
18270,Loyal Customers,United Kingdom,2.9705882352941178,0.6470588235294118,12.294117647058824,17,0.35294117647058826,394,0.25,Loyal Customers,0.8561982323078008,train
18271,At Risk,United Kingdom,2.954285714285714,0.47619047619047616,15.19047619047619,19,0.0,121,0.0,At Risk,0.7843675251583553,test
18272,Champions,United Kingdom,2.3706194690265487,0.5663716814159292,12.743362831858407,145,0.0,642,0.18181818181818182,Champions,0.9825654733277243,train
18273,Loyal Customers,United Kingdom,2.55,1.0,35.0,1,0.25,588,0.0,Champions,0.716929932072272,train
18274,At Risk,United Kingdom,3.671818181818182,0.45454545454545453,8.0,11,0.0,0,0.5,At Risk,0.8058706573911463,train
18275,At Risk,United Kingdom,2.488947368421053,0.8421052631578947,21.94736842105263,19,0.0,152,0.0,At Risk,0.7754822360979571,train
18276,Loyal Customers,United Kingdom,2.3161702127659574,0.5638297872340425,13.25531914893617,81,0.0,685,0.4,Champions,0.8146951866859856,train
18277,Loyal Customers,United Kingdom,5.040625,0.203125,7.015625,53,0.296875,436,0.375,Loyal Customers,0.8909098317487241,train
18278,Loyal Customers,United Kingdom,3.9583333333333335,0.16666666666666666,5.833333333333333,22,0.625,330,0.0,Loyal Customers,0.9144185077397005,train
18279,At Risk,United Kingdom,0.5476923076923077,0.6923076923076923,48.46153846153846,13,0.0,0,0.0,Hibernating or Lost,0.6625839037072621,train
18280,At Risk,United Kingdom,3.955,0.26666666666666666,6.466666666666667,28,0.0,116,0.3333333333333333,At Risk,0.8657381856703236,train
18281,At Risk,United Kingdom,3.433529411764706,0.4117647058823529,8.588235294117647,17,0.4117647058823529,397,0.0,Loyal Customers,0.8360856328606505,test
18282,Loyal Customers,United Kingdom,5.199166666666667,0.16666666666666666,8.583333333333334,12,0.0,118,0.3333333333333333,At Risk,0.7763403132456486,train
18283,Champions,United Kingdom,1.7441683569979716,0.009127789046653144,1.7576064908722109,352,0.1075050709939148,654,0.0,Champions,0.9527062675286382,train
18284,At Risk,United Kingdom,3.253214285714286,0.6428571428571429,17.642857142857142,28,0.0,0,0.5,At Risk,0.7975370005868784,train
18285,At Risk,United Kingdom,8.35,0.3333333333333333,12.083333333333334,12,0.0,0,0.0,At Risk,0.567010852999173,train
18286,At Risk,United Kingdom,4.273134328358209,0.3880597014925373,9.074626865671641,67,0.0,247,0.3333333333333333,Loyal Customers,0.8835004414146665,train
18287,Champions,United Kingdom,2.2344516129032255,0.7483870967741936,19.438709677419354,120,0.1870967741935484,528,0.125,Champions,0.9790882124946177,test
